pc_time,millis,raw_adc,voltage_V,pressure_bar
2026-10-05T13:02:09.956,100,101.8,0.469,0.00
2026-10-05T13:02:10.056,200,101.5,0.467,0.00
2026-10-05T13:02:10.155,300,101.6,0.468,0.00
2026-10-05T13:02:10.255,400,101.5,0.467,0.00
2026-10-05T13:02:10.356,500,101.8,0.468,0.00
2026-10-05T13:02:10.455,600,101.6,0.468,0.00
2026-10-05T13:02:10.555,700,101.6,0.468,0.00
2026-10-05T13:02:10.656,800,101.6,0.468,0.00
2026-10-05T13:02:10.754,900,101.6,0.468,0.00
2026-10-05T13:02:10.848,1000,101.4,0.467,0.00
2026-10-05T13:02:10.942,1100,101.6,0.468,0.00
2026-10-05T13:02:11.042,1200,101.6,0.468,0.00
2026-10-05T13:02:11.142,1300,101.5,0.467,0.00
2026-10-05T13:02:11.242,1400,101.3,0.466,0.00
2026-10-05T13:02:11.343,1500,101.6,0.468,0.00
2026-10-05T13:02:11.442,1600,101.7,0.468,0.00
2026-10-05T13:02:11.542,1700,101.5,0.467,0.00
2026-10-05T13:02:11.653,1800,101.8,0.469,0.00
2026-10-05T13:02:11.754,1900,101.4,0.467,0.00
2026-10-05T13:02:11.843,2000,101.3,0.466,0.00
2026-10-05T13:02:11.941,2100,101.4,0.467,0.00
2026-10-05T13:02:12.041,2200,101.5,0.467,0.00
2026-10-05T13:02:12.141,2300,101.1,0.466,0.00
2026-10-05T13:02:12.241,2400,101.5,0.467,0.00
2026-10-05T13:02:12.354,2500,101.2,0.466,0.00
2026-10-05T13:02:12.454,2600,101.4,0.467,0.00
2026-10-05T13:02:12.541,2700,101.4,0.467,0.00
2026-10-05T13:02:12.641,2800,101.6,0.468,0.00
2026-10-05T13:02:12.741,2900,101.3,0.466,0.00
2026-10-05T13:02:12.840,3000,101.6,0.468,0.00
2026-10-05T13:02:12.940,3100,101.6,0.468,0.00
2026-10-05T13:02:13.041,3200,101.5,0.467,0.00
2026-10-05T13:02:13.141,3300,101.9,0.469,0.00
2026-10-05T13:02:13.240,3400,101.5,0.467,0.00
2026-10-05T13:02:13.341,3500,101.4,0.467,0.00
2026-10-05T13:02:13.441,3600,101.5,0.467,0.00
2026-10-05T13:02:13.541,3700,101.6,0.468,0.00
2026-10-05T13:02:13.641,3800,101.6,0.468,0.00
2026-10-05T13:02:13.740,3900,101.5,0.467,0.00
2026-10-05T13:02:13.841,4000,101.3,0.466,0.00
2026-10-05T13:02:13.940,4100,101.5,0.467,0.00
2026-10-05T13:02:14.052,4200,101.7,0.468,0.00
2026-10-05T13:02:14.140,4300,101.4,0.467,0.00
2026-10-05T13:02:14.241,4400,101.7,0.468,0.00
2026-10-05T13:02:14.340,4500,101.4,0.467,0.00
2026-10-05T13:02:14.441,4600,101.6,0.468,0.00
2026-10-05T13:02:14.538,4700,101.8,0.468,0.00
2026-10-05T13:02:14.651,4800,101.3,0.466,0.00
2026-10-05T13:02:14.741,4900,101.7,0.468,0.00
2026-10-05T13:02:14.840,5000,101.6,0.468,0.00
2026-10-05T13:02:14.941,5100,101.6,0.468,0.00
2026-10-05T13:02:15.040,5200,101.3,0.466,0.00
2026-10-05T13:02:15.142,5300,101.4,0.467,0.00
2026-10-05T13:02:15.240,5400,101.5,0.467,0.00
2026-10-05T13:02:15.339,5500,101.6,0.468,0.00
2026-10-05T13:02:15.439,5600,101.3,0.466,0.00
2026-10-05T13:02:15.540,5700,101.6,0.468,0.00
2026-10-05T13:02:15.640,5800,101.9,0.469,0.00
2026-10-05T13:02:15.739,5900,101.4,0.467,0.00
2026-10-05T13:02:15.840,6000,101.5,0.467,0.00
2026-10-05T13:02:15.946,6100,101.4,0.467,0.00
2026-10-05T13:02:16.050,6200,101.6,0.468,0.00
2026-10-05T13:02:16.140,6300,101.7,0.468,0.00
2026-10-05T13:02:16.242,6400,101.9,0.469,0.00
2026-10-05T13:02:16.338,6500,101.7,0.468,0.00
2026-10-05T13:02:16.450,6600,101.6,0.468,0.00
2026-10-05T13:02:16.539,6700,101.4,0.467,0.00
2026-10-05T13:02:16.638,6800,101.9,0.469,0.00
2026-10-05T13:02:16.749,6900,101.7,0.468,0.00
2026-10-05T13:02:16.849,7000,101.2,0.466,0.00
2026-10-05T13:02:16.939,7100,101.8,0.468,0.00
2026-10-05T13:02:17.048,7200,101.7,0.468,0.00
2026-10-05T13:02:17.139,7300,101.6,0.468,0.00
2026-10-05T13:02:17.240,7400,101.9,0.469,0.00
2026-10-05T13:02:17.337,7500,101.4,0.467,0.00
2026-10-05T13:02:17.439,7600,101.8,0.469,0.00
2026-10-05T13:02:17.538,7700,101.6,0.468,0.00
2026-10-05T13:02:17.638,7800,101.5,0.467,0.00
2026-10-05T13:02:17.736,7900,101.6,0.468,0.00
2026-10-05T13:02:17.839,8000,101.7,0.468,0.00
2026-10-05T13:02:17.949,8100,101.7,0.468,0.00
2026-10-05T13:02:18.038,8200,101.8,0.468,0.00
2026-10-05T13:02:18.141,8300,101.5,0.467,0.00
2026-10-05T13:02:18.249,8400,100.7,0.464,0.00
2026-10-05T13:02:18.347,8500,101.6,0.468,0.00
2026-10-05T13:02:18.438,8600,101.4,0.467,0.00
2026-10-05T13:02:18.548,8700,101.5,0.467,0.00
2026-10-05T13:02:18.638,8800,101.8,0.469,0.00
2026-10-05T13:02:18.748,8900,101.7,0.468,0.00
2026-10-05T13:02:18.846,9000,101.6,0.468,0.00
2026-10-05T13:02:18.937,9100,101.4,0.467,0.00
2026-10-05T13:02:19.037,9200,101.7,0.468,0.00
2026-10-05T13:02:19.137,9300,101.4,0.467,0.00
2026-10-05T13:02:19.237,9400,101.6,0.468,0.00
2026-10-05T13:02:19.335,9500,101.9,0.469,0.00
2026-10-05T13:02:19.437,9600,101.6,0.468,0.00
2026-10-05T13:02:19.537,9700,101.7,0.468,0.00
2026-10-05T13:02:19.637,9800,101.6,0.468,0.00
2026-10-05T13:02:19.737,9900,101.6,0.468,0.00
2026-10-05T13:02:19.837,10000,101.4,0.467,0.00
2026-10-05T13:02:19.947,10100,101.8,0.468,0.00
2026-10-05T13:02:20.037,10200,101.5,0.467,0.00
2026-10-05T13:02:20.136,10300,101.4,0.467,0.00
2026-10-05T13:02:20.236,10400,101.8,0.468,0.00
2026-10-05T13:02:20.337,10500,101.6,0.468,0.00
2026-10-05T13:02:20.436,10600,101.5,0.467,0.00
2026-10-05T13:02:20.537,10700,101.8,0.469,0.00
2026-10-05T13:02:20.636,10800,101.6,0.468,0.00
2026-10-05T13:02:20.746,10900,101.5,0.467,0.00
2026-10-05T13:02:20.836,11000,101.7,0.468,0.00
2026-10-05T13:02:20.936,11100,101.8,0.468,0.00
2026-10-05T13:02:21.036,11200,101.5,0.467,0.00
2026-10-05T13:02:21.137,11300,101.6,0.468,0.00
2026-10-05T13:02:21.235,11400,101.4,0.467,0.00
2026-10-05T13:02:21.335,11500,101.4,0.467,0.00
2026-10-05T13:02:21.436,11600,101.8,0.469,0.00
2026-10-05T13:02:21.544,11700,101.5,0.467,0.00
2026-10-05T13:02:21.645,11800,101.9,0.469,0.00
2026-10-05T13:02:21.736,11900,101.8,0.468,0.00
2026-10-05T13:02:21.843,12000,101.5,0.467,0.00
2026-10-05T13:02:21.945,12100,101.6,0.468,0.00
2026-10-05T13:02:22.040,12200,101.6,0.468,0.00
2026-10-05T13:02:22.135,12300,101.8,0.469,0.00
2026-10-05T13:02:22.235,12400,101.6,0.468,0.00
2026-10-05T13:02:22.335,12500,101.4,0.467,0.00
2026-10-05T13:02:22.436,12600,101.2,0.466,0.00
2026-10-05T13:02:22.535,12700,101.4,0.467,0.00
2026-10-05T13:02:22.636,12800,101.4,0.467,0.00
2026-10-05T13:02:22.742,12900,101.8,0.468,0.00
2026-10-05T13:02:22.839,13000,101.6,0.468,0.00
2026-10-05T13:02:22.935,13100,101.6,0.468,0.00
2026-10-05T13:02:23.034,13200,102.0,0.470,0.00
2026-10-05T13:02:23.135,13300,101.8,0.468,0.00
2026-10-05T13:02:23.235,13400,101.5,0.467,0.00
2026-10-05T13:02:23.339,13500,101.4,0.467,0.00
2026-10-05T13:02:23.434,13600,101.7,0.468,0.00
2026-10-05T13:02:23.543,13700,101.4,0.467,0.00
2026-10-05T13:02:23.635,13800,101.6,0.468,0.00
2026-10-05T13:02:23.735,13900,101.8,0.469,0.00
2026-10-05T13:02:23.834,14000,101.3,0.466,0.00
2026-10-05T13:02:23.935,14100,101.7,0.468,0.00
2026-10-05T13:02:24.043,14200,101.6,0.468,0.00
2026-10-05T13:02:24.143,14300,101.9,0.469,0.00
2026-10-05T13:02:24.234,14400,101.8,0.469,0.00
2026-10-05T13:02:24.343,14500,101.6,0.468,0.00
2026-10-05T13:02:24.435,14600,101.6,0.468,0.00
2026-10-05T13:02:24.534,14700,101.6,0.468,0.00
2026-10-05T13:02:24.633,14800,101.7,0.468,0.00
2026-10-05T13:02:24.734,14900,101.5,0.467,0.00
2026-10-05T13:02:24.834,15000,101.5,0.467,0.00
2026-10-05T13:02:24.934,15100,101.6,0.468,0.00
2026-10-05T13:02:25.034,15200,101.6,0.468,0.00
2026-10-05T13:02:25.133,15300,101.4,0.467,0.00
2026-10-05T13:02:25.235,15400,101.4,0.467,0.00
2026-10-05T13:02:25.334,15500,101.3,0.466,0.00
2026-10-05T13:02:25.433,15600,101.5,0.467,0.00
2026-10-05T13:02:25.533,15700,101.6,0.468,0.00
2026-10-05T13:02:25.634,15800,101.7,0.468,0.00
2026-10-05T13:02:25.733,15900,101.4,0.467,0.00
2026-10-05T13:02:25.833,16000,101.6,0.468,0.00
2026-10-05T13:02:25.933,16100,101.7,0.468,0.00
2026-10-05T13:02:26.033,16200,101.4,0.467,0.00
2026-10-05T13:02:26.139,16300,101.3,0.466,0.00
2026-10-05T13:02:26.233,16400,101.6,0.468,0.00
2026-10-05T13:02:26.333,16500,101.7,0.468,0.00
2026-10-05T13:02:26.436,16600,101.6,0.468,0.00
2026-10-05T13:02:26.533,16700,101.6,0.468,0.00
2026-10-05T13:02:26.633,16800,101.5,0.467,0.00
2026-10-05T13:02:26.732,16900,101.5,0.467,0.00
2026-10-05T13:02:26.834,17000,101.7,0.468,0.00
2026-10-05T13:02:26.933,17100,101.9,0.469,0.00
2026-10-05T13:02:27.033,17200,101.8,0.468,0.00
2026-10-05T13:02:27.133,17300,101.7,0.468,0.00
2026-10-05T13:02:27.233,17400,101.9,0.469,0.00
2026-10-05T13:02:27.333,17500,101.8,0.468,0.00
2026-10-05T13:02:27.433,17600,102.1,0.470,0.00
2026-10-05T13:02:27.532,17700,101.9,0.469,0.00
2026-10-05T13:02:27.632,17800,101.5,0.467,0.00
2026-10-05T13:02:27.732,17900,101.4,0.467,0.00
2026-10-05T13:02:27.840,18000,101.8,0.468,0.00
2026-10-05T13:02:27.932,18100,101.6,0.468,0.00
2026-10-05T13:02:28.032,18200,101.8,0.468,0.00
2026-10-05T13:02:28.132,18300,101.9,0.469,0.00
2026-10-05T13:02:28.233,18400,101.9,0.469,0.00
2026-10-05T13:02:28.331,18500,101.6,0.468,0.00
2026-10-05T13:02:28.432,18600,101.8,0.469,0.00
2026-10-05T13:02:28.532,18700,101.4,0.467,0.00
2026-10-05T13:02:28.633,18800,101.4,0.467,0.00
2026-10-05T13:02:28.732,18900,101.5,0.467,0.00
2026-10-05T13:02:28.838,19000,101.6,0.468,0.00
2026-10-05T13:02:28.932,19100,101.8,0.469,0.00
2026-10-05T13:02:29.031,19200,101.5,0.467,0.00
2026-10-05T13:02:29.132,19300,101.8,0.469,0.00
2026-10-05T13:02:29.231,19400,101.5,0.467,0.00
2026-10-05T13:02:29.331,19500,101.6,0.468,0.00
2026-10-05T13:02:29.437,19600,101.4,0.467,0.00
2026-10-05T13:02:29.531,19700,101.4,0.467,0.00
2026-10-05T13:02:29.631,19800,101.8,0.469,0.00
2026-10-05T13:02:29.732,19900,101.6,0.468,0.00
2026-10-05T13:02:29.831,20000,101.7,0.468,0.00
2026-10-05T13:02:29.931,20100,101.3,0.466,0.00
2026-10-05T13:02:30.032,20200,101.6,0.468,0.00
2026-10-05T13:02:30.131,20300,101.4,0.467,0.00
2026-10-05T13:02:30.232,20400,101.6,0.468,0.00
2026-10-05T13:02:30.331,20500,101.5,0.467,0.00
2026-10-05T13:02:30.432,20600,101.6,0.468,0.00
2026-10-05T13:02:30.531,20700,101.7,0.468,0.00
2026-10-05T13:02:30.632,20800,101.5,0.467,0.00
2026-10-05T13:02:30.731,20900,101.4,0.467,0.00
2026-10-05T13:02:30.831,21000,101.4,0.467,0.00
2026-10-05T13:02:30.936,21100,101.4,0.467,0.00
2026-10-05T13:02:31.031,21200,101.6,0.468,0.00
2026-10-05T13:02:31.131,21300,101.8,0.468,0.00
2026-10-05T13:02:31.231,21400,101.7,0.468,0.00
2026-10-05T13:02:31.330,21500,101.7,0.468,0.00
2026-10-05T13:02:31.430,21600,101.8,0.469,0.00
2026-10-05T13:02:31.529,21700,101.4,0.467,0.00
2026-10-05T13:02:31.631,21800,101.5,0.467,0.00
2026-10-05T13:02:31.730,21900,101.7,0.468,0.00
2026-10-05T13:02:31.831,22000,101.6,0.468,0.00
2026-10-05T13:02:31.930,22100,101.7,0.468,0.00
2026-10-05T13:02:32.030,22200,101.5,0.467,0.00
2026-10-05T13:02:32.130,22300,101.7,0.468,0.00
2026-10-05T13:02:32.230,22400,101.8,0.468,0.00
2026-10-05T13:02:32.330,22500,101.7,0.468,0.00
2026-10-05T13:02:32.431,22600,101.6,0.468,0.00
2026-10-05T13:02:32.531,22700,101.8,0.468,0.00
2026-10-05T13:02:32.630,22800,101.7,0.468,0.00
2026-10-05T13:02:32.730,22900,101.5,0.467,0.00
2026-10-05T13:02:32.831,23000,101.3,0.466,0.00
2026-10-05T13:02:32.930,23100,101.7,0.468,0.00
2026-10-05T13:02:33.034,23200,101.8,0.469,0.00
2026-10-05T13:02:33.134,23300,101.6,0.468,0.00
2026-10-05T13:02:33.230,23400,101.9,0.469,0.00
2026-10-05T13:02:33.329,23500,101.6,0.468,0.00
2026-10-05T13:02:33.430,23600,101.6,0.468,0.00
2026-10-05T13:02:33.529,23700,101.3,0.466,0.00
2026-10-05T13:02:33.628,23800,101.5,0.467,0.00
2026-10-05T13:02:33.729,23900,101.3,0.466,0.00
2026-10-05T13:02:33.829,24000,101.9,0.469,0.00
2026-10-05T13:02:33.929,24100,101.7,0.468,0.00
2026-10-05T13:02:34.029,24200,101.5,0.467,0.00
2026-10-05T13:02:34.133,24300,101.8,0.468,0.00
2026-10-05T13:02:34.229,24400,101.9,0.469,0.00
2026-10-05T13:02:34.329,24500,101.7,0.468,0.00
2026-10-05T13:02:34.429,24600,101.9,0.469,0.00
2026-10-05T13:02:34.528,24700,101.8,0.468,0.00
2026-10-05T13:02:34.630,24800,101.8,0.469,0.00
2026-10-05T13:02:34.729,24900,101.6,0.468,0.00
2026-10-05T13:02:34.828,25000,101.9,0.469,0.00
2026-10-05T13:02:34.932,25100,101.6,0.468,0.00
2026-10-05T13:02:35.029,25200,101.5,0.467,0.00
2026-10-05T13:02:35.129,25300,101.6,0.468,0.00
2026-10-05T13:02:35.227,25400,101.8,0.469,0.00
2026-10-05T13:02:35.329,25500,101.8,0.468,0.00
2026-10-05T13:02:35.428,25600,101.6,0.468,0.00
2026-10-05T13:02:35.526,25700,101.8,0.469,0.00
2026-10-05T13:02:35.629,25800,101.4,0.467,0.00
2026-10-05T13:02:35.731,25900,101.9,0.469,0.00
2026-10-05T13:02:35.828,26000,101.6,0.468,0.00
2026-10-05T13:02:35.928,26100,101.6,0.468,0.00
2026-10-05T13:02:36.028,26200,101.6,0.468,0.00
2026-10-05T13:02:36.128,26300,101.9,0.469,0.00
2026-10-05T13:02:36.231,26400,101.7,0.468,0.00
2026-10-05T13:02:36.328,26500,101.2,0.466,0.00
2026-10-05T13:02:36.429,26600,101.9,0.469,0.00
2026-10-05T13:02:36.528,26700,101.9,0.469,0.00
2026-10-05T13:02:36.628,26800,101.9,0.469,0.00
2026-10-05T13:02:36.729,26900,101.7,0.468,0.00
2026-10-05T13:02:36.827,27000,101.3,0.466,0.00
2026-10-05T13:02:36.928,27100,101.4,0.467,0.00
2026-10-05T13:02:37.027,27200,101.6,0.468,0.00
2026-10-05T13:02:37.127,27300,101.8,0.468,0.00
2026-10-05T13:02:37.227,27400,101.6,0.468,0.00
2026-10-05T13:02:37.327,27500,101.4,0.467,0.00
2026-10-05T13:02:37.427,27600,101.5,0.467,0.00
2026-10-05T13:02:37.527,27700,101.8,0.468,0.00
2026-10-05T13:02:37.627,27800,101.6,0.468,0.00
2026-10-05T13:02:37.727,27900,101.3,0.466,0.00
2026-10-05T13:02:37.829,28000,101.6,0.468,0.00
2026-10-05T13:02:37.927,28100,101.6,0.468,0.00
2026-10-05T13:02:38.028,28200,101.7,0.468,0.00
2026-10-05T13:02:38.127,28300,101.8,0.469,0.00
2026-10-05T13:02:38.227,28400,101.4,0.467,0.00
2026-10-05T13:02:38.327,28500,101.6,0.468,0.00
2026-10-05T13:02:38.427,28600,101.6,0.468,0.00
2026-10-05T13:02:38.527,28700,101.7,0.468,0.00
2026-10-05T13:02:38.627,28800,101.5,0.467,0.00
2026-10-05T13:02:38.726,28900,101.1,0.466,0.00
2026-10-05T13:02:38.826,29000,101.6,0.468,0.00
2026-10-05T13:02:38.925,29100,101.6,0.468,0.00
2026-10-05T13:02:39.028,29200,101.3,0.466,0.00
2026-10-05T13:02:39.127,29300,101.4,0.467,0.00
2026-10-05T13:02:39.226,29400,101.4,0.467,0.00
2026-10-05T13:02:39.327,29500,101.4,0.467,0.00
2026-10-05T13:02:39.428,29600,101.7,0.468,0.00
2026-10-05T13:02:39.526,29700,101.7,0.468,0.00
2026-10-05T13:02:39.626,29800,101.5,0.467,0.00
2026-10-05T13:02:39.726,29900,101.4,0.467,0.00
2026-10-05T13:02:39.826,30000,101.4,0.467,0.00
2026-10-05T13:02:39.926,30100,101.5,0.467,0.00
2026-10-05T13:02:40.028,30200,101.6,0.468,0.00
2026-10-05T13:02:40.127,30300,101.2,0.466,0.00
2026-10-05T13:02:40.226,30400,101.8,0.468,0.00
2026-10-05T13:02:40.326,30500,101.4,0.467,0.00
2026-10-05T13:02:40.426,30600,101.7,0.468,0.00
2026-10-05T13:02:40.526,30700,101.6,0.468,0.00
2026-10-05T13:02:40.626,30800,101.8,0.469,0.00
2026-10-05T13:02:40.726,30900,101.6,0.468,0.00
2026-10-05T13:02:40.826,31000,101.8,0.468,0.00
2026-10-05T13:02:40.927,31100,101.5,0.467,0.00
2026-10-05T13:02:41.026,31200,101.7,0.468,0.00
2026-10-05T13:02:41.125,31300,101.7,0.468,0.00
2026-10-05T13:02:41.227,31400,101.7,0.468,0.00
2026-10-05T13:02:41.325,31500,101.6,0.468,0.00
2026-10-05T13:02:41.425,31600,101.6,0.468,0.00
2026-10-05T13:02:41.525,31700,101.3,0.466,0.00
2026-10-05T13:02:41.626,31800,101.4,0.467,0.00
2026-10-05T13:02:41.725,31900,101.6,0.468,0.00
2026-10-05T13:02:41.825,32000,101.6,0.468,0.00
2026-10-05T13:02:41.925,32100,101.4,0.467,0.00
2026-10-05T13:02:42.025,32200,101.7,0.468,0.00
2026-10-05T13:02:42.124,32300,101.6,0.468,0.00
2026-10-05T13:02:42.225,32400,101.3,0.466,0.00
2026-10-05T13:02:42.325,32500,101.5,0.467,0.00
2026-10-05T13:02:42.425,32600,101.7,0.468,0.00
2026-10-05T13:02:42.525,32700,101.8,0.469,0.00
2026-10-05T13:02:42.624,32800,101.6,0.468,0.00
2026-10-05T13:02:42.724,32900,101.5,0.467,0.00
2026-10-05T13:02:42.819,33000,101.5,0.467,0.00
2026-10-05T13:02:42.924,33100,101.8,0.468,0.00
2026-10-05T13:02:43.024,33200,101.8,0.468,0.00
2026-10-05T13:02:43.125,33300,101.6,0.468,0.00
2026-10-05T13:02:43.225,33400,101.6,0.468,0.00
2026-10-05T13:02:43.324,33500,101.4,0.467,0.00
2026-10-05T13:02:43.425,33600,101.6,0.468,0.00
2026-10-05T13:02:43.524,33700,101.6,0.468,0.00
2026-10-05T13:02:43.624,33800,101.9,0.469,0.00
2026-10-05T13:02:43.724,33900,101.3,0.466,0.00
2026-10-05T13:02:43.824,34000,101.6,0.468,0.00
2026-10-05T13:02:43.924,34100,101.4,0.467,0.00
2026-10-05T13:02:44.024,34200,101.8,0.468,0.00
2026-10-05T13:02:44.123,34300,101.4,0.467,0.00
2026-10-05T13:02:44.222,34400,101.4,0.467,0.00
2026-10-05T13:02:44.323,34500,101.4,0.467,0.00
2026-10-05T13:02:44.424,34600,101.7,0.468,0.00
2026-10-05T13:02:44.508,34700,101.7,0.468,0.00
2026-10-05T13:02:44.623,34800,101.4,0.467,0.00
2026-10-05T13:02:44.724,34900,101.8,0.468,0.00
2026-10-05T13:02:44.823,35000,101.5,0.467,0.00
2026-10-05T13:02:44.923,35100,101.8,0.468,0.00
2026-10-05T13:02:45.007,35200,101.4,0.467,0.00
2026-10-05T13:02:45.123,35300,101.8,0.468,0.00
2026-10-05T13:02:45.223,35400,101.7,0.468,0.00
2026-10-05T13:02:45.322,35500,101.4,0.467,0.00
2026-10-05T13:02:45.417,35600,101.5,0.467,0.00
2026-10-05T13:02:45.507,35700,101.3,0.466,0.00
2026-10-05T13:02:45.621,35800,101.9,0.469,0.00
2026-10-05T13:02:45.722,35900,101.5,0.467,0.00
2026-10-05T13:02:45.822,36000,101.6,0.468,0.00
2026-10-05T13:02:45.921,36100,101.9,0.469,0.00
2026-10-05T13:02:46.007,36200,101.7,0.468,0.00
2026-10-05T13:02:46.122,36300,101.9,0.469,0.00
2026-10-05T13:02:46.207,36400,101.8,0.468,0.00
2026-10-05T13:02:46.322,36500,101.8,0.469,0.00
2026-10-05T13:02:46.422,36600,101.9,0.469,0.00
2026-10-05T13:02:46.506,36700,101.8,0.468,0.00
2026-10-05T13:02:46.606,36800,101.4,0.467,0.00
2026-10-05T13:02:46.707,36900,101.9,0.469,0.00
2026-10-05T13:02:46.806,37000,101.8,0.469,0.00
2026-10-05T13:02:46.921,37100,101.4,0.467,0.00
2026-10-05T13:02:47.006,37200,101.6,0.468,0.00
2026-10-05T13:02:47.106,37300,101.7,0.468,0.00
2026-10-05T13:02:47.216,37400,101.8,0.468,0.00
2026-10-05T13:02:47.306,37500,101.6,0.468,0.00
2026-10-05T13:02:47.421,37600,101.3,0.466,0.00
2026-10-05T13:02:47.506,37700,101.6,0.468,0.00
2026-10-05T13:02:47.606,37800,101.7,0.468,0.00
2026-10-05T13:02:47.706,37900,101.7,0.468,0.00
2026-10-05T13:02:47.806,38000,101.3,0.466,0.00
2026-10-05T13:02:47.921,38100,101.8,0.468,0.00
2026-10-05T13:02:48.019,38200,101.8,0.468,0.00
2026-10-05T13:02:48.120,38300,101.6,0.468,0.00
2026-10-05T13:02:48.206,38400,101.7,0.468,0.00
2026-10-05T13:02:48.305,38500,101.7,0.468,0.00
2026-10-05T13:02:48.405,38600,101.9,0.469,0.00
2026-10-05T13:02:48.506,38700,101.6,0.468,0.00
2026-10-05T13:02:48.605,38800,101.9,0.469,0.00
2026-10-05T13:02:48.718,38900,101.8,0.468,0.00
2026-10-05T13:02:48.818,39000,101.6,0.468,0.00
2026-10-05T13:02:48.919,39100,101.4,0.467,0.00
2026-10-05T13:02:49.019,39200,101.7,0.468,0.00
2026-10-05T13:02:49.105,39300,101.7,0.468,0.00
2026-10-05T13:02:49.205,39400,101.7,0.468,0.00
2026-10-05T13:02:49.320,39500,101.5,0.467,0.00
2026-10-05T13:02:49.405,39600,101.7,0.468,0.00
2026-10-05T13:02:49.518,39700,101.6,0.468,0.00
2026-10-05T13:02:49.605,39800,101.5,0.467,0.00
2026-10-05T13:02:49.705,39900,102.0,0.470,0.00
2026-10-05T13:02:49.805,40000,101.5,0.467,0.00
2026-10-05T13:02:49.919,40100,101.6,0.468,0.00
2026-10-05T13:02:50.016,40200,101.6,0.468,0.00
2026-10-05T13:02:50.118,40300,101.7,0.468,0.00
2026-10-05T13:02:50.208,40400,101.6,0.468,0.00
2026-10-05T13:02:50.304,40500,101.6,0.468,0.00
2026-10-05T13:02:50.404,40600,101.6,0.468,0.00
2026-10-05T13:02:50.508,40700,101.7,0.468,0.00
2026-10-05T13:02:50.617,40800,101.7,0.468,0.00
2026-10-05T13:02:50.708,40900,101.6,0.468,0.00
2026-10-05T13:02:50.804,41000,101.6,0.468,0.00
2026-10-05T13:02:50.904,41100,101.5,0.467,0.00
2026-10-05T13:02:51.004,41200,101.5,0.467,0.00
2026-10-05T13:02:51.103,41300,101.8,0.468,0.00
2026-10-05T13:02:51.204,41400,101.4,0.467,0.00
2026-10-05T13:02:51.305,41500,101.6,0.468,0.00
2026-10-05T13:02:51.404,41600,101.6,0.468,0.00
2026-10-05T13:02:51.504,41700,101.6,0.468,0.00
2026-10-05T13:02:51.617,41800,101.4,0.467,0.00
2026-10-05T13:02:51.704,41900,101.4,0.467,0.00
2026-10-05T13:02:51.808,42000,101.6,0.468,0.00
2026-10-05T13:02:51.904,42100,101.7,0.468,0.00
2026-10-05T13:02:52.004,42200,101.4,0.467,0.00
2026-10-05T13:02:52.104,42300,101.5,0.467,0.00
2026-10-05T13:02:52.216,42400,101.9,0.469,0.00
2026-10-05T13:02:52.308,42500,101.9,0.469,0.00
2026-10-05T13:02:52.403,42600,101.8,0.469,0.00
2026-10-05T13:02:52.503,42700,101.8,0.469,0.00
2026-10-05T13:02:52.603,42800,101.7,0.468,0.00
2026-10-05T13:02:52.708,42900,101.9,0.469,0.00
2026-10-05T13:02:52.803,43000,101.7,0.468,0.00
2026-10-05T13:02:52.903,43100,101.9,0.469,0.00
2026-10-05T13:02:53.005,43200,101.7,0.468,0.00
2026-10-05T13:02:53.103,43300,101.3,0.466,0.00
2026-10-05T13:02:53.203,43400,101.9,0.469,0.00
2026-10-05T13:02:53.303,43500,101.4,0.467,0.00
2026-10-05T13:02:53.403,43600,101.4,0.467,0.00
2026-10-05T13:02:53.503,43700,101.6,0.468,0.00
2026-10-05T13:02:53.603,43800,101.6,0.468,0.00
2026-10-05T13:02:53.703,43900,101.6,0.468,0.00
2026-10-05T13:02:53.808,44000,101.8,0.469,0.00
2026-10-05T13:02:53.903,44100,101.7,0.468,0.00
2026-10-05T13:02:54.002,44200,101.4,0.467,0.00
2026-10-05T13:02:54.109,44300,101.8,0.468,0.00
2026-10-05T13:02:54.212,44400,101.4,0.467,0.00
2026-10-05T13:02:54.302,44500,101.6,0.468,0.00
2026-10-05T13:02:54.402,44600,101.7,0.468,0.00
2026-10-05T13:02:54.503,44700,101.8,0.468,0.00
2026-10-05T13:02:54.608,44800,101.8,0.469,0.00
2026-10-05T13:02:54.702,44900,101.8,0.469,0.00
2026-10-05T13:02:54.802,45000,102.0,0.470,0.00
2026-10-05T13:02:54.902,45100,101.3,0.466,0.00
2026-10-05T13:02:55.002,45200,101.7,0.468,0.00
2026-10-05T13:02:55.102,45300,101.7,0.468,0.00
2026-10-05T13:02:55.208,45400,101.6,0.468,0.00
2026-10-05T13:02:55.301,45500,101.4,0.467,0.00
2026-10-05T13:02:55.413,45600,101.6,0.468,0.00
2026-10-05T13:02:55.504,45700,101.7,0.468,0.00
2026-10-05T13:02:55.602,45800,101.8,0.469,0.00
2026-10-05T13:02:55.708,45900,101.6,0.468,0.00
2026-10-05T13:02:55.802,46000,101.4,0.467,0.00
2026-10-05T13:02:55.901,46100,101.8,0.468,0.00
2026-10-05T13:02:56.001,46200,101.6,0.468,0.00
2026-10-05T13:02:56.112,46300,101.4,0.467,0.00
2026-10-05T13:02:56.201,46400,101.7,0.468,0.00
2026-10-05T13:02:56.301,46500,101.8,0.468,0.00
2026-10-05T13:02:56.408,46600,101.8,0.468,0.00
2026-10-05T13:02:56.508,46700,101.4,0.467,0.00
2026-10-05T13:02:56.601,46800,101.8,0.469,0.00
2026-10-05T13:02:56.702,46900,101.8,0.469,0.00
2026-10-05T13:02:56.800,47000,101.7,0.468,0.00
2026-10-05T13:02:56.912,47100,101.3,0.466,0.00
2026-10-05T13:02:57.001,47200,101.3,0.466,0.00
2026-10-05T13:02:57.101,47300,101.8,0.469,0.00
2026-10-05T13:02:57.201,47400,101.5,0.467,0.00
2026-10-05T13:02:57.301,47500,101.7,0.468,0.00
2026-10-05T13:02:57.400,47600,101.8,0.468,0.00
2026-10-05T13:02:57.512,47700,101.6,0.468,0.00
2026-10-05T13:02:57.601,47800,101.6,0.468,0.00
2026-10-05T13:02:57.700,47900,101.6,0.468,0.00
2026-10-05T13:02:57.801,48000,101.6,0.468,0.00
2026-10-05T13:02:57.900,48100,101.6,0.468,0.00
2026-10-05T13:02:58.000,48200,101.8,0.469,0.00
2026-10-05T13:02:58.110,48300,101.6,0.468,0.00
2026-10-05T13:02:58.202,48400,101.7,0.468,0.00
2026-10-05T13:02:58.299,48500,101.7,0.468,0.00
2026-10-05T13:02:58.400,48600,101.6,0.468,0.00
2026-10-05T13:02:58.510,48700,101.6,0.468,0.00
2026-10-05T13:02:58.608,48800,101.8,0.469,0.00
2026-10-05T13:02:58.699,48900,101.8,0.469,0.00
2026-10-05T13:02:58.800,49000,101.9,0.469,0.00
2026-10-05T13:02:58.900,49100,101.9,0.469,0.00
2026-10-05T13:02:59.000,49200,101.6,0.468,0.00
2026-10-05T13:02:59.100,49300,101.5,0.467,0.00
2026-10-05T13:02:59.208,49400,101.8,0.468,0.00
2026-10-05T13:02:59.303,49500,101.8,0.468,0.00
2026-10-05T13:02:59.403,49600,102.2,0.470,0.00
2026-10-05T13:02:59.510,49700,101.5,0.467,0.00
2026-10-05T13:02:59.599,49800,101.8,0.468,0.00
2026-10-05T13:02:59.709,49900,101.4,0.467,0.00
2026-10-05T13:02:59.799,50000,101.7,0.468,0.00
2026-10-05T13:02:59.899,50100,101.4,0.467,0.00
2026-10-05T13:02:59.999,50200,101.4,0.467,0.00
2026-10-05T13:03:00.109,50300,101.8,0.468,0.00
2026-10-05T13:03:00.199,50400,101.6,0.468,0.00
2026-10-05T13:03:00.298,50500,101.6,0.468,0.00
2026-10-05T13:03:00.399,50600,101.7,0.468,0.00
2026-10-05T13:03:00.498,50700,101.3,0.466,0.00
2026-10-05T13:03:00.598,50800,101.7,0.468,0.00
2026-10-05T13:03:00.708,50900,101.7,0.468,0.00
2026-10-05T13:03:00.799,51000,101.3,0.466,0.00
2026-10-05T13:03:00.898,51100,101.5,0.467,0.00
2026-10-05T13:03:00.998,51200,101.6,0.468,0.00
2026-10-05T13:03:01.098,51300,101.8,0.469,0.00
2026-10-05T13:03:01.198,51400,101.9,0.469,0.00
2026-10-05T13:03:01.299,51500,101.9,0.469,0.00
2026-10-05T13:03:01.398,51600,101.6,0.468,0.00
2026-10-05T13:03:01.507,51700,101.8,0.469,0.00
2026-10-05T13:03:01.599,51800,101.5,0.467,0.00
2026-10-05T13:03:01.707,51900,101.3,0.466,0.00
2026-10-05T13:03:01.798,52000,101.8,0.468,0.00
2026-10-05T13:03:01.897,52100,101.7,0.468,0.00
2026-10-05T13:03:01.997,52200,101.6,0.468,0.00
2026-10-05T13:03:02.098,52300,101.8,0.468,0.00
2026-10-05T13:03:02.206,52400,101.8,0.468,0.00
2026-10-05T13:03:02.306,52500,101.5,0.467,0.00
2026-10-05T13:03:02.398,52600,101.6,0.468,0.00
2026-10-05T13:03:02.506,52700,101.8,0.469,0.00
2026-10-05T13:03:02.597,52800,101.4,0.467,0.00
2026-10-05T13:03:02.697,52900,101.3,0.466,0.00
2026-10-05T13:03:02.796,53000,101.6,0.468,0.00
2026-10-05T13:03:02.898,53100,101.6,0.468,0.00
2026-10-05T13:03:02.997,53200,101.9,0.469,0.00
2026-10-05T13:03:03.097,53300,101.3,0.466,0.00
2026-10-05T13:03:03.197,53400,101.6,0.468,0.00
2026-10-05T13:03:03.296,53500,102.1,0.470,0.00
2026-10-05T13:03:03.405,53600,101.4,0.467,0.00
2026-10-05T13:03:03.505,53700,101.7,0.468,0.00
2026-10-05T13:03:03.597,53800,101.6,0.468,0.00
2026-10-05T13:03:03.697,53900,101.6,0.468,0.00
2026-10-05T13:03:03.806,54000,101.8,0.469,0.00
2026-10-05T13:03:03.897,54100,101.7,0.468,0.00
2026-10-05T13:03:03.997,54200,101.5,0.467,0.00
2026-10-05T13:03:04.096,54300,101.4,0.467,0.00
2026-10-05T13:03:04.197,54400,101.7,0.468,0.00
2026-10-05T13:03:04.296,54500,101.8,0.469,0.00
2026-10-05T13:03:04.396,54600,101.6,0.468,0.00
2026-10-05T13:03:04.496,54700,101.8,0.469,0.00
2026-10-05T13:03:04.597,54800,101.7,0.468,0.00
2026-10-05T13:03:04.703,54900,101.7,0.468,0.00
2026-10-05T13:03:04.796,55000,101.6,0.468,0.00
2026-10-05T13:03:04.896,55100,102.0,0.470,0.00
2026-10-05T13:03:04.997,55200,101.6,0.468,0.00
2026-10-05T13:03:05.096,55300,101.3,0.466,0.00
2026-10-05T13:03:05.196,55400,101.6,0.468,0.00
2026-10-05T13:03:05.296,55500,101.6,0.468,0.00
2026-10-05T13:03:05.403,55600,101.4,0.467,0.00
2026-10-05T13:03:05.496,55700,101.3,0.466,0.00
2026-10-05T13:03:05.596,55800,101.8,0.469,0.00
2026-10-05T13:03:05.696,55900,101.8,0.469,0.00
2026-10-05T13:03:05.799,56000,101.6,0.468,0.00
2026-10-05T13:03:05.895,56100,101.5,0.467,0.00
2026-10-05T13:03:06.002,56200,101.6,0.468,0.00
2026-10-05T13:03:06.095,56300,101.6,0.468,0.00
2026-10-05T13:03:06.203,56400,101.6,0.468,0.00
2026-10-05T13:03:06.302,56500,101.0,0.465,0.00
2026-10-05T13:03:06.396,56600,101.5,0.467,0.00
2026-10-05T13:03:06.496,56700,101.7,0.468,0.00
2026-10-05T13:03:06.596,56800,101.6,0.468,0.00
2026-10-05T13:03:06.702,56900,101.5,0.467,0.00
2026-10-05T13:03:06.795,57000,101.6,0.468,0.00
2026-10-05T13:03:06.895,57100,101.3,0.466,0.00
2026-10-05T13:03:07.002,57200,101.8,0.469,0.00
2026-10-05T13:03:07.095,57300,101.4,0.467,0.00
2026-10-05T13:03:07.195,57400,101.6,0.468,0.00
2026-10-05T13:03:07.296,57500,101.4,0.467,0.00
2026-10-05T13:03:07.395,57600,101.5,0.467,0.00
2026-10-05T13:03:07.494,57700,101.8,0.468,0.00
2026-10-05T13:03:07.601,57800,101.4,0.467,0.00
2026-10-05T13:03:07.694,57900,101.8,0.469,0.00
2026-10-05T13:03:07.795,58000,101.7,0.468,0.00
2026-10-05T13:03:07.895,58100,101.6,0.468,0.00
2026-10-05T13:03:07.994,58200,101.6,0.468,0.00
2026-10-05T13:03:08.094,58300,101.4,0.467,0.00
2026-10-05T13:03:08.201,58400,101.9,0.469,0.00
2026-10-05T13:03:08.294,58500,101.6,0.468,0.00
2026-10-05T13:03:08.394,58600,101.7,0.468,0.00
2026-10-05T13:03:08.494,58700,101.7,0.468,0.00
2026-10-05T13:03:08.593,58800,101.6,0.468,0.00
2026-10-05T13:03:08.695,58900,101.4,0.467,0.00
2026-10-05T13:03:08.801,59000,101.7,0.468,0.00
2026-10-05T13:03:08.894,59100,101.9,0.469,0.00
2026-10-05T13:03:08.994,59200,101.9,0.469,0.00
2026-10-05T13:03:09.095,59300,101.6,0.468,0.00
2026-10-05T13:03:09.193,59400,101.9,0.469,0.00
2026-10-05T13:03:09.294,59500,101.9,0.469,0.00
2026-10-05T13:03:09.394,59600,101.6,0.468,0.00
2026-10-05T13:03:09.493,59700,101.6,0.468,0.00
2026-10-05T13:03:09.593,59800,101.4,0.467,0.00
2026-10-05T13:03:09.694,59900,101.6,0.468,0.00
2026-10-05T13:03:09.793,60000,101.9,0.469,0.00
2026-10-05T13:03:09.894,60100,101.6,0.468,0.00
2026-10-05T13:03:09.994,60200,101.5,0.467,0.00
2026-10-05T13:03:10.096,60300,101.6,0.468,0.00
2026-10-05T13:03:10.193,60400,101.4,0.467,0.00
2026-10-05T13:03:10.294,60500,101.8,0.468,0.00
2026-10-05T13:03:10.393,60600,101.6,0.468,0.00
2026-10-05T13:03:10.494,60700,101.5,0.467,0.00
2026-10-05T13:03:10.593,60800,101.6,0.468,0.00
2026-10-05T13:03:10.698,60900,101.7,0.468,0.00
2026-10-05T13:03:10.793,61000,101.6,0.468,0.00
2026-10-05T13:03:10.893,61100,101.7,0.468,0.00
2026-10-05T13:03:10.996,61200,101.6,0.468,0.00
2026-10-05T13:03:11.093,61300,101.7,0.468,0.00
2026-10-05T13:03:11.193,61400,102.0,0.470,0.00
2026-10-05T13:03:11.293,61500,101.6,0.468,0.00
2026-10-05T13:03:11.393,61600,101.6,0.468,0.00
2026-10-05T13:03:11.493,61700,101.5,0.467,0.00
2026-10-05T13:03:11.592,61800,102.1,0.470,0.00
2026-10-05T13:03:11.693,61900,101.7,0.468,0.00
2026-10-05T13:03:11.792,62000,101.8,0.468,0.00
2026-10-05T13:03:11.893,62100,101.3,0.466,0.00
2026-10-05T13:03:11.992,62200,101.8,0.469,0.00
2026-10-05T13:03:12.092,62300,101.9,0.469,0.00
2026-10-05T13:03:12.192,62400,101.8,0.468,0.00
2026-10-05T13:03:12.297,62500,101.7,0.468,0.00
2026-10-05T13:03:12.392,62600,101.8,0.468,0.00
2026-10-05T13:03:12.496,62700,101.9,0.469,0.00
2026-10-05T13:03:12.592,62800,101.8,0.468,0.00
2026-10-05T13:03:12.692,62900,101.6,0.468,0.00
2026-10-05T13:03:12.792,63000,101.6,0.468,0.00
2026-10-05T13:03:12.893,63100,101.6,0.468,0.00
2026-10-05T13:03:12.995,63200,101.8,0.469,0.00
2026-10-05T13:03:13.092,63300,101.6,0.468,0.00
2026-10-05T13:03:13.192,63400,101.6,0.468,0.00
2026-10-05T13:03:13.292,63500,101.6,0.468,0.00
2026-10-05T13:03:13.391,63600,101.6,0.468,0.00
2026-10-05T13:03:13.492,63700,101.6,0.468,0.00
2026-10-05T13:03:13.591,63800,101.8,0.469,0.00
2026-10-05T13:03:13.696,63900,101.7,0.468,0.00
2026-10-05T13:03:13.793,64000,101.6,0.468,0.00
2026-10-05T13:03:13.890,64100,101.4,0.467,0.00
2026-10-05T13:03:13.991,64200,101.4,0.467,0.00
2026-10-05T13:03:14.091,64300,101.8,0.469,0.00
2026-10-05T13:03:14.191,64400,101.4,0.467,0.00
2026-10-05T13:03:14.291,64500,101.7,0.468,0.00
2026-10-05T13:03:14.393,64600,101.8,0.469,0.00
2026-10-05T13:03:14.491,64700,101.6,0.468,0.00
2026-10-05T13:03:14.591,64800,101.5,0.467,0.00
2026-10-05T13:03:14.691,64900,101.6,0.468,0.00
2026-10-05T13:03:14.792,65000,101.6,0.468,0.00
2026-10-05T13:03:14.891,65100,101.9,0.469,0.00
2026-10-05T13:03:14.992,65200,101.8,0.469,0.00
2026-10-05T13:03:15.091,65300,101.5,0.467,0.00
2026-10-05T13:03:15.191,65400,101.6,0.468,0.00
2026-10-05T13:03:15.290,65500,101.7,0.468,0.00
2026-10-05T13:03:15.390,65600,102.3,0.471,0.00
2026-10-05T13:03:15.489,65700,101.7,0.468,0.00
2026-10-05T13:03:15.590,65800,101.6,0.468,0.00
2026-10-05T13:03:15.690,65900,102.1,0.470,0.00
2026-10-05T13:03:15.790,66000,101.6,0.468,0.00
2026-10-05T13:03:15.890,66100,101.5,0.467,0.00
2026-10-05T13:03:15.993,66200,101.2,0.466,0.00
2026-10-05T13:03:16.090,66300,101.5,0.467,0.00
2026-10-05T13:03:16.190,66400,101.6,0.468,0.00
2026-10-05T13:03:16.290,66500,101.6,0.468,0.00
2026-10-05T13:03:16.390,66600,101.6,0.468,0.00
2026-10-05T13:03:16.490,66700,101.7,0.468,0.00
2026-10-05T13:03:16.591,66800,101.6,0.468,0.00
2026-10-05T13:03:16.690,66900,101.7,0.468,0.00
2026-10-05T13:03:16.789,67000,101.1,0.466,0.00
2026-10-05T13:03:16.889,67100,101.5,0.467,0.00
2026-10-05T13:03:16.989,67200,101.4,0.467,0.00
2026-10-05T13:03:17.089,67300,101.7,0.468,0.00
2026-10-05T13:03:17.192,67400,101.6,0.468,0.00
2026-10-05T13:03:17.291,67500,101.6,0.468,0.00
2026-10-05T13:03:17.389,67600,101.5,0.467,0.00
2026-10-05T13:03:17.489,67700,101.8,0.469,0.00
2026-10-05T13:03:17.591,67800,101.5,0.467,0.00
2026-10-05T13:03:17.689,67900,101.7,0.468,0.00
2026-10-05T13:03:17.786,68000,101.6,0.468,0.00
2026-10-05T13:03:17.890,68100,101.7,0.468,0.00
2026-10-05T13:03:17.989,68200,101.6,0.468,0.00
2026-10-05T13:03:18.089,68300,101.8,0.468,0.00
2026-10-05T13:03:18.192,68400,101.6,0.468,0.00
2026-10-05T13:03:18.289,68500,101.6,0.468,0.00
2026-10-05T13:03:18.389,68600,101.5,0.467,0.00
2026-10-05T13:03:18.489,68700,101.9,0.469,0.00
2026-10-05T13:03:18.589,68800,101.7,0.468,0.00
2026-10-05T13:03:18.691,68900,101.8,0.469,0.00
2026-10-05T13:03:18.788,69000,101.6,0.468,0.00
2026-10-05T13:03:18.889,69100,101.6,0.468,0.00
2026-10-05T13:03:18.988,69200,101.6,0.468,0.00
2026-10-05T13:03:19.088,69300,101.5,0.467,0.00
2026-10-05T13:03:19.190,69400,101.4,0.467,0.00
2026-10-05T13:03:19.290,69500,101.6,0.468,0.00
2026-10-05T13:03:19.388,69600,101.6,0.468,0.00
2026-10-05T13:03:19.488,69700,101.8,0.469,0.00
2026-10-05T13:03:19.589,69800,101.6,0.468,0.00
2026-10-05T13:03:19.689,69900,101.8,0.469,0.00
2026-10-05T13:03:19.788,70000,101.7,0.468,0.00
2026-10-05T13:03:19.888,70100,101.7,0.468,0.00
2026-10-05T13:03:19.988,70200,101.7,0.468,0.00
2026-10-05T13:03:20.088,70300,101.5,0.467,0.00
2026-10-05T13:03:20.188,70400,101.4,0.467,0.00
2026-10-05T13:03:20.288,70500,101.5,0.467,0.00
2026-10-05T13:03:20.389,70600,101.4,0.467,0.00
2026-10-05T13:03:20.488,70700,101.6,0.468,0.00
2026-10-05T13:03:20.587,70800,101.3,0.466,0.00
2026-10-05T13:03:20.688,70900,101.6,0.468,0.00
2026-10-05T13:03:20.788,71000,101.6,0.468,0.00
2026-10-05T13:03:20.888,71100,101.5,0.467,0.00
2026-10-05T13:03:20.987,71200,101.7,0.468,0.00
2026-10-05T13:03:21.087,71300,101.8,0.468,0.00
2026-10-05T13:03:21.187,71400,101.2,0.466,0.00
2026-10-05T13:03:21.288,71500,101.9,0.469,0.00
2026-10-05T13:03:21.388,71600,101.8,0.468,0.00
2026-10-05T13:03:21.487,71700,101.6,0.468,0.00
2026-10-05T13:03:21.587,71800,101.6,0.468,0.00
2026-10-05T13:03:21.687,71900,101.6,0.468,0.00
2026-10-05T13:03:21.788,72000,101.8,0.468,0.00
2026-10-05T13:03:21.888,72100,101.4,0.467,0.00
2026-10-05T13:03:21.988,72200,101.8,0.468,0.00
2026-10-05T13:03:22.088,72300,101.5,0.467,0.00
2026-10-05T13:03:22.188,72400,101.5,0.467,0.00
2026-10-05T13:03:22.287,72500,101.5,0.467,0.00
2026-10-05T13:03:22.387,72600,101.6,0.468,0.00
2026-10-05T13:03:22.487,72700,101.5,0.467,0.00
2026-10-05T13:03:22.587,72800,101.6,0.468,0.00
2026-10-05T13:03:22.686,72900,101.6,0.468,0.00
2026-10-05T13:03:22.787,73000,101.4,0.467,0.00
2026-10-05T13:03:22.886,73100,101.4,0.467,0.00
2026-10-05T13:03:22.986,73200,101.6,0.468,0.00
2026-10-05T13:03:23.086,73300,101.7,0.468,0.00
2026-10-05T13:03:23.186,73400,101.9,0.469,0.00
2026-10-05T13:03:23.286,73500,101.6,0.468,0.00
2026-10-05T13:03:23.386,73600,101.6,0.468,0.00
2026-10-05T13:03:23.486,73700,101.8,0.468,0.00
2026-10-05T13:03:23.586,73800,101.5,0.467,0.00
2026-10-05T13:03:23.686,73900,101.4,0.467,0.00
2026-10-05T13:03:23.786,74000,101.4,0.467,0.00
2026-10-05T13:03:23.886,74100,101.6,0.468,0.00
2026-10-05T13:03:23.985,74200,101.7,0.468,0.00
2026-10-05T13:03:24.086,74300,101.8,0.468,0.00
2026-10-05T13:03:24.171,74400,101.5,0.467,0.00
2026-10-05T13:03:24.270,74500,101.6,0.468,0.00
2026-10-05T13:03:24.370,74600,101.4,0.467,0.00
2026-10-05T13:03:24.486,74700,101.8,0.468,0.00
2026-10-05T13:03:24.570,74800,101.6,0.468,0.00
2026-10-05T13:03:24.685,74900,101.6,0.468,0.00
2026-10-05T13:03:24.785,75000,101.5,0.467,0.00
2026-10-05T13:03:24.870,75100,101.8,0.468,0.00
2026-10-05T13:03:24.985,75200,101.9,0.469,0.00
2026-10-05T13:03:25.085,75300,101.8,0.468,0.00
2026-10-05T13:03:25.169,75400,101.7,0.468,0.00
2026-10-05T13:03:25.285,75500,101.6,0.468,0.00
2026-10-05T13:03:25.385,75600,101.8,0.469,0.00
2026-10-05T13:03:25.469,75700,101.8,0.468,0.00
2026-10-05T13:03:25.584,75800,101.8,0.469,0.00
2026-10-05T13:03:25.685,75900,101.5,0.467,0.00
2026-10-05T13:03:25.769,76000,101.4,0.467,0.00
2026-10-05T13:03:25.885,76100,101.5,0.467,0.00
2026-10-05T13:03:25.969,76200,101.6,0.468,0.00
2026-10-05T13:03:26.084,76300,101.8,0.468,0.00
2026-10-05T13:03:26.185,76400,101.8,0.468,0.00
2026-10-05T13:03:26.270,76500,101.8,0.469,0.00
2026-10-05T13:03:26.369,76600,101.9,0.469,0.00
2026-10-05T13:03:26.470,76700,101.4,0.467,0.00
2026-10-05T13:03:26.568,76800,101.6,0.468,0.00
2026-10-05T13:03:26.669,76900,101.6,0.468,0.00
2026-10-05T13:03:26.768,77000,101.4,0.467,0.00
2026-10-05T13:03:26.875,77100,101.5,0.467,0.00
2026-10-05T13:03:26.970,77200,102.0,0.470,0.00
2026-10-05T13:03:27.069,77300,101.4,0.467,0.00
2026-10-05T13:03:27.168,77400,101.4,0.467,0.00
2026-10-05T13:03:27.268,77500,101.6,0.468,0.00
2026-10-05T13:03:27.381,77600,101.4,0.467,0.00
2026-10-05T13:03:27.471,77700,101.6,0.468,0.00
2026-10-05T13:03:27.568,77800,101.5,0.467,0.00
2026-10-05T13:03:27.683,77900,101.6,0.468,0.00
2026-10-05T13:03:27.782,78000,101.7,0.468,0.00
2026-10-05T13:03:27.874,78100,101.4,0.467,0.00
2026-10-05T13:03:27.980,78200,101.3,0.466,0.00
2026-10-05T13:03:28.069,78300,101.4,0.467,0.00
2026-10-05T13:03:28.168,78400,101.6,0.468,0.00
2026-10-05T13:03:28.268,78500,101.9,0.469,0.00
2026-10-05T13:03:28.368,78600,101.5,0.467,0.00
2026-10-05T13:03:28.482,78700,101.3,0.466,0.00
2026-10-05T13:03:28.568,78800,101.5,0.467,0.00
2026-10-05T13:03:28.668,78900,101.7,0.468,0.00
2026-10-05T13:03:28.781,79000,101.4,0.467,0.00
2026-10-05T13:03:28.868,79100,101.6,0.468,0.00
2026-10-05T13:03:28.967,79200,101.6,0.468,0.00
2026-10-05T13:03:29.067,79300,101.5,0.467,0.00
2026-10-05T13:03:29.167,79400,101.6,0.468,0.00
2026-10-05T13:03:29.267,79500,101.3,0.466,0.00
2026-10-05T13:03:29.367,79600,101.8,0.468,0.00
2026-10-05T13:03:29.477,79700,102.0,0.470,0.00
2026-10-05T13:03:29.570,79800,101.6,0.468,0.00
2026-10-05T13:03:29.668,79900,101.5,0.467,0.00
2026-10-05T13:03:29.767,80000,101.6,0.468,0.00
2026-10-05T13:03:29.867,80100,101.1,0.465,0.00
2026-10-05T13:03:29.979,80200,101.7,0.468,0.00
2026-10-05T13:03:30.075,80300,101.1,0.465,0.00
2026-10-05T13:03:30.167,80400,101.6,0.468,0.00
2026-10-05T13:03:30.267,80500,101.6,0.468,0.00
2026-10-05T13:03:30.379,80600,101.6,0.468,0.00
2026-10-05T13:03:30.467,80700,101.6,0.468,0.00
2026-10-05T13:03:30.580,80800,101.4,0.467,0.00
2026-10-05T13:03:30.667,80900,101.6,0.468,0.00
2026-10-05T13:03:30.778,81000,101.8,0.468,0.00
2026-10-05T13:03:30.866,81100,100.9,0.465,0.00
2026-10-05T13:03:30.979,81200,101.8,0.469,0.00
2026-10-05T13:03:31.066,81300,101.6,0.468,0.00
2026-10-05T13:03:31.179,81400,101.7,0.468,0.00
2026-10-05T13:03:31.266,81500,101.6,0.468,0.00
2026-10-05T13:03:31.366,81600,102.0,0.470,0.00
2026-10-05T13:03:31.479,81700,101.5,0.467,0.00
2026-10-05T13:03:31.566,81800,101.5,0.467,0.00
2026-10-05T13:03:31.666,81900,101.5,0.467,0.00
2026-10-05T13:03:31.779,82000,101.9,0.469,0.00
2026-10-05T13:03:31.867,82100,101.5,0.467,0.00
2026-10-05T13:03:31.971,82200,101.9,0.469,0.00
2026-10-05T13:03:32.079,82300,101.5,0.467,0.00
2026-10-05T13:03:32.178,82400,101.8,0.468,0.00
2026-10-05T13:03:32.266,82500,101.9,0.469,0.00
2026-10-05T13:03:32.366,82600,101.5,0.467,0.00
2026-10-05T13:03:32.477,82700,101.7,0.468,0.00
2026-10-05T13:03:32.578,82800,101.6,0.468,0.00
2026-10-05T13:03:32.665,82900,101.5,0.467,0.00
2026-10-05T13:03:32.766,83000,101.8,0.469,0.00
2026-10-05T13:03:32.865,83100,101.4,0.467,0.00
2026-10-05T13:03:32.969,83200,101.8,0.468,0.00
2026-10-05T13:03:33.077,83300,101.5,0.467,0.00
2026-10-05T13:03:33.165,83400,101.6,0.468,0.00
2026-10-05T13:03:33.266,83500,101.6,0.468,0.00
2026-10-05T13:03:33.365,83600,101.6,0.468,0.00
2026-10-05T13:03:33.465,83700,101.9,0.469,0.00
2026-10-05T13:03:33.565,83800,101.5,0.467,0.00
2026-10-05T13:03:33.665,83900,101.6,0.468,0.00
2026-10-05T13:03:33.765,84000,101.6,0.468,0.00
2026-10-05T13:03:33.865,84100,101.6,0.468,0.00
2026-10-05T13:03:33.965,84200,102.0,0.470,0.00
2026-10-05T13:03:34.077,84300,101.6,0.468,0.00
2026-10-05T13:03:34.165,84400,101.4,0.467,0.00
2026-10-05T13:03:34.265,84500,101.5,0.467,0.00
2026-10-05T13:03:34.365,84600,101.8,0.469,0.00
2026-10-05T13:03:34.465,84700,101.7,0.468,0.00
2026-10-05T13:03:34.564,84800,101.7,0.468,0.00
2026-10-05T13:03:34.664,84900,101.6,0.468,0.00
2026-10-05T13:03:34.765,85000,101.7,0.468,0.00
2026-10-05T13:03:34.864,85100,101.6,0.468,0.00
2026-10-05T13:03:34.964,85200,101.9,0.469,0.00
2026-10-05T13:03:35.067,85300,101.8,0.468,0.00
2026-10-05T13:03:35.164,85400,101.7,0.468,0.00
2026-10-05T13:03:35.264,85500,101.6,0.468,0.00
2026-10-05T13:03:35.364,85600,101.4,0.467,0.00
2026-10-05T13:03:35.463,85700,101.6,0.468,0.00
2026-10-05T13:03:35.575,85800,101.9,0.469,0.00
2026-10-05T13:03:35.675,85900,101.3,0.466,0.00
2026-10-05T13:03:35.765,86000,101.5,0.467,0.00
2026-10-05T13:03:35.863,86100,101.8,0.469,0.00
2026-10-05T13:03:35.964,86200,101.9,0.469,0.00
2026-10-05T13:03:36.063,86300,101.6,0.468,0.00
2026-10-05T13:03:36.174,86400,101.7,0.468,0.00
2026-10-05T13:03:36.264,86500,101.9,0.469,0.00
2026-10-05T13:03:36.364,86600,101.8,0.468,0.00
2026-10-05T13:03:36.463,86700,101.8,0.469,0.00
2026-10-05T13:03:36.563,86800,101.6,0.468,0.00
2026-10-05T13:03:36.674,86900,102.2,0.470,0.00
2026-10-05T13:03:36.773,87000,101.6,0.468,0.00
2026-10-05T13:03:36.862,87100,101.8,0.469,0.00
2026-10-05T13:03:36.963,87200,101.7,0.468,0.00
2026-10-05T13:03:37.063,87300,101.6,0.468,0.00
2026-10-05T13:03:37.163,87400,101.9,0.469,0.00
2026-10-05T13:03:37.263,87500,101.6,0.468,0.00
2026-10-05T13:03:37.362,87600,101.7,0.468,0.00
2026-10-05T13:03:37.464,87700,101.4,0.467,0.00
2026-10-05T13:03:37.567,87800,101.6,0.468,0.00
2026-10-05T13:03:37.662,87900,101.4,0.467,0.00
2026-10-05T13:03:37.762,88000,101.5,0.467,0.00
2026-10-05T13:03:37.863,88100,101.6,0.468,0.00
2026-10-05T13:03:37.962,88200,101.5,0.467,0.00
2026-10-05T13:03:38.073,88300,101.8,0.468,0.00
2026-10-05T13:03:38.165,88400,101.6,0.468,0.00
2026-10-05T13:03:38.272,88500,101.9,0.469,0.00
2026-10-05T13:03:38.362,88600,101.4,0.467,0.00
2026-10-05T13:03:38.462,88700,101.6,0.468,0.00
2026-10-05T13:03:38.563,88800,101.7,0.468,0.00
2026-10-05T13:03:38.662,88900,101.9,0.469,0.00
2026-10-05T13:03:38.772,89000,101.4,0.467,0.00
2026-10-05T13:03:38.872,89100,101.3,0.466,0.00
2026-10-05T13:03:38.962,89200,101.6,0.468,0.00
2026-10-05T13:03:39.062,89300,101.5,0.467,0.00
2026-10-05T13:03:39.163,89400,101.6,0.468,0.00
2026-10-05T13:03:39.262,89500,101.9,0.469,0.00
2026-10-05T13:03:39.371,89600,101.5,0.467,0.00
2026-10-05T13:03:39.463,89700,101.9,0.469,0.00
2026-10-05T13:03:39.563,89800,101.7,0.468,0.00
2026-10-05T13:03:39.663,89900,101.7,0.468,0.00
2026-10-05T13:03:39.763,90000,101.5,0.467,0.00
2026-10-05T13:03:39.863,90100,101.5,0.467,0.00
2026-10-05T13:03:39.971,90200,101.6,0.468,0.00
2026-10-05T13:03:40.070,90300,101.8,0.468,0.00
2026-10-05T13:03:40.170,90400,101.6,0.468,0.00
2026-10-05T13:03:40.270,90500,101.8,0.468,0.00
2026-10-05T13:03:40.370,90600,101.6,0.468,0.00
2026-10-05T13:03:40.470,90700,101.6,0.468,0.00
2026-10-05T13:03:40.562,90800,101.6,0.468,0.00
2026-10-05T13:03:40.671,90900,101.9,0.469,0.00
2026-10-05T13:03:40.771,91000,101.6,0.468,0.00
2026-10-05T13:03:40.870,91100,101.4,0.467,0.00
2026-10-05T13:03:40.970,91200,101.7,0.468,0.00
2026-10-05T13:03:41.060,91300,101.6,0.468,0.00
2026-10-05T13:03:41.169,91400,101.8,0.468,0.00
2026-10-05T13:03:41.260,91500,101.6,0.468,0.00
2026-10-05T13:03:41.360,91600,101.6,0.468,0.00
2026-10-05T13:03:41.459,91700,101.4,0.467,0.00
2026-10-05T13:03:41.560,91800,101.4,0.467,0.00
2026-10-05T13:03:41.660,91900,101.5,0.467,0.00
2026-10-05T13:03:41.760,92000,101.4,0.467,0.00
2026-10-05T13:03:41.860,92100,101.5,0.467,0.00
2026-10-05T13:03:41.961,92200,101.8,0.469,0.00
2026-10-05T13:03:42.060,92300,101.7,0.468,0.00
2026-10-05T13:03:42.159,92400,101.7,0.468,0.00
2026-10-05T13:03:42.259,92500,101.7,0.468,0.00
2026-10-05T13:03:42.360,92600,101.7,0.468,0.00
2026-10-05T13:03:42.462,92700,101.5,0.467,0.00
2026-10-05T13:03:42.560,92800,101.6,0.468,0.00
2026-10-05T13:03:42.659,92900,101.5,0.467,0.00
2026-10-05T13:03:42.762,93000,101.4,0.467,0.00
2026-10-05T13:03:42.859,93100,101.9,0.469,0.00
2026-10-05T13:03:42.959,93200,101.4,0.467,0.00
2026-10-05T13:03:43.060,93300,101.4,0.467,0.00
2026-10-05T13:03:43.160,93400,101.8,0.468,0.00
2026-10-05T13:03:43.259,93500,101.8,0.468,0.00
2026-10-05T13:03:43.359,93600,101.8,0.468,0.00
2026-10-05T13:03:43.459,93700,101.8,0.469,0.00
2026-10-05T13:03:43.567,93800,101.6,0.468,0.00
2026-10-05T13:03:43.660,93900,101.6,0.468,0.00
2026-10-05T13:03:43.767,94000,101.7,0.468,0.00
2026-10-05T13:03:43.859,94100,101.8,0.469,0.00
2026-10-05T13:03:43.967,94200,102.0,0.470,0.00
2026-10-05T13:03:44.058,94300,101.6,0.468,0.00
2026-10-05T13:03:44.167,94400,101.6,0.468,0.00
2026-10-05T13:03:44.258,94500,101.7,0.468,0.00
2026-10-05T13:03:44.358,94600,101.6,0.468,0.00
2026-10-05T13:03:44.467,94700,101.3,0.466,0.00
2026-10-05T13:03:44.560,94800,101.4,0.467,0.00
2026-10-05T13:03:44.657,94900,101.6,0.468,0.00
2026-10-05T13:03:44.759,95000,101.7,0.468,0.00
2026-10-05T13:03:44.859,95100,101.6,0.468,0.00
2026-10-05T13:03:44.958,95200,101.7,0.468,0.00
2026-10-05T13:03:45.058,95300,101.8,0.469,0.00
2026-10-05T13:03:45.166,95400,101.8,0.468,0.00
2026-10-05T13:03:45.258,95500,101.8,0.468,0.00
2026-10-05T13:03:45.358,95600,101.3,0.466,0.00
2026-10-05T13:03:45.466,95700,101.9,0.469,0.00
2026-10-05T13:03:45.558,95800,101.8,0.468,0.00
2026-10-05T13:03:45.658,95900,101.7,0.468,0.00
2026-10-05T13:03:45.759,96000,101.3,0.466,0.00
2026-10-05T13:03:45.858,96100,101.8,0.469,0.00
2026-10-05T13:03:45.958,96200,101.5,0.467,0.00
2026-10-05T13:03:46.058,96300,101.7,0.468,0.00
2026-10-05T13:03:46.157,96400,101.7,0.468,0.00
2026-10-05T13:03:46.256,96500,101.4,0.467,0.00
2026-10-05T13:03:46.358,96600,101.9,0.469,0.00
2026-10-05T13:03:46.458,96700,101.6,0.468,0.00
2026-10-05T13:03:46.558,96800,101.7,0.468,0.00
2026-10-05T13:03:46.657,96900,101.4,0.467,0.00
2026-10-05T13:03:46.756,97000,101.3,0.466,0.00
2026-10-05T13:03:46.858,97100,101.8,0.468,0.00
2026-10-05T13:03:46.958,97200,101.8,0.468,0.00
2026-10-05T13:03:47.057,97300,101.6,0.468,0.00
2026-10-05T13:03:47.157,97400,101.6,0.468,0.00
2026-10-05T13:03:47.258,97500,101.8,0.468,0.00
2026-10-05T13:03:47.363,97600,101.6,0.468,0.00
2026-10-05T13:03:47.457,97700,101.7,0.468,0.00
2026-10-05T13:03:47.557,97800,101.8,0.468,0.00
2026-10-05T13:03:47.657,97900,101.5,0.467,0.00
2026-10-05T13:03:47.756,98000,101.5,0.467,0.00
2026-10-05T13:03:47.857,98100,101.7,0.468,0.00
2026-10-05T13:03:47.957,98200,101.6,0.468,0.00
2026-10-05T13:03:48.056,98300,101.8,0.469,0.00
2026-10-05T13:03:48.157,98400,101.2,0.466,0.00
2026-10-05T13:03:48.257,98500,101.6,0.468,0.00
2026-10-05T13:03:48.360,98600,101.6,0.468,0.00
2026-10-05T13:03:48.457,98700,101.6,0.468,0.00
2026-10-05T13:03:48.556,98800,101.2,0.466,0.00
2026-10-05T13:03:48.656,98900,101.9,0.469,0.00
2026-10-05T13:03:48.764,99000,101.4,0.467,0.00
2026-10-05T13:03:48.862,99100,101.6,0.468,0.00
2026-10-05T13:03:48.962,99200,101.8,0.468,0.00
2026-10-05T13:03:49.056,99300,101.4,0.467,0.00
2026-10-05T13:03:49.156,99400,101.4,0.467,0.00
2026-10-05T13:03:49.262,99500,101.8,0.469,0.00
2026-10-05T13:03:49.356,99600,101.5,0.467,0.00
2026-10-05T13:03:49.462,99700,101.4,0.467,0.00
2026-10-05T13:03:49.556,99800,101.1,0.466,0.00
2026-10-05T13:03:49.656,99900,101.8,0.468,0.00
2026-10-05T13:03:49.756,100000,101.4,0.467,0.00
2026-10-05T13:03:49.855,100100,101.6,0.468,0.00
2026-10-05T13:03:49.955,100200,101.4,0.467,0.00
2026-10-05T13:03:50.056,100300,101.6,0.468,0.00
2026-10-05T13:03:50.156,100400,101.8,0.469,0.00
2026-10-05T13:03:50.260,100500,101.4,0.467,0.00
2026-10-05T13:03:50.361,100600,101.1,0.465,0.00
2026-10-05T13:03:50.456,100700,101.7,0.468,0.00
2026-10-05T13:03:50.556,100800,101.6,0.468,0.00
2026-10-05T13:03:50.656,100900,101.6,0.468,0.00
2026-10-05T13:03:50.760,101000,101.8,0.468,0.00
2026-10-05T13:03:50.855,101100,101.8,0.468,0.00
2026-10-05T13:03:50.956,101200,101.6,0.468,0.00
2026-10-05T13:03:51.055,101300,101.8,0.469,0.00
2026-10-05T13:03:51.156,101400,101.4,0.467,0.00
2026-10-05T13:03:51.255,101500,101.6,0.468,0.00
2026-10-05T13:03:51.355,101600,101.7,0.468,0.00
2026-10-05T13:03:51.456,101700,101.4,0.467,0.00
2026-10-05T13:03:51.555,101800,101.6,0.468,0.00
2026-10-05T13:03:51.655,101900,101.8,0.468,0.00
2026-10-05T13:03:51.755,102000,101.6,0.468,0.00
2026-10-05T13:03:51.861,102100,101.7,0.468,0.00
2026-10-05T13:03:51.954,102200,101.5,0.467,0.00
2026-10-05T13:03:52.054,102300,101.6,0.468,0.00
2026-10-05T13:03:52.155,102400,101.7,0.468,0.00
2026-10-05T13:03:52.257,102500,101.4,0.467,0.00
2026-10-05T13:03:52.358,102600,101.7,0.468,0.00
2026-10-05T13:03:52.459,102700,101.4,0.467,0.00
2026-10-05T13:03:52.555,102800,101.8,0.469,0.00
2026-10-05T13:03:52.654,102900,101.4,0.467,0.00
2026-10-05T13:03:52.759,103000,101.4,0.467,0.00
2026-10-05T13:03:52.854,103100,101.5,0.467,0.00
2026-10-05T13:03:52.955,103200,101.7,0.468,0.00
2026-10-05T13:03:53.054,103300,101.7,0.468,0.00
2026-10-05T13:03:53.153,103400,101.5,0.467,0.00
2026-10-05T13:03:53.254,103500,101.8,0.468,0.00
2026-10-05T13:03:53.354,103600,101.5,0.467,0.00
2026-10-05T13:03:53.454,103700,101.5,0.467,0.00
2026-10-05T13:03:53.554,103800,101.9,0.469,0.00
2026-10-05T13:03:53.653,103900,101.8,0.468,0.00
2026-10-05T13:03:53.754,104000,101.5,0.467,0.00
2026-10-05T13:03:53.853,104100,101.8,0.468,0.00
2026-10-05T13:03:53.953,104200,101.5,0.467,0.00
2026-10-05T13:03:54.053,104300,101.6,0.468,0.00
2026-10-05T13:03:54.158,104400,101.7,0.468,0.00
2026-10-05T13:03:54.253,104500,101.6,0.468,0.00
2026-10-05T13:03:54.353,104600,102.0,0.470,0.00
2026-10-05T13:03:54.454,104700,101.6,0.468,0.00
2026-10-05T13:03:54.553,104800,101.8,0.468,0.00
2026-10-05T13:03:54.653,104900,101.9,0.469,0.00
2026-10-05T13:03:54.757,105000,101.6,0.468,0.00
2026-10-05T13:03:54.855,105100,101.6,0.468,0.00
2026-10-05T13:03:54.953,105200,101.8,0.469,0.00
2026-10-05T13:03:55.052,105300,101.6,0.468,0.00
2026-10-05T13:03:55.153,105400,101.3,0.466,0.00
2026-10-05T13:03:55.256,105500,101.5,0.467,0.00
2026-10-05T13:03:55.354,105600,101.7,0.468,0.00
2026-10-05T13:03:55.454,105700,101.8,0.468,0.00
2026-10-05T13:03:55.553,105800,101.7,0.468,0.00
2026-10-05T13:03:55.652,105900,101.4,0.467,0.00
2026-10-05T13:03:55.756,106000,101.8,0.468,0.00
2026-10-05T13:03:55.852,106100,101.6,0.468,0.00
2026-10-05T13:03:55.955,106200,101.1,0.466,0.00
2026-10-05T13:03:56.052,106300,101.7,0.468,0.00
2026-10-05T13:03:56.153,106400,101.6,0.468,0.00
2026-10-05T13:03:56.252,106500,101.6,0.468,0.00
2026-10-05T13:03:56.355,106600,101.6,0.468,0.00
2026-10-05T13:03:56.452,106700,101.9,0.469,0.00
2026-10-05T13:03:56.555,106800,101.6,0.468,0.00
2026-10-05T13:03:56.652,106900,101.4,0.467,0.00
2026-10-05T13:03:56.756,107000,101.5,0.467,0.00
2026-10-05T13:03:56.853,107100,101.6,0.468,0.00
2026-10-05T13:03:56.955,107200,101.6,0.468,0.00
2026-10-05T13:03:57.051,107300,101.4,0.467,0.00
2026-10-05T13:03:57.152,107400,101.9,0.469,0.00
2026-10-05T13:03:57.252,107500,101.8,0.469,0.00
2026-10-05T13:03:57.355,107600,101.5,0.467,0.00
2026-10-05T13:03:57.454,107700,101.7,0.468,0.00
2026-10-05T13:03:57.551,107800,101.8,0.469,0.00
2026-10-05T13:03:57.651,107900,101.6,0.468,0.00
2026-10-05T13:03:57.751,108000,101.7,0.468,0.00
2026-10-05T13:03:57.852,108100,101.6,0.468,0.00
2026-10-05T13:03:57.954,108200,102.0,0.470,0.00
2026-10-05T13:03:58.051,108300,101.8,0.468,0.00
2026-10-05T13:03:58.151,108400,102.1,0.470,0.00
2026-10-05T13:03:58.251,108500,103.9,0.478,0.08
2026-10-05T13:03:58.352,108600,106.5,0.490,0.38
2026-10-05T13:03:58.451,108700,108.0,0.497,0.55
2026-10-05T13:03:58.551,108800,108.9,0.502,0.66
2026-10-05T13:03:58.651,108900,109.4,0.504,0.72
2026-10-05T13:03:58.751,109000,109.8,0.505,0.75
2026-10-05T13:03:58.852,109100,109.7,0.505,0.75
2026-10-05T13:03:58.952,109200,109.9,0.506,0.77
2026-10-05T13:03:59.051,109300,109.8,0.505,0.75
2026-10-05T13:03:59.151,109400,109.6,0.505,0.74
2026-10-05T13:03:59.251,109500,109.7,0.505,0.75
2026-10-05T13:03:59.351,109600,109.8,0.506,0.76
2026-10-05T13:03:59.452,109700,109.8,0.506,0.76
2026-10-05T13:03:59.550,109800,109.5,0.504,0.72
2026-10-05T13:03:59.651,109900,109.7,0.505,0.75
2026-10-05T13:03:59.751,110000,109.2,0.503,0.69
2026-10-05T13:03:59.850,110100,109.9,0.506,0.77
2026-10-05T13:03:59.951,110200,109.6,0.504,0.73
2026-10-05T13:04:00.051,110300,109.4,0.504,0.72
2026-10-05T13:04:00.150,110400,109.7,0.505,0.75
2026-10-05T13:04:00.250,110500,109.8,0.506,0.76
2026-10-05T13:04:00.350,110600,109.3,0.503,0.70
2026-10-05T13:04:00.450,110700,109.8,0.506,0.76
2026-10-05T13:04:00.549,110800,109.9,0.506,0.77
2026-10-05T13:04:00.651,110900,109.4,0.504,0.71
2026-10-05T13:04:00.750,111000,109.6,0.505,0.74
2026-10-05T13:04:00.850,111100,109.5,0.504,0.72
2026-10-05T13:04:00.950,111200,109.8,0.506,0.76
2026-10-05T13:04:01.052,111300,109.8,0.505,0.75
2026-10-05T13:04:01.152,111400,109.9,0.506,0.77
2026-10-05T13:04:01.250,111500,109.5,0.504,0.72
2026-10-05T13:04:01.350,111600,109.9,0.506,0.77
2026-10-05T13:04:01.449,111700,109.8,0.505,0.75
2026-10-05T13:04:01.550,111800,109.9,0.506,0.77
2026-10-05T13:04:01.650,111900,109.8,0.506,0.76
2026-10-05T13:04:01.749,112000,109.6,0.505,0.74
2026-10-05T13:04:01.849,112100,109.4,0.504,0.72
2026-10-05T13:04:01.949,112200,109.3,0.503,0.70
2026-10-05T13:04:02.049,112300,109.4,0.504,0.71
2026-10-05T13:04:02.149,112400,109.6,0.504,0.73
2026-10-05T13:04:02.249,112500,109.4,0.504,0.72
2026-10-05T13:04:02.349,112600,109.4,0.504,0.72
2026-10-05T13:04:02.449,112700,109.7,0.505,0.75
2026-10-05T13:04:02.549,112800,109.8,0.505,0.75
2026-10-05T13:04:02.649,112900,109.8,0.505,0.75
2026-10-05T13:04:02.749,113000,110.7,0.510,0.86
2026-10-05T13:04:02.849,113100,111.3,0.512,0.92
2026-10-05T13:04:02.949,113200,111.9,0.515,1.00
2026-10-05T13:04:03.049,113300,112.1,0.516,1.02
2026-10-05T13:04:03.149,113400,112.1,0.516,1.02
2026-10-05T13:04:03.249,113500,112.2,0.517,1.03
2026-10-05T13:04:03.349,113600,112.5,0.518,1.07
2026-10-05T13:04:03.449,113700,112.3,0.517,1.05
2026-10-05T13:04:03.548,113800,112.6,0.518,1.07
2026-10-05T13:04:03.648,113900,112.4,0.518,1.06
2026-10-05T13:04:03.748,114000,112.4,0.518,1.06
2026-10-05T13:04:03.849,114100,112.6,0.518,1.07
2026-10-05T13:04:03.949,114200,112.5,0.518,1.07
2026-10-05T13:04:04.048,114300,112.3,0.517,1.05
2026-10-05T13:04:04.148,114400,112.4,0.517,1.05
2026-10-05T13:04:04.247,114500,112.8,0.519,1.10
2026-10-05T13:04:04.348,114600,112.5,0.518,1.07
2026-10-05T13:04:04.448,114700,112.8,0.519,1.10
2026-10-05T13:04:04.548,114800,112.8,0.519,1.10
2026-10-05T13:04:04.649,114900,112.6,0.519,1.08
2026-10-05T13:04:04.734,115000,112.8,0.519,1.10
2026-10-05T13:04:04.847,115100,112.9,0.520,1.11
2026-10-05T13:04:04.942,115200,112.6,0.518,1.07
2026-10-05T13:04:05.048,115300,112.5,0.518,1.07
2026-10-05T13:04:05.148,115400,112.6,0.519,1.08
2026-10-05T13:04:05.234,115500,112.6,0.519,1.08
2026-10-05T13:04:05.334,115600,112.9,0.520,1.11
2026-10-05T13:04:05.448,115700,112.8,0.519,1.10
2026-10-05T13:04:05.534,115800,112.7,0.519,1.09
2026-10-05T13:04:05.634,115900,112.8,0.519,1.10
2026-10-05T13:04:05.742,116000,112.8,0.519,1.10
2026-10-05T13:04:05.846,116100,112.8,0.519,1.10
2026-10-05T13:04:05.946,116200,112.9,0.520,1.12
2026-10-05T13:04:06.047,116300,112.9,0.520,1.12
2026-10-05T13:04:06.146,116400,112.9,0.520,1.12
2026-10-05T13:04:06.231,116500,113.5,0.523,1.18
2026-10-05T13:04:06.346,116600,113.5,0.523,1.18
2026-10-05T13:04:06.431,116700,113.6,0.523,1.20
2026-10-05T13:04:06.531,116800,113.6,0.523,1.20
2026-10-05T13:04:06.647,116900,113.9,0.524,1.22
2026-10-05T13:04:06.731,117000,113.7,0.523,1.20
2026-10-05T13:04:06.831,117100,114.3,0.526,1.27
2026-10-05T13:04:06.946,117200,114.4,0.527,1.29
2026-10-05T13:04:07.033,117300,114.4,0.527,1.28
2026-10-05T13:04:07.131,117400,115.1,0.530,1.36
2026-10-05T13:04:07.231,117500,115.1,0.530,1.37
2026-10-05T13:04:07.330,117600,115.3,0.531,1.39
2026-10-05T13:04:07.445,117700,115.9,0.534,1.45
2026-10-05T13:04:07.545,117800,115.8,0.533,1.45
2026-10-05T13:04:07.631,117900,116.1,0.535,1.48
2026-10-05T13:04:07.730,118000,116.4,0.536,1.51
2026-10-05T13:04:07.831,118100,116.6,0.537,1.54
2026-10-05T13:04:07.930,118200,117.1,0.539,1.59
2026-10-05T13:04:08.030,118300,117.4,0.541,1.63
2026-10-05T13:04:08.130,118400,117.9,0.543,1.68
2026-10-05T13:04:08.231,118500,117.7,0.542,1.66
2026-10-05T13:04:08.333,118600,118.2,0.544,1.72
2026-10-05T13:04:08.430,118700,118.5,0.546,1.75
2026-10-05T13:04:08.544,118800,119.1,0.548,1.82
2026-10-05T13:04:08.630,118900,119.3,0.549,1.85
2026-10-05T13:04:08.730,119000,119.9,0.552,1.92
2026-10-05T13:04:08.830,119100,120.4,0.554,1.97
2026-10-05T13:04:08.930,119200,120.6,0.555,1.99
2026-10-05T13:04:09.033,119300,120.8,0.556,2.02
2026-10-05T13:04:09.143,119400,121.5,0.559,2.10
2026-10-05T13:04:09.229,119500,121.5,0.559,2.10
2026-10-05T13:04:09.329,119600,122.3,0.563,2.18
2026-10-05T13:04:09.429,119700,122.6,0.565,2.23
2026-10-05T13:04:09.544,119800,122.6,0.565,2.23
2026-10-05T13:04:09.642,119900,123.1,0.567,2.28
2026-10-05T13:04:09.729,120000,123.4,0.568,2.31
2026-10-05T13:04:09.830,120100,124.0,0.571,2.38
2026-10-05T13:04:09.929,120200,124.1,0.571,2.39
2026-10-05T13:04:10.029,120300,124.8,0.575,2.48
2026-10-05T13:04:10.131,120400,125.1,0.576,2.51
2026-10-05T13:04:10.233,120500,125.8,0.579,2.58
2026-10-05T13:04:10.329,120600,126.4,0.582,2.66
2026-10-05T13:04:10.441,120700,127.1,0.585,2.74
2026-10-05T13:04:10.529,120800,127.8,0.588,2.82
2026-10-05T13:04:10.629,120900,128.0,0.589,2.84
2026-10-05T13:04:10.729,121000,129.3,0.595,2.98
2026-10-05T13:04:10.829,121100,129.6,0.597,3.02
2026-10-05T13:04:10.941,121200,130.3,0.600,3.10
2026-10-05T13:04:11.029,121300,130.8,0.602,3.16
2026-10-05T13:04:11.128,121400,130.9,0.603,3.17
2026-10-05T13:04:11.242,121500,131.5,0.605,3.24
2026-10-05T13:04:11.328,121600,131.9,0.607,3.29
2026-10-05T13:04:11.428,121700,132.0,0.608,3.30
2026-10-05T13:04:11.528,121800,132.0,0.608,3.30
2026-10-05T13:04:11.641,121900,132.5,0.610,3.36
2026-10-05T13:04:11.728,122000,132.4,0.609,3.34
2026-10-05T13:04:11.828,122100,132.4,0.609,3.34
2026-10-05T13:04:11.928,122200,132.3,0.609,3.33
2026-10-05T13:04:12.033,122300,132.4,0.610,3.35
2026-10-05T13:04:12.128,122400,133.1,0.613,3.42
2026-10-05T13:04:12.240,122500,133.2,0.613,3.43
2026-10-05T13:04:12.328,122600,133.8,0.616,3.50
2026-10-05T13:04:12.428,122700,134.2,0.618,3.55
2026-10-05T13:04:12.528,122800,134.6,0.620,3.60
2026-10-05T13:04:12.628,122900,135.6,0.624,3.71
2026-10-05T13:04:12.727,123000,136.1,0.627,3.77
2026-10-05T13:04:12.828,123100,136.8,0.630,3.85
2026-10-05T13:04:12.936,123200,136.9,0.630,3.86
2026-10-05T13:04:13.027,123300,137.8,0.635,3.96
2026-10-05T13:04:13.128,123400,138.4,0.637,4.03
2026-10-05T13:04:13.227,123500,138.9,0.640,4.09
2026-10-05T13:04:13.327,123600,139.4,0.642,4.14
2026-10-05T13:04:13.426,123700,139.8,0.643,4.18
2026-10-05T13:04:13.527,123800,140.4,0.647,4.26
2026-10-05T13:04:13.628,123900,140.8,0.648,4.30
2026-10-05T13:04:13.727,124000,140.9,0.649,4.31
2026-10-05T13:04:13.839,124100,141.6,0.652,4.40
2026-10-05T13:04:13.927,124200,141.9,0.653,4.43
2026-10-05T13:04:14.027,124300,142.3,0.655,4.48
2026-10-05T13:04:14.127,124400,142.3,0.655,4.48
2026-10-05T13:04:14.228,124500,142.7,0.657,4.52
2026-10-05T13:04:14.332,124600,142.9,0.658,4.55
2026-10-05T13:04:14.427,124700,143.1,0.659,4.57
2026-10-05T13:04:14.527,124800,143.2,0.659,4.58
2026-10-05T13:04:14.627,124900,143.3,0.660,4.59
2026-10-05T13:04:14.728,125000,143.5,0.661,4.61
2026-10-05T13:04:14.837,125100,143.3,0.660,4.59
2026-10-05T13:04:14.926,125200,143.6,0.661,4.63
2026-10-05T13:04:15.030,125300,143.7,0.662,4.63
2026-10-05T13:04:15.126,125400,143.8,0.662,4.64
2026-10-05T13:04:15.227,125500,143.5,0.661,4.61
2026-10-05T13:04:15.325,125600,143.9,0.663,4.66
2026-10-05T13:04:15.437,125700,144.0,0.663,4.67
2026-10-05T13:04:15.526,125800,144.9,0.667,4.78
2026-10-05T13:04:15.626,125900,145.3,0.669,4.81
2026-10-05T13:04:15.726,126000,145.8,0.671,4.88
2026-10-05T13:04:15.837,126100,146.2,0.673,4.92
2026-10-05T13:04:15.926,126200,146.8,0.676,4.99
2026-10-05T13:04:16.026,126300,147.3,0.678,5.05
2026-10-05T13:04:16.126,126400,147.6,0.680,5.09
2026-10-05T13:04:16.227,126500,148.1,0.682,5.14
2026-10-05T13:04:16.333,126600,148.6,0.684,5.20
2026-10-05T13:04:16.436,126700,149.0,0.686,5.24
2026-10-05T13:04:16.526,126800,149.9,0.690,5.35
2026-10-05T13:04:16.626,126900,150.4,0.693,5.41
2026-10-05T13:04:16.725,127000,151.8,0.699,5.56
2026-10-05T13:04:16.825,127100,152.6,0.703,5.66
2026-10-05T13:04:16.925,127200,153.6,0.707,5.76
2026-10-05T13:04:17.025,127300,154.5,0.711,5.87
2026-10-05T13:04:17.132,127400,155.7,0.717,6.01
2026-10-05T13:04:17.225,127500,156.3,0.719,6.07
2026-10-05T13:04:17.325,127600,157.1,0.723,6.16
2026-10-05T13:04:17.425,127700,157.9,0.727,6.26
2026-10-05T13:04:17.524,127800,158.4,0.729,6.31
2026-10-05T13:04:17.635,127900,158.6,0.730,6.34
2026-10-05T13:04:17.723,128000,158.9,0.731,6.37
2026-10-05T13:04:17.835,128100,158.8,0.731,6.36
2026-10-05T13:04:17.925,128200,159.2,0.733,6.41
2026-10-05T13:04:18.024,128300,158.8,0.731,6.36
2026-10-05T13:04:18.132,128400,159.2,0.733,6.41
2026-10-05T13:04:18.224,128500,159.4,0.734,6.44
2026-10-05T13:04:18.324,128600,159.2,0.733,6.41
2026-10-05T13:04:18.425,128700,159.1,0.732,6.39
2026-10-05T13:04:18.525,128800,159.6,0.735,6.46
2026-10-05T13:04:18.623,128900,159.4,0.734,6.44
2026-10-05T13:04:18.734,129000,159.6,0.735,6.46
2026-10-05T13:04:18.832,129100,159.6,0.735,6.46
2026-10-05T13:04:18.924,129200,160.4,0.738,6.54
2026-10-05T13:04:19.023,129300,161.6,0.744,6.68
2026-10-05T13:04:19.124,129400,162.0,0.746,6.73
2026-10-05T13:04:19.224,129500,162.8,0.749,6.82
2026-10-05T13:04:19.333,129600,163.6,0.753,6.92
2026-10-05T13:04:19.424,129700,164.4,0.757,7.01
2026-10-05T13:04:19.522,129800,165.3,0.761,7.10
2026-10-05T13:04:19.623,129900,165.9,0.764,7.18
2026-10-05T13:04:19.723,130000,166.6,0.767,7.25
2026-10-05T13:04:19.824,130100,167.3,0.770,7.33
2026-10-05T13:04:19.923,130200,168.1,0.774,7.43
2026-10-05T13:04:20.025,130300,168.8,0.777,7.51
2026-10-05T13:04:20.133,130400,169.3,0.780,7.57
2026-10-05T13:04:20.224,130500,169.7,0.781,7.61
2026-10-05T13:04:20.323,130600,170.1,0.783,7.66
2026-10-05T13:04:20.423,130700,170.1,0.783,7.66
2026-10-05T13:04:20.523,130800,170.8,0.786,7.74
2026-10-05T13:04:20.622,130900,170.4,0.785,7.69
2026-10-05T13:04:20.732,131000,170.6,0.786,7.72
2026-10-05T13:04:20.826,131100,170.4,0.784,7.69
2026-10-05T13:04:20.922,131200,170.8,0.786,7.73
2026-10-05T13:04:21.022,131300,170.7,0.786,7.72
2026-10-05T13:04:21.123,131400,170.6,0.785,7.71
2026-10-05T13:04:21.221,131500,171.1,0.788,7.77
2026-10-05T13:04:21.332,131600,171.0,0.787,7.76
2026-10-05T13:04:21.423,131700,170.8,0.786,7.73
2026-10-05T13:04:21.523,131800,170.8,0.786,7.73
2026-10-05T13:04:21.622,131900,170.5,0.785,7.70
2026-10-05T13:04:21.732,132000,170.9,0.787,7.75
2026-10-05T13:04:21.823,132100,170.9,0.787,7.74
2026-10-05T13:04:21.922,132200,170.6,0.785,7.71
2026-10-05T13:04:22.022,132300,170.5,0.785,7.70
2026-10-05T13:04:22.122,132400,170.9,0.787,7.75
2026-10-05T13:04:22.222,132500,170.8,0.786,7.74
2026-10-05T13:04:22.331,132600,170.7,0.786,7.72
2026-10-05T13:04:22.423,132700,170.5,0.785,7.70
2026-10-05T13:04:22.522,132800,170.6,0.785,7.71
2026-10-05T13:04:22.622,132900,170.7,0.786,7.72
2026-10-05T13:04:22.723,133000,170.8,0.786,7.74
2026-10-05T13:04:22.823,133100,170.4,0.785,7.69
2026-10-05T13:04:22.923,133200,170.4,0.785,7.69
2026-10-05T13:04:23.023,133300,170.8,0.786,7.74
2026-10-05T13:04:23.123,133400,170.7,0.786,7.72
2026-10-05T13:04:23.223,133500,170.5,0.785,7.70
2026-10-05T13:04:23.323,133600,170.9,0.787,7.74
2026-10-05T13:04:23.424,133700,170.6,0.786,7.72
2026-10-05T13:04:23.524,133800,170.9,0.787,7.75
2026-10-05T13:04:23.624,133900,170.3,0.784,7.67
2026-10-05T13:04:23.724,134000,170.9,0.787,7.75
2026-10-05T13:04:23.824,134100,170.6,0.786,7.72
2026-10-05T13:04:23.924,134200,170.5,0.785,7.70
2026-10-05T13:04:24.029,134300,170.6,0.786,7.72
2026-10-05T13:04:24.124,134400,170.6,0.786,7.72
2026-10-05T13:04:24.224,134500,170.9,0.787,7.75
2026-10-05T13:04:24.324,134600,170.5,0.785,7.70
2026-10-05T13:04:24.424,134700,170.9,0.787,7.75
2026-10-05T13:04:24.524,134800,170.9,0.787,7.74
2026-10-05T13:04:24.624,134900,170.6,0.786,7.72
2026-10-05T13:04:24.728,135000,170.7,0.786,7.72
2026-10-05T13:04:24.824,135100,170.6,0.785,7.71
2026-10-05T13:04:24.924,135200,170.5,0.785,7.70
2026-10-05T13:04:25.024,135300,170.5,0.785,7.70
2026-10-05T13:04:25.125,135400,170.2,0.784,7.67
2026-10-05T13:04:25.225,135500,170.5,0.785,7.70
2026-10-05T13:04:25.325,135600,170.6,0.786,7.72
2026-10-05T13:04:25.429,135700,170.9,0.787,7.75
2026-10-05T13:04:25.525,135800,170.9,0.787,7.74
2026-10-05T13:04:25.625,135900,170.6,0.786,7.72
2026-10-05T13:04:25.725,136000,170.9,0.787,7.75
2026-10-05T13:04:25.825,136100,171.3,0.789,7.79
2026-10-05T13:04:25.925,136200,171.6,0.790,7.83
2026-10-05T13:04:26.028,136300,172.3,0.793,7.91
2026-10-05T13:04:26.128,136400,172.9,0.796,7.98
2026-10-05T13:04:26.219,136500,174.0,0.801,8.10
2026-10-05T13:04:26.328,136600,174.4,0.803,8.15
2026-10-05T13:04:26.428,136700,175.3,0.807,8.25
2026-10-05T13:04:26.526,136800,176.3,0.812,8.37
2026-10-05T13:04:26.620,136900,176.8,0.814,8.42
2026-10-05T13:04:26.720,137000,177.6,0.818,8.51
2026-10-05T13:04:26.819,137100,178.5,0.822,8.62
2026-10-05T13:04:26.920,137200,179.2,0.825,8.70
2026-10-05T13:04:27.027,137300,180.0,0.829,8.79
2026-10-05T13:04:27.119,137400,180.5,0.831,8.85
2026-10-05T13:04:27.219,137500,181.3,0.834,8.93
2026-10-05T13:04:27.319,137600,181.8,0.837,8.99
2026-10-05T13:04:27.419,137700,182.2,0.839,9.04
2026-10-05T13:04:27.523,137800,182.2,0.839,9.04
2026-10-05T13:04:27.620,137900,182.6,0.841,9.08
2026-10-05T13:04:27.719,138000,182.7,0.841,9.10
2026-10-05T13:04:27.826,138100,183.1,0.843,9.14
2026-10-05T13:04:27.920,138200,183.4,0.844,9.17
2026-10-05T13:04:28.019,138300,183.8,0.846,9.22
2026-10-05T13:04:28.118,138400,183.6,0.845,9.20
2026-10-05T13:04:28.220,138500,184.1,0.847,9.25
2026-10-05T13:04:28.319,138600,184.3,0.849,9.28
2026-10-05T13:04:28.419,138700,184.4,0.849,9.29
2026-10-05T13:04:28.520,138800,184.8,0.851,9.33
2026-10-05T13:04:28.625,138900,184.9,0.851,9.35
2026-10-05T13:04:28.719,139000,185.4,0.853,9.40
2026-10-05T13:04:28.819,139100,185.4,0.853,9.40
2026-10-05T13:04:28.919,139200,186.3,0.858,9.51
2026-10-05T13:04:29.018,139300,186.8,0.860,9.57
2026-10-05T13:04:29.119,139400,187.3,0.862,9.62
2026-10-05T13:04:29.218,139500,187.8,0.865,9.68
2026-10-05T13:04:29.319,139600,187.9,0.865,9.70
2026-10-05T13:04:29.418,139700,188.6,0.868,9.78
2026-10-05T13:04:29.521,139800,189.1,0.870,9.83
2026-10-05T13:04:29.618,139900,189.9,0.874,9.92
2026-10-05T13:04:29.717,140000,190.2,0.876,9.95
2026-10-05T13:04:29.818,140100,190.7,0.878,10.01
2026-10-05T13:04:29.918,140200,191.4,0.881,10.09
2026-10-05T13:04:30.018,140300,191.9,0.883,10.15
2026-10-05T13:04:30.118,140400,192.4,0.886,10.21
2026-10-05T13:04:30.217,140500,192.8,0.887,10.25
2026-10-05T13:04:30.323,140600,193.4,0.890,10.32
2026-10-05T13:04:30.424,140700,194.1,0.894,10.40
2026-10-05T13:04:30.517,140800,194.4,0.895,10.44
2026-10-05T13:04:30.617,140900,195.1,0.898,10.52
2026-10-05T13:04:30.718,141000,195.4,0.900,10.55
2026-10-05T13:04:30.817,141100,195.6,0.900,10.57
2026-10-05T13:04:30.917,141200,196.1,0.903,10.63
2026-10-05T13:04:31.017,141300,196.4,0.904,10.66
2026-10-05T13:04:31.117,141400,196.6,0.905,10.69
2026-10-05T13:04:31.222,141500,197.4,0.909,10.78
2026-10-05T13:04:31.317,141600,197.5,0.909,10.79
2026-10-05T13:04:31.417,141700,198.2,0.912,10.87
2026-10-05T13:04:31.517,141800,198.4,0.913,10.89
2026-10-05T13:04:31.617,141900,198.4,0.914,10.90
2026-10-05T13:04:31.717,142000,198.8,0.915,10.94
2026-10-05T13:04:31.816,142100,199.6,0.919,11.03
2026-10-05T13:04:31.916,142200,199.8,0.920,11.05
2026-10-05T13:04:32.017,142300,200.1,0.921,11.09
2026-10-05T13:04:32.117,142400,200.3,0.922,11.10
2026-10-05T13:04:32.217,142500,201.2,0.926,11.21
2026-10-05T13:04:32.321,142600,201.6,0.928,11.26
2026-10-05T13:04:32.417,142700,202.1,0.930,11.31
2026-10-05T13:04:32.518,142800,202.6,0.933,11.38
2026-10-05T13:04:32.616,142900,203.1,0.935,11.43
2026-10-05T13:04:32.716,143000,203.8,0.938,11.51
2026-10-05T13:04:32.816,143100,204.2,0.940,11.56
2026-10-05T13:04:32.917,143200,204.9,0.944,11.64
2026-10-05T13:04:33.016,143300,205.6,0.946,11.71
2026-10-05T13:04:33.116,143400,206.3,0.950,11.79
2026-10-05T13:04:33.216,143500,206.6,0.951,11.83
2026-10-05T13:04:33.316,143600,207.3,0.954,11.91
2026-10-05T13:04:33.416,143700,207.8,0.957,11.96
2026-10-05T13:04:33.517,143800,208.1,0.958,12.01
2026-10-05T13:04:33.616,143900,208.2,0.959,12.01
2026-10-05T13:04:33.716,144000,209.1,0.963,12.11
2026-10-05T13:04:33.816,144100,209.3,0.963,12.13
2026-10-05T13:04:33.920,144200,209.3,0.963,12.13
2026-10-05T13:04:34.016,144300,209.6,0.965,12.17
2026-10-05T13:04:34.116,144400,209.6,0.965,12.18
2026-10-05T13:04:34.215,144500,209.5,0.965,12.16
2026-10-05T13:04:34.316,144600,209.9,0.966,12.21
2026-10-05T13:04:34.419,144700,209.6,0.965,12.18
2026-10-05T13:04:34.516,144800,209.9,0.966,12.21
2026-10-05T13:04:34.615,144900,209.9,0.967,12.21
2026-10-05T13:04:34.715,145000,209.7,0.965,12.18
2026-10-05T13:04:34.815,145100,209.9,0.967,12.21
2026-10-05T13:04:34.915,145200,209.9,0.966,12.21
2026-10-05T13:04:35.015,145300,209.9,0.967,12.21
2026-10-05T13:04:35.116,145400,209.8,0.966,12.20
2026-10-05T13:04:35.219,145500,209.6,0.965,12.18
2026-10-05T13:04:35.315,145600,209.9,0.967,12.21
2026-10-05T13:04:35.415,145700,209.9,0.966,12.21
2026-10-05T13:04:35.515,145800,209.9,0.967,12.21
2026-10-05T13:04:35.615,145900,210.1,0.967,12.23
2026-10-05T13:04:35.719,146000,209.8,0.966,12.19
2026-10-05T13:04:35.818,146100,209.7,0.965,12.18
2026-10-05T13:04:35.914,146200,209.8,0.966,12.19
2026-10-05T13:04:36.016,146300,209.8,0.966,12.19
2026-10-05T13:04:36.116,146400,209.8,0.966,12.19
2026-10-05T13:04:36.218,146500,209.8,0.966,12.20
2026-10-05T13:04:36.318,146600,209.9,0.966,12.21
2026-10-05T13:04:36.415,146700,209.6,0.965,12.17
2026-10-05T13:04:36.515,146800,209.9,0.966,12.21
2026-10-05T13:04:36.618,146900,209.6,0.965,12.18
2026-10-05T13:04:36.715,147000,209.8,0.966,12.20
2026-10-05T13:04:36.814,147100,209.8,0.966,12.20
2026-10-05T13:04:36.914,147200,210.1,0.967,12.23
2026-10-05T13:04:37.014,147300,209.6,0.965,12.17
2026-10-05T13:04:37.113,147400,209.8,0.966,12.19
2026-10-05T13:04:37.215,147500,209.6,0.965,12.18
2026-10-05T13:04:37.314,147600,210.1,0.967,12.23
2026-10-05T13:04:37.414,147700,209.8,0.966,12.20
2026-10-05T13:04:37.514,147800,209.7,0.965,12.18
2026-10-05T13:04:37.616,147900,209.8,0.966,12.19
2026-10-05T13:04:37.715,148000,209.6,0.965,12.18
2026-10-05T13:04:37.814,148100,209.5,0.965,12.16
2026-10-05T13:04:37.913,148200,209.8,0.966,12.19
2026-10-05T13:04:38.013,148300,209.8,0.966,12.20
2026-10-05T13:04:38.113,148400,209.8,0.966,12.19
2026-10-05T13:04:38.216,148500,209.9,0.967,12.21
2026-10-05T13:04:38.313,148600,210.1,0.967,12.23
2026-10-05T13:04:38.413,148700,209.7,0.965,12.18
2026-10-05T13:04:38.514,148800,209.8,0.966,12.20
2026-10-05T13:04:38.614,148900,209.8,0.966,12.19
2026-10-05T13:04:38.713,149000,209.9,0.966,12.21
2026-10-05T13:04:38.813,149100,209.8,0.966,12.20
2026-10-05T13:04:38.913,149200,209.8,0.966,12.20
2026-10-05T13:04:39.015,149300,209.8,0.966,12.20
2026-10-05T13:04:39.114,149400,210.1,0.967,12.23
2026-10-05T13:04:39.215,149500,209.4,0.964,12.15
2026-10-05T13:04:39.313,149600,210.1,0.967,12.23
2026-10-05T13:04:39.413,149700,209.9,0.966,12.21
2026-10-05T13:04:39.512,149800,210.0,0.967,12.22
2026-10-05T13:04:39.613,149900,209.8,0.966,12.20
2026-10-05T13:04:39.713,150000,210.1,0.967,12.23
2026-10-05T13:04:39.815,150100,209.9,0.966,12.21
2026-10-05T13:04:39.912,150200,209.9,0.966,12.21
2026-10-05T13:04:40.014,150300,209.9,0.967,12.21
2026-10-05T13:04:40.112,150400,210.1,0.967,12.23
2026-10-05T13:04:40.213,150500,209.9,0.966,12.21
2026-10-05T13:04:40.311,150600,209.6,0.965,12.18
2026-10-05T13:04:40.414,150700,209.8,0.966,12.20
2026-10-05T13:04:40.512,150800,210.2,0.968,12.24
2026-10-05T13:04:40.612,150900,209.8,0.966,12.20
2026-10-05T13:04:40.712,151000,210.1,0.967,12.23
2026-10-05T13:04:40.811,151100,210.1,0.967,12.23
2026-10-05T13:04:40.912,151200,210.3,0.968,12.25
2026-10-05T13:04:41.013,151300,209.8,0.966,12.20
2026-10-05T13:04:41.112,151400,209.9,0.967,12.21
2026-10-05T13:04:41.214,151500,209.7,0.965,12.18
2026-10-05T13:04:41.313,151600,209.9,0.967,12.21
2026-10-05T13:04:41.413,151700,210.1,0.967,12.23
2026-10-05T13:04:41.512,151800,210.1,0.967,12.23
2026-10-05T13:04:41.612,151900,209.9,0.967,12.21
2026-10-05T13:04:41.711,152000,210.1,0.967,12.23
2026-10-05T13:04:41.812,152100,210.2,0.968,12.24
2026-10-05T13:04:41.911,152200,209.9,0.966,12.21
2026-10-05T13:04:42.012,152300,210.2,0.968,12.24
2026-10-05T13:04:42.111,152400,209.7,0.965,12.18
2026-10-05T13:04:42.211,152500,209.9,0.966,12.21
2026-10-05T13:04:42.312,152600,210.1,0.967,12.23
2026-10-05T13:04:42.412,152700,210.1,0.967,12.23
2026-10-05T13:04:42.511,152800,209.7,0.965,12.18
2026-10-05T13:04:42.611,152900,210.0,0.967,12.22
2026-10-05T13:04:42.711,153000,209.8,0.966,12.20
2026-10-05T13:04:42.811,153100,209.8,0.966,12.20
2026-10-05T13:04:42.912,153200,209.9,0.967,12.21
2026-10-05T13:04:43.011,153300,210.3,0.968,12.26
2026-10-05T13:04:43.111,153400,210.1,0.967,12.23
2026-10-05T13:04:43.211,153500,210.1,0.967,12.23
2026-10-05T13:04:43.311,153600,210.3,0.968,12.25
2026-10-05T13:04:43.410,153700,210.1,0.967,12.23
2026-10-05T13:04:43.512,153800,209.9,0.967,12.21
2026-10-05T13:04:43.610,153900,210.1,0.967,12.23
2026-10-05T13:04:43.696,154000,209.9,0.966,12.21
2026-10-05T13:04:43.810,154100,210.0,0.967,12.22
2026-10-05T13:04:43.895,154200,210.1,0.967,12.23
2026-10-05T13:04:44.009,154300,209.8,0.966,12.19
2026-10-05T13:04:44.111,154400,209.8,0.966,12.19
2026-10-05T13:04:44.195,154500,210.0,0.967,12.22
2026-10-05T13:04:44.310,154600,210.0,0.967,12.22
2026-10-05T13:04:44.411,154700,210.1,0.967,12.23
2026-10-05T13:04:44.510,154800,210.1,0.967,12.23
2026-10-05T13:04:44.610,154900,209.9,0.966,12.21
2026-10-05T13:04:44.710,155000,210.0,0.967,12.22
2026-10-05T13:04:44.810,155100,210.1,0.967,12.23
2026-10-05T13:04:44.910,155200,209.9,0.966,12.21
2026-10-05T13:04:45.010,155300,209.9,0.967,12.21
2026-10-05T13:04:45.110,155400,210.1,0.967,12.23
2026-10-05T13:04:45.210,155500,209.8,0.966,12.20
2026-10-05T13:04:45.310,155600,209.9,0.966,12.21
2026-10-05T13:04:45.394,155700,209.9,0.967,12.21
2026-10-05T13:04:45.494,155800,210.2,0.968,12.24
2026-10-05T13:04:45.608,155900,209.9,0.966,12.21
2026-10-05T13:04:45.693,156000,210.1,0.967,12.23
2026-10-05T13:04:45.809,156100,209.9,0.967,12.21
2026-10-05T13:04:45.909,156200,210.2,0.968,12.24
2026-10-05T13:04:45.993,156300,210.2,0.968,12.24
2026-10-05T13:04:46.108,156400,210.2,0.968,12.24
2026-10-05T13:04:46.209,156500,209.7,0.965,12.18
2026-10-05T13:04:46.308,156600,210.0,0.967,12.22
2026-10-05T13:04:46.393,156700,210.1,0.967,12.23
2026-10-05T13:04:46.493,156800,209.8,0.966,12.19
2026-10-05T13:04:46.601,156900,210.0,0.967,12.22
2026-10-05T13:04:46.709,157000,209.9,0.966,12.21
2026-10-05T13:04:46.793,157100,210.1,0.967,12.23
2026-10-05T13:04:46.893,157200,210.0,0.967,12.22
2026-10-05T13:04:46.993,157300,210.1,0.967,12.23
2026-10-05T13:04:47.093,157400,210.0,0.967,12.22
2026-10-05T13:04:47.207,157500,210.2,0.968,12.24
2026-10-05T13:04:47.293,157600,210.2,0.968,12.24
2026-10-05T13:04:47.393,157700,210.2,0.968,12.24
2026-10-05T13:04:47.493,157800,210.2,0.968,12.24
2026-10-05T13:04:47.593,157900,210.0,0.967,12.22
2026-10-05T13:04:47.707,158000,209.9,0.966,12.21
2026-10-05T13:04:47.806,158100,210.1,0.967,12.23
2026-10-05T13:04:47.908,158200,210.3,0.968,12.25
2026-10-05T13:04:47.992,158300,210.1,0.967,12.23
2026-10-05T13:04:48.092,158400,210.3,0.968,12.25
2026-10-05T13:04:48.192,158500,209.9,0.966,12.21
2026-10-05T13:04:48.293,158600,210.1,0.967,12.23
2026-10-05T13:04:48.392,158700,210.0,0.967,12.22
2026-10-05T13:04:48.492,158800,209.8,0.966,12.20
2026-10-05T13:04:48.592,158900,210.1,0.967,12.23
2026-10-05T13:04:48.692,159000,210.0,0.967,12.22
2026-10-05T13:04:48.792,159100,210.2,0.968,12.24
2026-10-05T13:04:48.892,159200,210.2,0.968,12.24
2026-10-05T13:04:48.992,159300,210.2,0.968,12.24
2026-10-05T13:04:49.092,159400,210.2,0.968,12.24
2026-10-05T13:04:49.192,159500,210.1,0.967,12.23
2026-10-05T13:04:49.306,159600,210.3,0.968,12.26
2026-10-05T13:04:49.406,159700,210.4,0.969,12.26
2026-10-05T13:04:49.491,159800,210.1,0.967,12.23
2026-10-05T13:04:49.606,159900,210.2,0.968,12.24
2026-10-05T13:04:49.692,160000,210.3,0.968,12.26
2026-10-05T13:04:49.798,160100,210.1,0.967,12.23
2026-10-05T13:04:49.906,160200,210.3,0.968,12.25
2026-10-05T13:04:49.992,160300,210.5,0.969,12.28
2026-10-05T13:04:50.092,160400,210.4,0.969,12.27
2026-10-05T13:04:50.192,160500,210.6,0.970,12.29
2026-10-05T13:04:50.292,160600,210.3,0.968,12.26
2026-10-05T13:04:50.404,160700,210.5,0.969,12.28
2026-10-05T13:04:50.491,160800,210.8,0.971,12.31
2026-10-05T13:04:50.592,160900,210.8,0.971,12.31
2026-10-05T13:04:50.690,161000,210.9,0.971,12.33
2026-10-05T13:04:50.791,161100,210.7,0.970,12.30
2026-10-05T13:04:50.890,161200,210.9,0.971,12.32
2026-10-05T13:04:50.991,161300,210.9,0.971,12.32
2026-10-05T13:04:51.091,161400,211.2,0.972,12.36
2026-10-05T13:04:51.191,161500,211.1,0.972,12.34
2026-10-05T13:04:51.291,161600,211.3,0.973,12.36
2026-10-05T13:04:51.390,161700,211.6,0.974,12.40
2026-10-05T13:04:51.490,161800,211.6,0.974,12.40
2026-10-05T13:04:51.591,161900,211.3,0.973,12.37
2026-10-05T13:04:51.690,162000,211.7,0.975,12.41
2026-10-05T13:04:51.790,162100,211.4,0.973,12.38
2026-10-05T13:04:51.890,162200,211.4,0.973,12.38
2026-10-05T13:04:51.990,162300,211.8,0.975,12.42
2026-10-05T13:04:52.090,162400,211.8,0.975,12.43
2026-10-05T13:04:52.191,162500,211.7,0.975,12.41
2026-10-05T13:04:52.290,162600,211.9,0.975,12.43
2026-10-05T13:04:52.390,162700,212.0,0.976,12.45
2026-10-05T13:04:52.489,162800,212.2,0.977,12.47
2026-10-05T13:04:52.590,162900,212.1,0.977,12.46
2026-10-05T13:04:52.690,163000,212.5,0.978,12.51
2026-10-05T13:04:52.790,163100,212.7,0.979,12.53
2026-10-05T13:04:52.890,163200,212.5,0.978,12.51
2026-10-05T13:04:52.989,163300,212.8,0.980,12.54
2026-10-05T13:04:53.090,163400,212.9,0.980,12.56
2026-10-05T13:04:53.190,163500,213.5,0.983,12.62
2026-10-05T13:04:53.289,163600,213.3,0.982,12.60
2026-10-05T13:04:53.390,163700,213.8,0.984,12.65
2026-10-05T13:04:53.489,163800,213.8,0.984,12.66
2026-10-05T13:04:53.589,163900,214.3,0.987,12.71
2026-10-05T13:04:53.689,164000,214.5,0.988,12.73
2026-10-05T13:04:53.790,164100,214.7,0.988,12.76
2026-10-05T13:04:53.889,164200,215.0,0.990,12.79
2026-10-05T13:04:53.989,164300,215.5,0.992,12.85
2026-10-05T13:04:54.090,164400,215.9,0.994,12.90
2026-10-05T13:04:54.189,164500,216.4,0.997,12.96
2026-10-05T13:04:54.289,164600,216.4,0.997,12.96
2026-10-05T13:04:54.389,164700,216.7,0.998,12.99
2026-10-05T13:04:54.489,164800,217.4,1.001,13.06
2026-10-05T13:04:54.588,164900,217.3,1.001,13.06
2026-10-05T13:04:54.700,165000,218.2,1.005,13.16
2026-10-05T13:04:54.790,165100,218.1,1.004,13.14
2026-10-05T13:04:54.889,165200,218.8,1.007,13.22
2026-10-05T13:04:54.994,165300,218.7,1.007,13.21
2026-10-05T13:04:55.089,165400,219.3,1.009,13.28
2026-10-05T13:04:55.189,165500,219.6,1.011,13.32
2026-10-05T13:04:55.288,165600,219.8,1.012,13.34
2026-10-05T13:04:55.400,165700,220.4,1.015,13.41
2026-10-05T13:04:55.500,165800,220.6,1.016,13.44
2026-10-05T13:04:55.589,165900,220.9,1.017,13.46
2026-10-05T13:04:55.700,166000,221.3,1.019,13.51
2026-10-05T13:04:55.798,166100,221.4,1.020,13.53
2026-10-05T13:04:55.888,166200,221.9,1.022,13.59
2026-10-05T13:04:55.988,166300,221.9,1.022,13.59
2026-10-05T13:04:56.088,166400,222.4,1.024,13.64
2026-10-05T13:04:56.187,166500,222.4,1.024,13.64
2026-10-05T13:04:56.299,166600,223.0,1.027,13.71
2026-10-05T13:04:56.388,166700,223.4,1.028,13.75
2026-10-05T13:04:56.488,166800,223.1,1.027,13.72
2026-10-05T13:04:56.588,166900,223.8,1.030,13.79
2026-10-05T13:04:56.688,167000,223.9,1.031,13.81
2026-10-05T13:04:56.788,167100,224.3,1.033,13.86
2026-10-05T13:04:56.887,167200,224.8,1.035,13.91
2026-10-05T13:04:56.998,167300,224.8,1.035,13.91
2026-10-05T13:04:57.088,167400,225.1,1.036,13.95
2026-10-05T13:04:57.188,167500,225.8,1.039,14.02
2026-10-05T13:04:57.286,167600,225.7,1.039,14.01
2026-10-05T13:04:57.387,167700,226.1,1.041,14.06
2026-10-05T13:04:57.486,167800,226.3,1.042,14.08
2026-10-05T13:04:57.587,167900,226.4,1.043,14.10
2026-10-05T13:04:57.686,168000,226.9,1.045,14.15
2026-10-05T13:04:57.787,168100,227.1,1.046,14.18
2026-10-05T13:04:57.886,168200,227.6,1.048,14.24
2026-10-05T13:04:57.986,168300,228.1,1.050,14.29
2026-10-05T13:04:58.097,168400,228.1,1.050,14.29
2026-10-05T13:04:58.187,168500,229.0,1.054,14.39
2026-10-05T13:04:58.297,168600,229.1,1.055,14.40
2026-10-05T13:04:58.387,168700,230.0,1.059,14.51
2026-10-05T13:04:58.489,168800,230.1,1.060,14.52
2026-10-05T13:04:58.586,168900,230.5,1.061,14.57
2026-10-05T13:04:58.697,169000,231.0,1.064,14.62
2026-10-05T13:04:58.786,169100,231.8,1.067,14.72
2026-10-05T13:04:58.887,169200,232.1,1.069,14.75
2026-10-05T13:04:58.986,169300,232.8,1.072,14.83
2026-10-05T13:04:59.087,169400,233.2,1.074,14.87
2026-10-05T13:04:59.186,169500,233.6,1.075,14.92
2026-10-05T13:04:59.295,169600,234.1,1.078,14.98
2026-10-05T13:04:59.384,169700,234.6,1.080,15.03
2026-10-05T13:04:59.489,169800,234.9,1.082,15.07
2026-10-05T13:04:59.585,169900,235.8,1.086,15.17
2026-10-05T13:04:59.686,170000,236.0,1.087,15.19
2026-10-05T13:04:59.785,170100,236.4,1.089,15.24
2026-10-05T13:04:59.895,170200,237.0,1.091,15.31
2026-10-05T13:04:59.995,170300,237.5,1.093,15.37
2026-10-05T13:05:00.085,170400,238.3,1.097,15.45
2026-10-05T13:05:00.185,170500,238.4,1.098,15.47
2026-10-05T13:05:00.285,170600,239.1,1.101,15.54
2026-10-05T13:05:00.385,170700,239.4,1.102,15.59
2026-10-05T13:05:00.487,170800,239.8,1.104,15.63
2026-10-05T13:05:00.585,170900,240.5,1.107,15.71
2026-10-05T13:05:00.685,171000,240.4,1.107,15.69
2026-10-05T13:05:00.786,171100,241.3,1.111,15.80
2026-10-05T13:05:00.885,171200,241.3,1.111,15.79
2026-10-05T13:05:00.989,171300,241.8,1.113,15.86
2026-10-05T13:05:01.085,171400,242.1,1.114,15.89
2026-10-05T13:05:01.185,171500,242.3,1.115,15.91
2026-10-05T13:05:01.294,171600,242.3,1.116,15.92
2026-10-05T13:05:01.385,171700,242.6,1.117,15.95
2026-10-05T13:05:01.487,171800,243.0,1.119,15.99
2026-10-05T13:05:01.594,171900,243.3,1.120,16.02
2026-10-05T13:05:01.686,172000,243.6,1.122,16.07
2026-10-05T13:05:01.784,172100,243.4,1.121,16.04
2026-10-05T13:05:01.893,172200,243.6,1.122,16.07
2026-10-05T13:05:01.993,172300,243.7,1.122,16.07
2026-10-05T13:05:02.085,172400,243.6,1.122,16.07
2026-10-05T13:05:02.193,172500,244.1,1.124,16.12
2026-10-05T13:05:02.285,172600,244.2,1.124,16.13
2026-10-05T13:05:02.384,172700,244.4,1.125,16.16
2026-10-05T13:05:02.493,172800,244.6,1.126,16.17
2026-10-05T13:05:02.584,172900,244.7,1.127,16.19
2026-10-05T13:05:02.693,173000,245.1,1.129,16.24
2026-10-05T13:05:02.792,173100,245.0,1.128,16.22
2026-10-05T13:05:02.891,173200,245.4,1.130,16.27
2026-10-05T13:05:02.992,173300,246.0,1.133,16.34
2026-10-05T13:05:03.089,173400,246.0,1.133,16.34
2026-10-05T13:05:03.184,173500,246.4,1.134,16.38
2026-10-05T13:05:03.282,173600,246.3,1.134,16.37
2026-10-05T13:05:03.385,173700,246.6,1.135,16.40
2026-10-05T13:05:03.486,173800,247.1,1.138,16.46
2026-10-05T13:05:03.592,173900,246.7,1.136,16.42
2026-10-05T13:05:03.688,174000,247.3,1.139,16.49
2026-10-05T13:05:03.783,174100,247.8,1.141,16.55
2026-10-05T13:05:03.884,174200,248.0,1.142,16.57
2026-10-05T13:05:03.983,174300,248.3,1.143,16.60
2026-10-05T13:05:04.083,174400,248.1,1.142,16.57
2026-10-05T13:05:04.192,174500,248.5,1.144,16.62
2026-10-05T13:05:04.283,174600,248.8,1.145,16.65
2026-10-05T13:05:04.391,174700,248.8,1.146,16.66
2026-10-05T13:05:04.484,174800,249.3,1.148,16.72
2026-10-05T13:05:04.582,174900,249.5,1.149,16.74
2026-10-05T13:05:04.682,175000,249.9,1.151,16.79
2026-10-05T13:05:04.783,175100,249.6,1.149,16.75
2026-10-05T13:05:04.883,175200,250.8,1.155,16.89
2026-10-05T13:05:04.983,175300,250.6,1.154,16.86
2026-10-05T13:05:05.084,175400,250.9,1.155,16.90
2026-10-05T13:05:05.190,175500,250.8,1.155,16.89
2026-10-05T13:05:05.282,175600,251.3,1.157,16.94
2026-10-05T13:05:05.382,175700,251.6,1.159,16.98
2026-10-05T13:05:05.482,175800,251.8,1.159,17.00
2026-10-05T13:05:05.583,175900,251.7,1.159,16.99
2026-10-05T13:05:05.683,176000,252.0,1.160,17.02
2026-10-05T13:05:05.783,176100,252.4,1.162,17.07
2026-10-05T13:05:05.882,176200,252.5,1.163,17.08
2026-10-05T13:05:05.982,176300,252.5,1.163,17.08
2026-10-05T13:05:06.082,176400,253.0,1.165,17.14
2026-10-05T13:05:06.182,176500,253.4,1.167,17.19
2026-10-05T13:05:06.280,176600,253.9,1.169,17.24
2026-10-05T13:05:06.382,176700,253.8,1.168,17.22
2026-10-05T13:05:06.482,176800,253.9,1.169,17.25
2026-10-05T13:05:06.582,176900,254.2,1.170,17.27
2026-10-05T13:05:06.682,177000,254.6,1.172,17.32
2026-10-05T13:05:06.780,177100,254.5,1.172,17.31
2026-10-05T13:05:06.883,177200,254.6,1.172,17.32
2026-10-05T13:05:06.982,177300,254.6,1.172,17.32
2026-10-05T13:05:07.082,177400,254.9,1.174,17.36
2026-10-05T13:05:07.181,177500,255.1,1.174,17.37
2026-10-05T13:05:07.282,177600,255.2,1.175,17.39
2026-10-05T13:05:07.381,177700,255.0,1.174,17.37
2026-10-05T13:05:07.481,177800,255.2,1.175,17.39
2026-10-05T13:05:07.581,177900,255.3,1.175,17.40
2026-10-05T13:05:07.681,178000,255.8,1.177,17.45
2026-10-05T13:05:07.781,178100,255.6,1.177,17.43
2026-10-05T13:05:07.881,178200,255.7,1.177,17.45
2026-10-05T13:05:07.984,178300,255.7,1.177,17.45
2026-10-05T13:05:08.082,178400,255.8,1.177,17.45
2026-10-05T13:05:08.181,178500,255.9,1.178,17.47
2026-10-05T13:05:08.281,178600,255.9,1.178,17.47
2026-10-05T13:05:08.379,178700,255.4,1.176,17.41
2026-10-05T13:05:08.482,178800,255.8,1.178,17.46
2026-10-05T13:05:08.581,178900,256.0,1.179,17.48
2026-10-05T13:05:08.681,179000,256.1,1.179,17.50
2026-10-05T13:05:08.781,179100,255.8,1.178,17.46
2026-10-05T13:05:08.886,179200,256.4,1.180,17.52
2026-10-05T13:05:08.987,179300,256.2,1.180,17.50
2026-10-05T13:05:09.081,179400,256.1,1.179,17.49
2026-10-05T13:05:09.181,179500,256.1,1.179,17.49
2026-10-05T13:05:09.280,179600,256.5,1.181,17.54
2026-10-05T13:05:09.380,179700,256.3,1.180,17.52
2026-10-05T13:05:09.486,179800,256.4,1.180,17.52
2026-10-05T13:05:09.580,179900,256.4,1.181,17.53
2026-10-05T13:05:09.681,180000,256.5,1.181,17.54
2026-10-05T13:05:09.779,180100,256.7,1.182,17.57
2026-10-05T13:05:09.880,180200,256.9,1.183,17.58
2026-10-05T13:05:09.980,180300,256.9,1.183,17.59
2026-10-05T13:05:10.083,180400,256.8,1.182,17.57
2026-10-05T13:05:10.180,180500,257.2,1.184,17.62
2026-10-05T13:05:10.280,180600,256.9,1.183,17.59
2026-10-05T13:05:10.383,180700,257.2,1.184,17.62
2026-10-05T13:05:10.485,180800,257.3,1.185,17.63
2026-10-05T13:05:10.585,180900,257.4,1.185,17.65
2026-10-05T13:05:10.680,181000,257.7,1.187,17.68
2026-10-05T13:05:10.780,181100,257.7,1.186,17.68
2026-10-05T13:05:10.885,181200,258.1,1.188,17.73
2026-10-05T13:05:10.983,181300,257.9,1.188,17.70
2026-10-05T13:05:11.085,181400,258.2,1.189,17.74
2026-10-05T13:05:11.185,181500,258.6,1.190,17.78
2026-10-05T13:05:11.285,181600,258.7,1.191,17.80
2026-10-05T13:05:11.379,181700,258.6,1.190,17.78
2026-10-05T13:05:11.485,181800,258.7,1.191,17.80
2026-10-05T13:05:11.579,181900,259.1,1.193,17.83
2026-10-05T13:05:11.679,182000,259.3,1.194,17.86
2026-10-05T13:05:11.779,182100,259.2,1.194,17.85
2026-10-05T13:05:11.879,182200,259.6,1.195,17.90
2026-10-05T13:05:11.979,182300,259.7,1.196,17.90
2026-10-05T13:05:12.079,182400,259.9,1.197,17.93
2026-10-05T13:05:12.179,182500,260.1,1.197,17.95
2026-10-05T13:05:12.280,182600,260.4,1.199,17.98
2026-10-05T13:05:12.378,182700,260.5,1.199,18.00
2026-10-05T13:05:12.479,182800,260.6,1.200,18.01
2026-10-05T13:05:12.579,182900,261.1,1.202,18.07
2026-10-05T13:05:12.679,183000,261.1,1.202,18.07
2026-10-05T13:05:12.778,183100,261.5,1.204,18.11
2026-10-05T13:05:12.878,183200,261.9,1.206,18.15
2026-10-05T13:05:12.978,183300,262.2,1.207,18.19
2026-10-05T13:05:13.083,183400,262.2,1.207,18.20
2026-10-05T13:05:13.183,183500,262.1,1.207,18.18
2026-10-05T13:05:13.278,183600,262.6,1.209,18.24
2026-10-05T13:05:13.381,183700,262.8,1.210,18.26
2026-10-05T13:05:13.478,183800,263.2,1.212,18.30
2026-10-05T13:05:13.578,183900,263.5,1.213,18.34
2026-10-05T13:05:13.683,184000,264.1,1.216,18.41
2026-10-05T13:05:13.777,184100,264.0,1.215,18.40
2026-10-05T13:05:13.878,184200,263.8,1.215,18.38
2026-10-05T13:05:13.978,184300,264.1,1.216,18.40
2026-10-05T13:05:14.078,184400,264.5,1.218,18.45
2026-10-05T13:05:14.179,184500,264.5,1.218,18.45
2026-10-05T13:05:14.277,184600,265.0,1.220,18.51
2026-10-05T13:05:14.377,184700,265.0,1.220,18.51
2026-10-05T13:05:14.478,184800,265.1,1.220,18.52
2026-10-05T13:05:14.578,184900,265.4,1.222,18.55
2026-10-05T13:05:14.677,185000,265.6,1.223,18.58
2026-10-05T13:05:14.778,185100,266.4,1.226,18.67
2026-10-05T13:05:14.877,185200,266.3,1.226,18.66
2026-10-05T13:05:14.978,185300,266.3,1.226,18.66
2026-10-05T13:05:15.082,185400,267.0,1.229,18.74
2026-10-05T13:05:15.177,185500,267.1,1.230,18.75
2026-10-05T13:05:15.276,185600,267.5,1.232,18.80
2026-10-05T13:05:15.377,185700,267.9,1.234,18.85
2026-10-05T13:05:15.477,185800,268.2,1.235,18.88
2026-10-05T13:05:15.577,185900,268.7,1.237,18.93
2026-10-05T13:05:15.677,186000,269.0,1.239,18.97
2026-10-05T13:05:15.781,186100,269.8,1.242,19.06
2026-10-05T13:05:15.877,186200,270.2,1.244,19.10
2026-10-05T13:05:15.977,186300,270.4,1.245,19.13
2026-10-05T13:05:16.077,186400,271.0,1.248,19.20
2026-10-05T13:05:16.177,186500,271.4,1.249,19.24
2026-10-05T13:05:16.277,186600,271.7,1.251,19.28
2026-10-05T13:05:16.380,186700,272.1,1.253,19.32
2026-10-05T13:05:16.476,186800,272.6,1.255,19.38
2026-10-05T13:05:16.576,186900,272.7,1.256,19.40
2026-10-05T13:05:16.678,187000,273.2,1.258,19.45
2026-10-05T13:05:16.776,187100,273.6,1.260,19.50
2026-10-05T13:05:16.875,187200,274.0,1.262,19.54
2026-10-05T13:05:16.977,187300,274.2,1.262,19.56
2026-10-05T13:05:17.076,187400,274.9,1.266,19.64
2026-10-05T13:05:17.179,187500,274.9,1.266,19.65
2026-10-05T13:05:17.277,187600,275.1,1.266,19.66
2026-10-05T13:05:17.379,187700,275.6,1.269,19.73
2026-10-05T13:05:17.476,187800,275.6,1.269,19.73
2026-10-05T13:05:17.576,187900,275.9,1.270,19.76
2026-10-05T13:05:17.678,188000,276.2,1.272,19.80
2026-10-05T13:05:17.776,188100,275.9,1.270,19.76
2026-10-05T13:05:17.876,188200,276.1,1.271,19.78
2026-10-05T13:05:17.976,188300,276.7,1.274,19.85
2026-10-05T13:05:18.075,188400,276.4,1.273,19.82
2026-10-05T13:05:18.176,188500,276.3,1.272,19.81
2026-10-05T13:05:18.276,188600,276.5,1.273,19.83
2026-10-05T13:05:18.375,188700,276.6,1.274,19.84
2026-10-05T13:05:18.475,188800,276.7,1.274,19.85
2026-10-05T13:05:18.578,188900,276.4,1.273,19.82
2026-10-05T13:05:18.679,189000,276.7,1.274,19.85
2026-10-05T13:05:18.775,189100,276.2,1.272,19.80
2026-10-05T13:05:18.875,189200,276.5,1.273,19.83
2026-10-05T13:05:18.975,189300,276.5,1.273,19.83
2026-10-05T13:05:19.075,189400,276.4,1.272,19.81
2026-10-05T13:05:19.175,189500,276.5,1.273,19.83
2026-10-05T13:05:19.277,189600,276.6,1.273,19.83
2026-10-05T13:05:19.375,189700,276.6,1.273,19.83
2026-10-05T13:05:19.477,189800,276.4,1.273,19.82
2026-10-05T13:05:19.575,189900,276.6,1.273,19.83
2026-10-05T13:05:19.675,190000,276.4,1.273,19.82
2026-10-05T13:05:19.775,190100,276.6,1.273,19.83
2026-10-05T13:05:19.875,190200,276.4,1.273,19.82
2026-10-05T13:05:19.975,190300,276.5,1.273,19.83
2026-10-05T13:05:20.075,190400,276.3,1.272,19.81
2026-10-05T13:05:20.175,190500,276.4,1.272,19.81
2026-10-05T13:05:20.275,190600,276.3,1.272,19.81
2026-10-05T13:05:20.374,190700,276.4,1.272,19.81
2026-10-05T13:05:20.477,190800,276.2,1.272,19.79
2026-10-05T13:05:20.576,190900,276.4,1.273,19.82
2026-10-05T13:05:20.675,191000,276.4,1.272,19.81
2026-10-05T13:05:20.774,191100,276.4,1.272,19.81
2026-10-05T13:05:20.874,191200,276.1,1.271,19.78
2026-10-05T13:05:20.974,191300,276.4,1.273,19.82
2026-10-05T13:05:21.076,191400,276.5,1.273,19.83
2026-10-05T13:05:21.174,191500,276.7,1.274,19.85
2026-10-05T13:05:21.276,191600,276.4,1.273,19.82
2026-10-05T13:05:21.375,191700,276.6,1.274,19.84
2026-10-05T13:05:21.474,191800,276.7,1.274,19.85
2026-10-05T13:05:21.575,191900,276.4,1.273,19.82
2026-10-05T13:05:21.675,192000,276.5,1.273,19.83
2026-10-05T13:05:21.774,192100,276.7,1.274,19.85
2026-10-05T13:05:21.873,192200,276.9,1.275,19.88
2026-10-05T13:05:21.974,192300,277.1,1.276,19.89
2026-10-05T13:05:22.074,192400,277.4,1.277,19.93
2026-10-05T13:05:22.173,192500,277.9,1.279,19.98
2026-10-05T13:05:22.274,192600,278.3,1.281,20.03
2026-10-05T13:05:22.374,192700,278.9,1.284,20.10
2026-10-05T13:05:22.473,192800,279.0,1.285,20.11
2026-10-05T13:05:22.573,192900,279.7,1.288,20.20
2026-10-05T13:05:22.674,193000,280.1,1.290,20.24
2026-10-05T13:05:22.773,193100,280.6,1.292,20.29
2026-10-05T13:05:22.874,193200,281.0,1.294,20.34
2026-10-05T13:05:22.974,193300,281.5,1.296,20.40
2026-10-05T13:05:23.074,193400,281.7,1.297,20.42
2026-10-05T13:05:23.173,193500,282.2,1.300,20.48
2026-10-05T13:05:23.273,193600,282.7,1.302,20.54
2026-10-05T13:05:23.373,193700,282.9,1.302,20.56
2026-10-05T13:05:23.473,193800,283.3,1.304,20.61
2026-10-05T13:05:23.573,193900,283.9,1.307,20.67
2026-10-05T13:05:23.672,194000,284.2,1.309,20.71
2026-10-05T13:05:23.772,194100,284.6,1.310,20.76
2026-10-05T13:05:23.873,194200,285.0,1.312,20.80
2026-10-05T13:05:23.973,194300,285.7,1.315,20.88
2026-10-05T13:05:24.072,194400,285.7,1.316,20.89
2026-10-05T13:05:24.172,194500,286.1,1.317,20.92
2026-10-05T13:05:24.272,194600,286.3,1.318,20.95
2026-10-05T13:05:24.372,194700,286.9,1.321,21.01
2026-10-05T13:05:24.473,194800,287.0,1.321,21.03
2026-10-05T13:05:24.572,194900,287.6,1.324,21.10
2026-10-05T13:05:24.672,195000,287.7,1.325,21.11
2026-10-05T13:05:24.773,195100,288.0,1.326,21.14
2026-10-05T13:05:24.872,195200,288.1,1.327,21.16
2026-10-05T13:05:24.972,195300,288.5,1.328,21.20
2026-10-05T13:05:25.072,195400,288.6,1.329,21.21
2026-10-05T13:05:25.156,195500,289.1,1.331,21.27
2026-10-05T13:05:25.256,195600,289.4,1.333,21.31
2026-10-05T13:05:25.372,195700,289.7,1.334,21.34
2026-10-05T13:05:25.471,195800,290.1,1.335,21.38
2026-10-05T13:05:25.557,195900,290.5,1.337,21.43
2026-10-05T13:05:25.672,196000,290.5,1.337,21.43
2026-10-05T13:05:25.769,196100,290.9,1.339,21.47
2026-10-05T13:05:25.869,196200,291.0,1.340,21.49
2026-10-05T13:05:25.956,196300,291.1,1.340,21.50
2026-10-05T13:05:26.071,196400,291.4,1.342,21.54
2026-10-05T13:05:26.157,196500,291.7,1.343,21.57
2026-10-05T13:05:26.269,196600,292.1,1.345,21.61
2026-10-05T13:05:26.355,196700,292.1,1.345,21.61
2026-10-05T13:05:26.455,196800,292.2,1.345,21.62
2026-10-05T13:05:26.571,196900,292.7,1.348,21.68
2026-10-05T13:05:26.655,197000,292.7,1.348,21.68
2026-10-05T13:05:26.771,197100,292.8,1.348,21.69
2026-10-05T13:05:26.855,197200,293.1,1.350,21.73
2026-10-05T13:05:26.969,197300,293.4,1.351,21.76
2026-10-05T13:05:27.055,197400,293.8,1.353,21.81
2026-10-05T13:05:27.171,197500,293.8,1.353,21.81
2026-10-05T13:05:27.270,197600,294.2,1.355,21.86
2026-10-05T13:05:27.370,197700,294.6,1.356,21.90
2026-10-05T13:05:27.469,197800,294.7,1.357,21.91
2026-10-05T13:05:27.569,197900,294.8,1.357,21.92
2026-10-05T13:05:27.654,198000,294.7,1.357,21.91
2026-10-05T13:05:27.755,198100,295.1,1.358,21.95
2026-10-05T13:05:27.855,198200,295.3,1.360,21.98
2026-10-05T13:05:27.969,198300,295.5,1.361,22.00
2026-10-05T13:05:28.054,198400,295.7,1.361,22.02
2026-10-05T13:05:28.163,198500,295.6,1.361,22.01
2026-10-05T13:05:28.254,198600,295.9,1.363,22.05
2026-10-05T13:05:28.358,198700,295.9,1.362,22.04
2026-10-05T13:05:28.454,198800,296.2,1.364,22.08
2026-10-05T13:05:28.568,198900,296.1,1.363,22.07
2026-10-05T13:05:28.654,199000,296.1,1.363,22.06
2026-10-05T13:05:28.754,199100,296.3,1.364,22.09
2026-10-05T13:05:28.854,199200,296.4,1.365,22.10
2026-10-05T13:05:28.954,199300,296.2,1.364,22.09
2026-10-05T13:05:29.053,199400,296.2,1.364,22.09
2026-10-05T13:05:29.168,199500,296.2,1.364,22.09
2026-10-05T13:05:29.254,199600,296.4,1.365,22.11
2026-10-05T13:05:29.354,199700,296.6,1.365,22.12
2026-10-05T13:05:29.453,199800,296.3,1.364,22.09
2026-10-05T13:05:29.557,199900,296.2,1.364,22.08
2026-10-05T13:05:29.668,200000,296.3,1.364,22.09
2026-10-05T13:05:29.754,200100,296.4,1.365,22.11
2026-10-05T13:05:29.855,200200,296.5,1.365,22.11
2026-10-05T13:05:29.953,200300,296.3,1.364,22.09
2026-10-05T13:05:30.065,200400,296.3,1.364,22.09
2026-10-05T13:05:30.153,200500,296.4,1.365,22.10
2026-10-05T13:05:30.253,200600,296.3,1.364,22.09
2026-10-05T13:05:30.364,200700,296.2,1.364,22.08
2026-10-05T13:05:30.453,200800,296.4,1.365,22.11
2026-10-05T13:05:30.553,200900,296.7,1.366,22.14
2026-10-05T13:05:30.653,201000,296.5,1.365,22.11
2026-10-05T13:05:30.766,201100,296.6,1.365,22.12
2026-10-05T13:05:30.853,201200,296.6,1.366,22.13
2026-10-05T13:05:30.953,201300,296.7,1.366,22.14
2026-10-05T13:05:31.053,201400,296.9,1.367,22.16
2026-10-05T13:05:31.153,201500,296.7,1.366,22.14
2026-10-05T13:05:31.265,201600,297.2,1.368,22.19
2026-10-05T13:05:31.354,201700,296.9,1.367,22.16
2026-10-05T13:05:31.454,201800,297.4,1.369,22.21
2026-10-05T13:05:31.554,201900,297.4,1.369,22.22
2026-10-05T13:05:31.654,202000,297.6,1.370,22.24
2026-10-05T13:05:31.753,202100,297.8,1.371,22.26
2026-10-05T13:05:31.853,202200,298.3,1.373,22.32
2026-10-05T13:05:31.953,202300,298.4,1.374,22.33
2026-10-05T13:05:32.053,202400,298.7,1.375,22.37
2026-10-05T13:05:32.154,202500,299.2,1.378,22.43
2026-10-05T13:05:32.254,202600,299.7,1.380,22.49
2026-10-05T13:05:32.366,202700,300.4,1.383,22.56
2026-10-05T13:05:32.465,202800,300.7,1.384,22.59
2026-10-05T13:05:32.565,202900,301.2,1.387,22.65
2026-10-05T13:05:32.665,203000,301.7,1.389,22.71
2026-10-05T13:05:32.751,203100,302.1,1.391,22.75
2026-10-05T13:05:32.865,203200,302.6,1.393,22.81
2026-10-05T13:05:32.965,203300,303.1,1.395,22.87
2026-10-05T13:05:33.065,203400,303.7,1.398,22.94
2026-10-05T13:05:33.152,203500,303.9,1.399,22.97
2026-10-05T13:05:33.265,203600,304.5,1.402,23.03
2026-10-05T13:05:33.352,203700,304.7,1.403,23.05
2026-10-05T13:05:33.452,203800,305.1,1.405,23.10
2026-10-05T13:05:33.552,203900,305.7,1.407,23.17
2026-10-05T13:05:33.651,204000,305.9,1.409,23.19
2026-10-05T13:05:33.760,204100,306.2,1.410,23.22
2026-10-05T13:05:33.864,204200,306.9,1.413,23.30
2026-10-05T13:05:33.951,204300,307.2,1.415,23.34
2026-10-05T13:05:34.051,204400,307.5,1.416,23.37
2026-10-05T13:05:34.152,204500,307.9,1.418,23.42
2026-10-05T13:05:34.251,204600,308.4,1.420,23.48
2026-10-05T13:05:34.351,204700,308.9,1.422,23.53
2026-10-05T13:05:34.463,204800,309.0,1.423,23.54
2026-10-05T13:05:34.552,204900,309.6,1.425,23.61
2026-10-05T13:05:34.651,205000,309.9,1.427,23.64
2026-10-05T13:05:34.752,205100,310.7,1.430,23.74
2026-10-05T13:05:34.852,205200,310.8,1.431,23.75
2026-10-05T13:05:34.963,205300,311.7,1.435,23.85
2026-10-05T13:05:35.051,205400,312.5,1.439,23.94
2026-10-05T13:05:35.151,205500,312.9,1.441,23.99
2026-10-05T13:05:35.262,205600,314.0,1.446,24.12
2026-10-05T13:05:35.351,205700,314.6,1.448,24.18
2026-10-05T13:05:35.451,205800,315.0,1.450,24.23
2026-10-05T13:05:35.551,205900,315.9,1.454,24.33
2026-10-05T13:05:35.650,206000,316.6,1.458,24.42
2026-10-05T13:05:35.762,206100,317.2,1.460,24.48
2026-10-05T13:05:35.850,206200,317.7,1.463,24.55
2026-10-05T13:05:35.950,206300,318.6,1.467,24.65
2026-10-05T13:05:36.061,206400,319.0,1.469,24.69
2026-10-05T13:05:36.157,206500,320.2,1.474,24.82
2026-10-05T13:05:36.250,206600,320.6,1.476,24.87
2026-10-05T13:05:36.349,206700,321.2,1.479,24.94
2026-10-05T13:05:36.461,206800,321.9,1.482,25.02
2026-10-05T13:05:36.550,206900,322.4,1.485,25.08
2026-10-05T13:05:36.649,207000,323.1,1.487,25.15
2026-10-05T13:05:36.751,207100,323.8,1.491,25.24
2026-10-05T13:05:36.850,207200,324.6,1.494,25.32
2026-10-05T13:05:36.950,207300,325.1,1.497,25.38
2026-10-05T13:05:37.050,207400,325.9,1.501,25.48
2026-10-05T13:05:37.150,207500,326.3,1.502,25.52
2026-10-05T13:05:37.249,207600,327.1,1.506,25.61
2026-10-05T13:05:37.349,207700,327.7,1.509,25.68
2026-10-05T13:05:37.449,207800,328.5,1.512,25.78
2026-10-05T13:05:37.550,207900,328.9,1.514,25.83
2026-10-05T13:05:37.649,208000,329.7,1.518,25.91
2026-10-05T13:05:37.760,208100,330.2,1.521,25.98
2026-10-05T13:05:37.850,208200,330.9,1.524,26.05
2026-10-05T13:05:37.949,208300,331.9,1.528,26.17
2026-10-05T13:05:38.060,208400,332.4,1.530,26.22
2026-10-05T13:05:38.149,208500,332.7,1.532,26.26
2026-10-05T13:05:38.258,208600,333.8,1.537,26.38
2026-10-05T13:05:38.349,208700,334.4,1.539,26.45
2026-10-05T13:05:38.449,208800,335.3,1.544,26.55
2026-10-05T13:05:38.549,208900,335.9,1.546,26.62
2026-10-05T13:05:38.648,209000,336.7,1.550,26.71
2026-10-05T13:05:38.759,209100,337.4,1.554,26.80
2026-10-05T13:05:38.849,209200,338.3,1.558,26.90
2026-10-05T13:05:38.958,209300,338.9,1.560,26.96
2026-10-05T13:05:39.059,209400,339.8,1.565,27.07
2026-10-05T13:05:39.158,209500,340.6,1.568,27.16
2026-10-05T13:05:39.249,209600,341.1,1.570,27.21
2026-10-05T13:05:39.348,209700,341.8,1.574,27.30
2026-10-05T13:05:39.458,209800,342.9,1.579,27.42
2026-10-05T13:05:39.547,209900,343.1,1.580,27.45
2026-10-05T13:05:39.658,210000,343.6,1.582,27.50
2026-10-05T13:05:39.748,210100,343.9,1.584,27.54
2026-10-05T13:05:39.848,210200,344.1,1.584,27.56
2026-10-05T13:05:39.947,210300,344.2,1.585,27.57
2026-10-05T13:05:40.057,210400,344.4,1.586,27.60
2026-10-05T13:05:40.149,210500,344.7,1.587,27.63
2026-10-05T13:05:40.247,210600,345.1,1.589,27.67
2026-10-05T13:05:40.356,210700,345.2,1.590,27.69
2026-10-05T13:05:40.448,210800,345.3,1.590,27.70
2026-10-05T13:05:40.547,210900,346.1,1.594,27.79
2026-10-05T13:05:40.657,211000,347.0,1.598,27.89
2026-10-05T13:05:40.748,211100,347.4,1.600,27.94
2026-10-05T13:05:40.856,211200,348.1,1.603,28.01
2026-10-05T13:05:40.948,211300,349.1,1.607,28.13
2026-10-05T13:05:41.047,211400,349.9,1.611,28.23
2026-10-05T13:05:41.147,211500,351.1,1.616,28.36
2026-10-05T13:05:41.246,211600,352.3,1.622,28.50
2026-10-05T13:05:41.357,211700,353.4,1.627,28.63
2026-10-05T13:05:41.456,211800,354.9,1.634,28.80
2026-10-05T13:05:41.546,211900,356.2,1.640,28.95
2026-10-05T13:05:41.647,212000,357.5,1.646,29.09
2026-10-05T13:05:41.756,212100,358.4,1.650,29.20
2026-10-05T13:05:41.856,212200,360.0,1.657,29.38
2026-10-05T13:05:41.947,212300,360.9,1.662,29.49
2026-10-05T13:05:42.047,212400,361.9,1.666,29.60
2026-10-05T13:05:42.146,212500,363.1,1.672,29.73
2026-10-05T13:05:42.246,212600,364.2,1.677,29.86
2026-10-05T13:05:42.355,212700,365.5,1.683,30.01
2026-10-05T13:05:42.446,212800,366.7,1.688,30.14
2026-10-05T13:05:42.546,212900,368.0,1.694,30.29
2026-10-05T13:05:42.646,213000,369.0,1.699,30.41
2026-10-05T13:05:42.746,213100,370.2,1.704,30.54
2026-10-05T13:05:42.856,213200,371.4,1.710,30.68
2026-10-05T13:05:42.947,213300,372.7,1.716,30.83
2026-10-05T13:05:43.046,213400,373.8,1.721,30.96
2026-10-05T13:05:43.145,213500,374.7,1.725,31.06
2026-10-05T13:05:43.245,213600,375.6,1.729,31.17
2026-10-05T13:05:43.355,213700,376.4,1.733,31.25
2026-10-05T13:05:43.446,213800,376.9,1.735,31.32
2026-10-05T13:05:43.546,213900,377.4,1.738,31.37
2026-10-05T13:05:43.645,214000,378.3,1.742,31.47
2026-10-05T13:05:43.746,214100,378.9,1.744,31.54
2026-10-05T13:05:43.846,214200,379.4,1.747,31.59
2026-10-05T13:05:43.945,214300,380.3,1.751,31.70
2026-10-05T13:05:44.045,214400,380.9,1.754,31.77
2026-10-05T13:05:44.145,214500,381.7,1.757,31.86
2026-10-05T13:05:44.245,214600,382.2,1.760,31.92
2026-10-05T13:05:44.345,214700,383.0,1.763,32.01
2026-10-05T13:05:44.453,214800,383.6,1.766,32.08
2026-10-05T13:05:44.554,214900,384.3,1.769,32.16
2026-10-05T13:05:44.646,215000,385.1,1.773,32.25
2026-10-05T13:05:44.745,215100,385.6,1.775,32.30
2026-10-05T13:05:44.845,215200,386.2,1.778,32.38
2026-10-05T13:05:44.944,215300,387.1,1.782,32.47
2026-10-05T13:05:45.045,215400,387.9,1.786,32.57
2026-10-05T13:05:45.145,215500,389.0,1.791,32.70
2026-10-05T13:05:45.245,215600,389.3,1.792,32.73
2026-10-05T13:05:45.344,215700,390.1,1.796,32.82
2026-10-05T13:05:45.446,215800,391.1,1.801,32.94
2026-10-05T13:05:45.545,215900,391.6,1.803,32.99
2026-10-05T13:05:45.653,216000,392.2,1.806,33.07
2026-10-05T13:05:45.745,216100,393.2,1.810,33.17
2026-10-05T13:05:45.844,216200,394.0,1.814,33.27
2026-10-05T13:05:45.945,216300,394.6,1.817,33.33
2026-10-05T13:05:46.044,216400,395.5,1.821,33.44
2026-10-05T13:05:46.144,216500,396.4,1.825,33.54
2026-10-05T13:05:46.245,216600,397.4,1.830,33.65
2026-10-05T13:05:46.344,216700,398.1,1.833,33.74
2026-10-05T13:05:46.444,216800,399.1,1.837,33.85
2026-10-05T13:05:46.543,216900,399.6,1.840,33.90
2026-10-05T13:05:46.644,217000,400.2,1.843,33.98
2026-10-05T13:05:46.744,217100,400.7,1.845,34.03
2026-10-05T13:05:46.844,217200,401.2,1.847,34.10
2026-10-05T13:05:46.944,217300,401.6,1.849,34.14
2026-10-05T13:05:47.051,217400,402.2,1.852,34.21
2026-10-05T13:05:47.143,217500,402.3,1.852,34.22
2026-10-05T13:05:47.244,217600,403.2,1.856,34.32
2026-10-05T13:05:47.344,217700,403.6,1.858,34.36
2026-10-05T13:05:47.444,217800,403.8,1.859,34.39
2026-10-05T13:05:47.544,217900,404.4,1.862,34.45
2026-10-05T13:05:47.650,218000,404.4,1.862,34.46
2026-10-05T13:05:47.743,218100,405.1,1.865,34.54
2026-10-05T13:05:47.847,218200,405.3,1.866,34.56
2026-10-05T13:05:47.943,218300,405.8,1.868,34.62
2026-10-05T13:05:48.047,218400,405.9,1.869,34.63
2026-10-05T13:05:48.142,218500,406.6,1.872,34.70
2026-10-05T13:05:48.244,218600,407.1,1.874,34.77
2026-10-05T13:05:48.343,218700,407.4,1.876,34.80
2026-10-05T13:05:48.443,218800,407.9,1.878,34.85
2026-10-05T13:05:48.543,218900,408.5,1.881,34.93
2026-10-05T13:05:48.650,219000,408.9,1.883,34.97
2026-10-05T13:05:48.743,219100,409.4,1.885,35.03
2026-10-05T13:05:48.849,219200,409.4,1.885,35.03
2026-10-05T13:05:48.943,219300,410.0,1.888,35.10
2026-10-05T13:05:49.043,219400,410.5,1.890,35.15
2026-10-05T13:05:49.143,219500,410.7,1.891,35.18
2026-10-05T13:05:49.243,219600,411.2,1.893,35.24
2026-10-05T13:05:49.342,219700,411.5,1.895,35.27
2026-10-05T13:05:49.443,219800,412.3,1.898,35.36
2026-10-05T13:05:49.542,219900,412.4,1.899,35.37
2026-10-05T13:05:49.642,220000,412.9,1.901,35.43
2026-10-05T13:05:49.742,220100,413.2,1.903,35.47
2026-10-05T13:05:49.842,220200,413.5,1.904,35.50
2026-10-05T13:05:49.945,220300,414.2,1.907,35.58
2026-10-05T13:05:50.042,220400,414.6,1.909,35.63
2026-10-05T13:05:50.145,220500,414.9,1.910,35.66
2026-10-05T13:05:50.241,220600,415.3,1.912,35.71
2026-10-05T13:05:50.343,220700,415.7,1.914,35.75
2026-10-05T13:05:50.442,220800,416.1,1.916,35.80
2026-10-05T13:05:50.542,220900,416.4,1.917,35.83
2026-10-05T13:05:50.642,221000,416.9,1.919,35.88
2026-10-05T13:05:50.742,221100,416.9,1.919,35.88
2026-10-05T13:05:50.841,221200,417.4,1.922,35.94
2026-10-05T13:05:50.942,221300,417.9,1.924,36.01
2026-10-05T13:05:51.041,221400,418.1,1.925,36.02
2026-10-05T13:05:51.142,221500,418.2,1.925,36.03
2026-10-05T13:05:51.242,221600,418.6,1.927,36.08
2026-10-05T13:05:51.341,221700,418.9,1.929,36.11
2026-10-05T13:05:51.441,221800,419.2,1.930,36.16
2026-10-05T13:05:51.541,221900,419.4,1.931,36.18
2026-10-05T13:05:51.641,222000,419.6,1.932,36.20
2026-10-05T13:05:51.741,222100,419.5,1.931,36.18
2026-10-05T13:05:51.841,222200,419.9,1.933,36.23
2026-10-05T13:05:51.941,222300,419.9,1.933,36.23
2026-10-05T13:05:52.047,222400,420.1,1.934,36.26
2026-10-05T13:05:52.141,222500,419.9,1.933,36.23
2026-10-05T13:05:52.241,222600,419.9,1.933,36.23
2026-10-05T13:05:52.342,222700,420.2,1.935,36.26
2026-10-05T13:05:52.442,222800,420.1,1.934,36.26
2026-10-05T13:05:52.541,222900,420.1,1.934,36.25
2026-10-05T13:05:52.641,223000,420.1,1.934,36.26
2026-10-05T13:05:52.741,223100,420.1,1.934,36.25
2026-10-05T13:05:52.840,223200,420.2,1.935,36.27
2026-10-05T13:05:52.946,223300,420.0,1.934,36.24
2026-10-05T13:05:53.046,223400,420.1,1.934,36.25
2026-10-05T13:05:53.141,223500,420.1,1.934,36.25
2026-10-05T13:05:53.241,223600,420.1,1.934,36.25
2026-10-05T13:05:53.341,223700,420.0,1.934,36.24
2026-10-05T13:05:53.441,223800,420.2,1.935,36.27
2026-10-05T13:05:53.540,223900,420.1,1.934,36.25
2026-10-05T13:05:53.640,224000,420.2,1.935,36.27
2026-10-05T13:05:53.740,224100,420.1,1.934,36.26
2026-10-05T13:05:53.841,224200,419.9,1.933,36.23
2026-10-05T13:05:53.944,224300,419.9,1.933,36.23
2026-10-05T13:05:54.040,224400,420.2,1.935,36.27
2026-10-05T13:05:54.140,224500,420.2,1.935,36.27
2026-10-05T13:05:54.240,224600,420.0,1.934,36.24
2026-10-05T13:05:54.341,224700,420.0,1.934,36.24
2026-10-05T13:05:54.439,224800,420.1,1.934,36.25
2026-10-05T13:05:54.544,224900,420.2,1.935,36.26
2026-10-05T13:05:54.639,225000,420.1,1.934,36.25
2026-10-05T13:05:54.740,225100,419.8,1.933,36.22
2026-10-05T13:05:54.839,225200,420.0,1.934,36.24
2026-10-05T13:05:54.940,225300,420.2,1.935,36.26
2026-10-05T13:05:55.039,225400,420.1,1.934,36.26
2026-10-05T13:05:55.139,225500,420.1,1.934,36.26
2026-10-05T13:05:55.241,225600,420.2,1.935,36.27
2026-10-05T13:05:55.339,225700,420.4,1.935,36.28
2026-10-05T13:05:55.439,225800,420.0,1.934,36.24
2026-10-05T13:05:55.543,225900,420.2,1.935,36.26
2026-10-05T13:05:55.640,226000,420.1,1.934,36.25
2026-10-05T13:05:55.740,226100,420.0,1.934,36.24
2026-10-05T13:05:55.840,226200,420.1,1.934,36.26
2026-10-05T13:05:55.940,226300,420.1,1.934,36.25
2026-10-05T13:05:56.040,226400,420.1,1.934,36.26
2026-10-05T13:05:56.140,226500,420.1,1.934,36.25
2026-10-05T13:05:56.240,226600,420.3,1.935,36.28
2026-10-05T13:05:56.340,226700,420.1,1.934,36.26
2026-10-05T13:05:56.440,226800,420.1,1.934,36.25
2026-10-05T13:05:56.540,226900,420.5,1.936,36.30
2026-10-05T13:05:56.641,227000,419.9,1.933,36.23
2026-10-05T13:05:56.741,227100,420.1,1.934,36.26
2026-10-05T13:05:56.841,227200,420.1,1.934,36.26
2026-10-05T13:05:56.941,227300,420.3,1.935,36.28
2026-10-05T13:05:57.043,227400,420.4,1.935,36.28
2026-10-05T13:05:57.141,227500,420.6,1.936,36.31
2026-10-05T13:05:57.241,227600,420.4,1.936,36.29
2026-10-05T13:05:57.341,227700,420.0,1.934,36.24
2026-10-05T13:05:57.438,227800,420.3,1.935,36.28
2026-10-05T13:05:57.541,227900,420.2,1.935,36.27
2026-10-05T13:05:57.642,228000,420.5,1.936,36.30
2026-10-05T13:05:57.738,228100,420.7,1.937,36.33
2026-10-05T13:05:57.839,228200,420.4,1.936,36.29
2026-10-05T13:05:57.942,228300,420.6,1.936,36.31
2026-10-05T13:05:58.038,228400,420.3,1.935,36.28
2026-10-05T13:05:58.138,228500,420.5,1.936,36.30
2026-10-05T13:05:58.238,228600,420.3,1.935,36.28
2026-10-05T13:05:58.338,228700,420.5,1.936,36.30
2026-10-05T13:05:58.438,228800,420.4,1.936,36.29
2026-10-05T13:05:58.537,228900,420.6,1.936,36.31
2026-10-05T13:05:58.637,229000,420.6,1.936,36.31
2026-10-05T13:05:58.740,229100,420.5,1.936,36.30
2026-10-05T13:05:58.838,229200,420.4,1.935,36.28
2026-10-05T13:05:58.938,229300,420.4,1.936,36.29
2026-10-05T13:05:59.037,229400,420.6,1.937,36.31
2026-10-05T13:05:59.137,229500,420.6,1.937,36.31
2026-10-05T13:05:59.240,229600,420.5,1.936,36.30
2026-10-05T13:05:59.337,229700,420.6,1.936,36.31
2026-10-05T13:05:59.440,229800,420.6,1.937,36.31
2026-10-05T13:05:59.538,229900,421.0,1.938,36.36
2026-10-05T13:05:59.637,230000,420.5,1.936,36.30
2026-10-05T13:05:59.738,230100,420.3,1.935,36.28
2026-10-05T13:05:59.838,230200,420.5,1.936,36.30
2026-10-05T13:05:59.937,230300,420.6,1.937,36.31
2026-10-05T13:06:00.037,230400,420.7,1.937,36.32
2026-10-05T13:06:00.139,230500,420.5,1.936,36.30
2026-10-05T13:06:00.237,230600,420.7,1.937,36.32
2026-10-05T13:06:00.336,230700,420.6,1.937,36.31
2026-10-05T13:06:00.436,230800,420.9,1.938,36.34
2026-10-05T13:06:00.537,230900,420.7,1.937,36.32
2026-10-05T13:06:00.637,231000,420.7,1.937,36.33
2026-10-05T13:06:00.736,231100,420.8,1.937,36.33
2026-10-05T13:06:00.838,231200,421.3,1.940,36.39
2026-10-05T13:06:00.937,231300,421.1,1.939,36.36
2026-10-05T13:06:01.036,231400,421.2,1.939,36.38
2026-10-05T13:06:01.136,231500,421.2,1.939,36.38
2026-10-05T13:06:01.236,231600,421.6,1.941,36.42
2026-10-05T13:06:01.337,231700,422.1,1.943,36.48
2026-10-05T13:06:01.436,231800,421.9,1.943,36.46
2026-10-05T13:06:01.536,231900,422.2,1.944,36.50
2026-10-05T13:06:01.636,232000,423.1,1.948,36.60
2026-10-05T13:06:01.736,232100,423.4,1.950,36.63
2026-10-05T13:06:01.836,232200,424.2,1.953,36.73
2026-10-05T13:06:01.936,232300,424.4,1.954,36.75
2026-10-05T13:06:02.036,232400,425.1,1.957,36.82
2026-10-05T13:06:02.136,232500,425.8,1.960,36.91
2026-10-05T13:06:02.235,232600,426.5,1.964,36.99
2026-10-05T13:06:02.336,232700,426.7,1.965,37.01
2026-10-05T13:06:02.434,232800,427.4,1.968,37.09
2026-10-05T13:06:02.536,232900,428.1,1.971,37.17
2026-10-05T13:06:02.636,233000,428.7,1.974,37.24
2026-10-05T13:06:02.735,233100,429.4,1.977,37.31
2026-10-05T13:06:02.835,233200,430.1,1.980,37.39
2026-10-05T13:06:02.936,233300,430.5,1.982,37.44
2026-10-05T13:06:03.035,233400,430.9,1.984,37.49
2026-10-05T13:06:03.135,233500,431.4,1.986,37.54
2026-10-05T13:06:03.235,233600,431.9,1.988,37.60
2026-10-05T13:06:03.336,233700,432.4,1.991,37.66
2026-10-05T13:06:03.435,233800,432.7,1.992,37.69
2026-10-05T13:06:03.528,233900,433.1,1.994,37.74
2026-10-05T13:06:03.635,234000,433.5,1.996,37.79
2026-10-05T13:06:03.735,234100,433.6,1.996,37.79
2026-10-05T13:06:03.835,234200,434.2,1.999,37.87
2026-10-05T13:06:03.935,234300,434.4,2.000,37.89
2026-10-05T13:06:04.034,234400,434.7,2.001,37.92
2026-10-05T13:06:04.135,234500,435.0,2.003,37.96
2026-10-05T13:06:04.234,234600,435.1,2.003,37.96
2026-10-05T13:06:04.334,234700,435.4,2.005,38.00
2026-10-05T13:06:04.434,234800,435.2,2.004,37.99
2026-10-05T13:06:04.534,234900,435.8,2.007,38.05
2026-10-05T13:06:04.634,235000,435.8,2.007,38.05
2026-10-05T13:06:04.734,235100,435.7,2.006,38.04
2026-10-05T13:06:04.834,235200,436.0,2.007,38.07
2026-10-05T13:06:04.934,235300,436.2,2.008,38.09
2026-10-05T13:06:05.034,235400,435.8,2.007,38.05
2026-10-05T13:06:05.134,235500,436.3,2.009,38.11
2026-10-05T13:06:05.235,235600,436.4,2.009,38.11
2026-10-05T13:06:05.336,235700,436.5,2.010,38.13
2026-10-05T13:06:05.434,235800,436.4,2.009,38.12
2026-10-05T13:06:05.534,235900,436.2,2.009,38.10
2026-10-05T13:06:05.633,236000,436.1,2.008,38.09
2026-10-05T13:06:05.734,236100,436.2,2.009,38.10
2026-10-05T13:06:05.833,236200,436.4,2.009,38.12
2026-10-05T13:06:05.934,236300,436.5,2.010,38.13
2026-10-05T13:06:06.033,236400,436.4,2.009,38.12
2026-10-05T13:06:06.134,236500,436.3,2.009,38.11
2026-10-05T13:06:06.218,236600,436.4,2.009,38.12
2026-10-05T13:06:06.333,236700,436.4,2.009,38.11
2026-10-05T13:06:06.417,236800,436.4,2.009,38.11
2026-10-05T13:06:06.533,236900,436.6,2.010,38.14
2026-10-05T13:06:06.618,237000,436.9,2.011,38.17
2026-10-05T13:06:06.732,237100,436.6,2.010,38.14
2026-10-05T13:06:06.817,237200,436.4,2.009,38.11
2026-10-05T13:06:06.933,237300,436.6,2.010,38.14
2026-10-05T13:06:07.017,237400,436.3,2.009,38.11
2026-10-05T13:06:07.117,237500,436.6,2.010,38.14
2026-10-05T13:06:07.233,237600,436.5,2.010,38.13
2026-10-05T13:06:07.317,237700,436.4,2.009,38.12
2026-10-05T13:06:07.417,237800,436.4,2.009,38.11
2026-10-05T13:06:07.517,237900,436.6,2.010,38.14
2026-10-05T13:06:07.628,238000,436.7,2.011,38.15
2026-10-05T13:06:07.732,238100,436.9,2.011,38.17
2026-10-05T13:06:07.832,238200,436.7,2.011,38.15
2026-10-05T13:06:07.917,238300,436.9,2.011,38.17
2026-10-05T13:06:08.017,238400,437.0,2.012,38.19
2026-10-05T13:06:08.117,238500,437.0,2.012,38.19
2026-10-05T13:06:08.217,238600,436.9,2.012,38.18
2026-10-05T13:06:08.316,238700,437.0,2.012,38.19
2026-10-05T13:06:08.423,238800,437.4,2.014,38.23
2026-10-05T13:06:08.517,238900,437.5,2.014,38.24
2026-10-05T13:06:08.616,239000,437.4,2.014,38.23
2026-10-05T13:06:08.717,239100,437.5,2.014,38.24
2026-10-05T13:06:08.817,239200,437.7,2.015,38.26
2026-10-05T13:06:08.916,239300,438.0,2.017,38.30
2026-10-05T13:06:09.032,239400,438.1,2.017,38.31
2026-10-05T13:06:09.126,239500,438.4,2.019,38.35
2026-10-05T13:06:09.218,239600,438.7,2.020,38.39
2026-10-05T13:06:09.331,239700,439.1,2.022,38.43
2026-10-05T13:06:09.415,239800,439.9,2.026,38.52
2026-10-05T13:06:09.530,239900,440.3,2.027,38.57
2026-10-05T13:06:09.616,240000,441.1,2.031,38.66
2026-10-05T13:06:09.716,240100,442.2,2.036,38.79
2026-10-05T13:06:09.816,240200,442.8,2.039,38.85
2026-10-05T13:06:09.916,240300,443.6,2.042,38.94
2026-10-05T13:06:10.016,240400,444.4,2.046,39.04
2026-10-05T13:06:10.125,240500,445.1,2.049,39.12
2026-10-05T13:06:10.215,240600,445.9,2.053,39.20
2026-10-05T13:06:10.315,240700,446.6,2.056,39.28
2026-10-05T13:06:10.429,240800,447.3,2.059,39.37
2026-10-05T13:06:10.515,240900,448.1,2.063,39.46
2026-10-05T13:06:10.615,241000,448.6,2.066,39.52
2026-10-05T13:06:10.716,241100,449.2,2.068,39.58
2026-10-05T13:06:10.815,241200,450.2,2.073,39.69
2026-10-05T13:06:10.928,241300,450.8,2.076,39.77
2026-10-05T13:06:11.029,241400,451.4,2.078,39.84
2026-10-05T13:06:11.115,241500,452.3,2.082,39.94
2026-10-05T13:06:11.217,241600,452.7,2.084,39.98
2026-10-05T13:06:11.315,241700,453.2,2.087,40.04
2026-10-05T13:06:11.423,241800,453.7,2.089,40.10
2026-10-05T13:06:11.528,241900,454.4,2.092,40.17
2026-10-05T13:06:11.627,242000,454.8,2.094,40.22
2026-10-05T13:06:11.728,242100,455.1,2.095,40.26
2026-10-05T13:06:11.815,242200,456.1,2.100,40.37
2026-10-05T13:06:11.915,242300,455.9,2.099,40.35
2026-10-05T13:06:12.027,242400,456.1,2.100,40.37
2026-10-05T13:06:12.115,242500,456.4,2.101,40.41
2026-10-05T13:06:12.214,242600,456.6,2.102,40.42
2026-10-05T13:06:12.314,242700,456.6,2.102,40.43
2026-10-05T13:06:12.414,242800,456.9,2.104,40.47
2026-10-05T13:06:12.514,242900,457.2,2.105,40.50
2026-10-05T13:06:12.614,243000,457.4,2.106,40.52
2026-10-05T13:06:12.716,243100,457.2,2.105,40.50
2026-10-05T13:06:12.815,243200,457.4,2.106,40.52
2026-10-05T13:06:12.914,243300,457.4,2.106,40.52
2026-10-05T13:06:13.017,243400,457.4,2.106,40.52
2026-10-05T13:06:13.126,243500,457.3,2.106,40.51
2026-10-05T13:06:13.218,243600,457.4,2.106,40.52
2026-10-05T13:06:13.314,243700,457.4,2.106,40.52
2026-10-05T13:06:13.414,243800,457.6,2.107,40.54
2026-10-05T13:06:13.514,243900,457.5,2.106,40.53
2026-10-05T13:06:13.615,244000,457.5,2.106,40.53
2026-10-05T13:06:13.714,244100,457.1,2.105,40.49
2026-10-05T13:06:13.814,244200,457.4,2.106,40.52
2026-10-05T13:06:13.920,244300,457.2,2.105,40.50
2026-10-05T13:06:14.018,244400,457.2,2.105,40.50
2026-10-05T13:06:14.126,244500,457.5,2.106,40.53
2026-10-05T13:06:14.213,244600,457.4,2.106,40.52
2026-10-05T13:06:14.316,244700,457.2,2.105,40.50
2026-10-05T13:06:14.414,244800,457.2,2.105,40.50
2026-10-05T13:06:14.513,244900,457.6,2.107,40.54
2026-10-05T13:06:14.625,245000,457.4,2.106,40.52
2026-10-05T13:06:14.713,245100,457.2,2.105,40.50
2026-10-05T13:06:14.813,245200,457.4,2.106,40.52
2026-10-05T13:06:14.913,245300,457.4,2.106,40.52
2026-10-05T13:06:15.013,245400,457.3,2.106,40.51
2026-10-05T13:06:15.113,245500,457.2,2.105,40.50
2026-10-05T13:06:15.224,245600,457.3,2.106,40.51
2026-10-05T13:06:15.313,245700,457.4,2.106,40.52
2026-10-05T13:06:15.413,245800,457.6,2.107,40.54
2026-10-05T13:06:15.518,245900,457.4,2.106,40.52
2026-10-05T13:06:15.613,246000,457.6,2.107,40.55
2026-10-05T13:06:15.713,246100,457.1,2.105,40.49
2026-10-05T13:06:15.813,246200,457.4,2.106,40.52
2026-10-05T13:06:15.912,246300,457.4,2.106,40.52
2026-10-05T13:06:16.012,246400,457.6,2.107,40.55
2026-10-05T13:06:16.113,246500,457.7,2.107,40.55
2026-10-05T13:06:16.224,246600,457.2,2.105,40.50
2026-10-05T13:06:16.312,246700,457.7,2.107,40.55
2026-10-05T13:06:16.423,246800,457.5,2.106,40.53
2026-10-05T13:06:16.516,246900,457.3,2.106,40.51
2026-10-05T13:06:16.622,247000,457.4,2.106,40.52
2026-10-05T13:06:16.712,247100,457.4,2.106,40.52
2026-10-05T13:06:16.822,247200,457.4,2.106,40.52
2026-10-05T13:06:16.912,247300,457.5,2.106,40.53
2026-10-05T13:06:17.013,247400,457.7,2.108,40.56
2026-10-05T13:06:17.112,247500,457.4,2.106,40.52
2026-10-05T13:06:17.212,247600,457.4,2.106,40.52
2026-10-05T13:06:17.323,247700,457.2,2.105,40.50
2026-10-05T13:06:17.412,247800,457.4,2.106,40.52
2026-10-05T13:06:17.512,247900,457.4,2.106,40.52
2026-10-05T13:06:17.613,248000,457.4,2.106,40.52
2026-10-05T13:06:17.711,248100,457.2,2.105,40.50
2026-10-05T13:06:17.811,248200,457.4,2.106,40.52
2026-10-05T13:06:17.922,248300,457.2,2.105,40.50
2026-10-05T13:06:18.012,248400,457.4,2.106,40.52
2026-10-05T13:06:18.112,248500,457.5,2.106,40.53
2026-10-05T13:06:18.210,248600,458.0,2.109,40.59
2026-10-05T13:06:18.322,248700,457.7,2.108,40.56
2026-10-05T13:06:18.411,248800,457.6,2.107,40.55
2026-10-05T13:06:18.522,248900,457.5,2.106,40.53
2026-10-05T13:06:18.611,249000,457.5,2.106,40.53
2026-10-05T13:06:18.711,249100,457.6,2.107,40.54
2026-10-05T13:06:18.811,249200,457.6,2.107,40.54
2026-10-05T13:06:18.911,249300,457.1,2.105,40.49
2026-10-05T13:06:19.019,249400,457.4,2.106,40.52
2026-10-05T13:06:19.111,249500,457.5,2.106,40.53
2026-10-05T13:06:19.211,249600,457.6,2.107,40.54
2026-10-05T13:06:19.310,249700,457.6,2.107,40.54
2026-10-05T13:06:19.416,249800,457.6,2.107,40.54
2026-10-05T13:06:19.510,249900,457.6,2.107,40.54
2026-10-05T13:06:19.611,250000,457.6,2.107,40.55
2026-10-05T13:06:19.709,250100,457.6,2.107,40.55
2026-10-05T13:06:19.820,250200,457.8,2.108,40.57
2026-10-05T13:06:19.909,250300,457.4,2.106,40.52
2026-10-05T13:06:20.020,250400,457.7,2.107,40.55
2026-10-05T13:06:20.111,250500,457.7,2.107,40.55
2026-10-05T13:06:20.209,250600,457.6,2.107,40.54
2026-10-05T13:06:20.312,250700,457.9,2.108,40.57
2026-10-05T13:06:20.410,250800,458.3,2.110,40.62
2026-10-05T13:06:20.510,250900,458.2,2.110,40.61
2026-10-05T13:06:20.609,251000,458.3,2.110,40.62
2026-10-05T13:06:20.719,251100,458.4,2.111,40.64
2026-10-05T13:06:20.810,251200,458.6,2.111,40.65
2026-10-05T13:06:20.920,251300,459.1,2.114,40.72
2026-10-05T13:06:21.010,251400,459.7,2.116,40.78
2026-10-05T13:06:21.119,251500,460.3,2.119,40.85
2026-10-05T13:06:21.210,251600,460.9,2.122,40.92
2026-10-05T13:06:21.309,251700,461.6,2.125,41.00
2026-10-05T13:06:21.409,251800,462.4,2.129,41.09
2026-10-05T13:06:21.519,251900,463.4,2.133,41.20
2026-10-05T13:06:21.609,252000,463.5,2.134,41.22
2026-10-05T13:06:21.710,252100,464.2,2.137,41.30
2026-10-05T13:06:21.810,252200,464.6,2.139,41.35
2026-10-05T13:06:21.910,252300,465.5,2.143,41.45
2026-10-05T13:06:22.010,252400,466.2,2.146,41.52
2026-10-05T13:06:22.110,252500,466.6,2.148,41.57
2026-10-05T13:06:22.210,252600,466.9,2.150,41.61
2026-10-05T13:06:22.310,252700,467.6,2.153,41.68
2026-10-05T13:06:22.411,252800,468.3,2.156,41.77
2026-10-05T13:06:22.511,252900,468.7,2.158,41.82
2026-10-05T13:06:22.618,253000,468.9,2.159,41.84
2026-10-05T13:06:22.718,253100,469.4,2.161,41.89
2026-10-05T13:06:22.817,253200,469.6,2.162,41.92
2026-10-05T13:06:22.917,253300,470.2,2.165,41.98
2026-10-05T13:06:23.017,253400,470.4,2.166,42.01
2026-10-05T13:06:23.117,253500,470.6,2.167,42.03
2026-10-05T13:06:23.217,253600,471.0,2.169,42.08
2026-10-05T13:06:23.317,253700,471.0,2.169,42.08
2026-10-05T13:06:23.417,253800,471.4,2.171,42.13
2026-10-05T13:06:23.509,253900,471.4,2.170,42.12
2026-10-05T13:06:23.609,254000,471.6,2.171,42.15
2026-10-05T13:06:23.708,254100,471.7,2.172,42.16
2026-10-05T13:06:23.808,254200,471.6,2.171,42.15
2026-10-05T13:06:23.907,254300,471.8,2.172,42.17
2026-10-05T13:06:24.007,254400,471.8,2.172,42.17
2026-10-05T13:06:24.107,254500,471.9,2.173,42.18
2026-10-05T13:06:24.207,254600,471.7,2.172,42.16
2026-10-05T13:06:24.307,254700,471.9,2.173,42.18
2026-10-05T13:06:24.407,254800,471.9,2.173,42.18
2026-10-05T13:06:24.509,254900,472.3,2.175,42.23
2026-10-05T13:06:24.607,255000,472.3,2.175,42.23
2026-10-05T13:06:24.706,255100,472.5,2.175,42.25
2026-10-05T13:06:24.815,255200,472.4,2.175,42.23
2026-10-05T13:06:24.907,255300,472.7,2.176,42.27
2026-10-05T13:06:25.007,255400,472.9,2.177,42.29
2026-10-05T13:06:25.107,255500,473.1,2.178,42.31
2026-10-05T13:06:25.215,255600,473.5,2.180,42.36
2026-10-05T13:06:25.307,255700,474.2,2.183,42.45
2026-10-05T13:06:25.407,255800,474.4,2.184,42.46
2026-10-05T13:06:25.507,255900,475.1,2.188,42.55
2026-10-05T13:06:25.607,256000,475.6,2.190,42.60
2026-10-05T13:06:25.706,256100,476.2,2.192,42.67
2026-10-05T13:06:25.815,256200,476.5,2.194,42.70
2026-10-05T13:06:25.907,256300,477.2,2.197,42.78
2026-10-05T13:06:26.006,256400,477.7,2.200,42.85
2026-10-05T13:06:26.107,256500,478.2,2.202,42.90
2026-10-05T13:06:26.207,256600,478.9,2.205,42.98
2026-10-05T13:06:26.314,256700,479.2,2.207,43.02
2026-10-05T13:06:26.406,256800,479.7,2.209,43.07
2026-10-05T13:06:26.506,256900,480.3,2.211,43.14
2026-10-05T13:06:26.606,257000,480.9,2.214,43.21
2026-10-05T13:06:26.706,257100,481.4,2.216,43.26
2026-10-05T13:06:26.813,257200,481.9,2.219,43.32
2026-10-05T13:06:26.907,257300,482.4,2.221,43.38
2026-10-05T13:06:27.006,257400,482.7,2.223,43.42
2026-10-05T13:06:27.106,257500,483.4,2.226,43.49
2026-10-05T13:06:27.206,257600,483.9,2.228,43.55
2026-10-05T13:06:27.305,257700,484.6,2.231,43.63
2026-10-05T13:06:27.413,257800,485.2,2.234,43.70
2026-10-05T13:06:27.508,257900,485.6,2.236,43.75
2026-10-05T13:06:27.605,258000,485.8,2.237,43.77
2026-10-05T13:06:27.706,258100,486.5,2.240,43.85
2026-10-05T13:06:27.805,258200,487.2,2.243,43.93
2026-10-05T13:06:27.913,258300,487.5,2.245,43.96
2026-10-05T13:06:28.005,258400,488.2,2.248,44.04
2026-10-05T13:06:28.105,258500,488.8,2.251,44.11
2026-10-05T13:06:28.205,258600,488.9,2.251,44.13
2026-10-05T13:06:28.305,258700,489.3,2.253,44.17
2026-10-05T13:06:28.405,258800,489.9,2.255,44.23
2026-10-05T13:06:28.506,258900,490.4,2.258,44.30
2026-10-05T13:06:28.605,259000,490.9,2.260,44.35
2026-10-05T13:06:28.705,259100,491.4,2.262,44.41
2026-10-05T13:06:28.805,259200,491.7,2.264,44.45
2026-10-05T13:06:28.906,259300,492.2,2.266,44.50
2026-10-05T13:06:29.005,259400,492.6,2.268,44.54
2026-10-05T13:06:29.105,259500,493.1,2.270,44.61
2026-10-05T13:06:29.204,259600,493.7,2.273,44.68
2026-10-05T13:06:29.304,259700,494.1,2.275,44.71
2026-10-05T13:06:29.405,259800,494.7,2.278,44.79
2026-10-05T13:06:29.505,259900,494.9,2.279,44.81
2026-10-05T13:06:29.604,260000,495.6,2.282,44.89
2026-10-05T13:06:29.705,260100,496.1,2.284,44.94
2026-10-05T13:06:29.804,260200,496.3,2.285,44.97
2026-10-05T13:06:29.904,260300,496.9,2.288,45.04
2026-10-05T13:06:30.004,260400,497.3,2.290,45.09
2026-10-05T13:06:30.104,260500,497.9,2.292,45.15
2026-10-05T13:06:30.204,260600,498.2,2.294,45.19
2026-10-05T13:06:30.304,260700,498.6,2.295,45.23
2026-10-05T13:06:30.404,260800,499.2,2.299,45.31
2026-10-05T13:06:30.511,260900,499.7,2.301,45.36
2026-10-05T13:06:30.605,261000,500.1,2.302,45.40
2026-10-05T13:06:30.704,261100,500.7,2.305,45.47
2026-10-05T13:06:30.808,261200,501.2,2.308,45.53
2026-10-05T13:06:30.903,261300,501.5,2.309,45.56
2026-10-05T13:06:31.004,261400,502.0,2.311,45.62
2026-10-05T13:06:31.104,261500,502.6,2.314,45.69
2026-10-05T13:06:31.209,261600,503.1,2.316,45.74
2026-10-05T13:06:31.303,261700,503.4,2.318,45.79
2026-10-05T13:06:31.403,261800,503.7,2.319,45.81
2026-10-05T13:06:31.504,261900,504.5,2.323,45.91
2026-10-05T13:06:31.603,262000,504.6,2.323,45.91
2026-10-05T13:06:31.704,262100,505.2,2.326,45.99
2026-10-05T13:06:31.809,262200,505.3,2.327,46.00
2026-10-05T13:06:31.903,262300,505.7,2.329,46.05
2026-10-05T13:06:32.003,262400,505.9,2.329,46.07
2026-10-05T13:06:32.109,262500,506.4,2.331,46.12
2026-10-05T13:06:32.203,262600,506.4,2.331,46.12
2026-10-05T13:06:32.303,262700,506.2,2.331,46.11
2026-10-05T13:06:32.403,262800,506.7,2.333,46.16
2026-10-05T13:06:32.503,262900,507.0,2.334,46.19
2026-10-05T13:06:32.603,263000,507.2,2.335,46.22
2026-10-05T13:06:32.708,263100,507.4,2.336,46.24
2026-10-05T13:06:32.803,263200,507.5,2.337,46.25
2026-10-05T13:06:32.903,263300,507.4,2.336,46.24
2026-10-05T13:06:33.003,263400,507.3,2.336,46.23
2026-10-05T13:06:33.104,263500,507.4,2.336,46.24
2026-10-05T13:06:33.202,263600,507.3,2.336,46.23
2026-10-05T13:06:33.303,263700,507.3,2.336,46.23
2026-10-05T13:06:33.402,263800,507.9,2.338,46.29
2026-10-05T13:06:33.503,263900,507.6,2.337,46.26
2026-10-05T13:06:33.603,264000,507.7,2.337,46.27
2026-10-05T13:06:33.701,264100,507.8,2.338,46.29
2026-10-05T13:06:33.802,264200,508.0,2.339,46.31
2026-10-05T13:06:33.902,264300,508.1,2.339,46.31
2026-10-05T13:06:34.002,264400,508.2,2.340,46.34
2026-10-05T13:06:34.102,264500,508.3,2.340,46.34
2026-10-05T13:06:34.203,264600,508.2,2.340,46.34
2026-10-05T13:06:34.302,264700,508.4,2.341,46.36
2026-10-05T13:06:34.402,264800,508.7,2.342,46.39
2026-10-05T13:06:34.502,264900,508.8,2.343,46.40
2026-10-05T13:06:34.605,265000,509.0,2.343,46.42
2026-10-05T13:06:34.703,265100,509.2,2.345,46.45
2026-10-05T13:06:34.802,265200,509.3,2.345,46.46
2026-10-05T13:06:34.902,265300,509.7,2.347,46.50
2026-10-05T13:06:35.002,265400,510.1,2.349,46.55
2026-10-05T13:06:35.102,265500,510.3,2.350,46.57
2026-10-05T13:06:35.202,265600,510.9,2.352,46.64
2026-10-05T13:06:35.300,265700,511.3,2.354,46.69
2026-10-05T13:06:35.402,265800,512.1,2.358,46.78
2026-10-05T13:06:35.501,265900,512.6,2.360,46.84
2026-10-05T13:06:35.601,266000,513.3,2.363,46.92
2026-10-05T13:06:35.701,266100,514.0,2.367,46.99
2026-10-05T13:06:35.803,266200,514.5,2.369,47.05
2026-10-05T13:06:35.901,266300,515.3,2.373,47.14
2026-10-05T13:06:36.001,266400,516.0,2.376,47.22
2026-10-05T13:06:36.103,266500,516.9,2.380,47.33
2026-10-05T13:06:36.201,266600,517.4,2.382,47.38
2026-10-05T13:06:36.301,266700,518.2,2.386,47.48
2026-10-05T13:06:36.404,266800,518.6,2.388,47.52
2026-10-05T13:06:36.501,266900,519.2,2.391,47.59
2026-10-05T13:06:36.601,267000,519.8,2.393,47.66
2026-10-05T13:06:36.701,267100,520.8,2.398,47.77
2026-10-05T13:06:36.801,267200,521.1,2.399,47.80
2026-10-05T13:06:36.900,267300,522.0,2.403,47.91
2026-10-05T13:06:37.001,267400,522.4,2.405,47.96
2026-10-05T13:06:37.100,267500,523.0,2.408,48.02
2026-10-05T13:06:37.201,267600,523.9,2.412,48.13
2026-10-05T13:06:37.300,267700,524.5,2.415,48.20
2026-10-05T13:06:37.404,267800,525.3,2.419,48.29
2026-10-05T13:06:37.504,267900,525.6,2.420,48.32
2026-10-05T13:06:37.603,268000,526.4,2.423,48.41
2026-10-05T13:06:37.701,268100,527.0,2.426,48.48
2026-10-05T13:06:37.800,268200,527.8,2.430,48.57
2026-10-05T13:06:37.900,268300,528.1,2.432,48.61
2026-10-05T13:06:38.003,268400,528.9,2.435,48.70
2026-10-05T13:06:38.104,268500,529.1,2.436,48.72
2026-10-05T13:06:38.200,268600,530.0,2.440,48.82
2026-10-05T13:06:38.303,268700,530.6,2.443,48.90
2026-10-05T13:06:38.399,268800,531.4,2.447,48.99
2026-10-05T13:06:38.499,268900,531.5,2.447,49.00
2026-10-05T13:06:38.600,269000,532.4,2.451,49.10
2026-10-05T13:06:38.699,269100,532.2,2.451,49.08
2026-10-05T13:06:38.802,269200,533.1,2.455,49.18
2026-10-05T13:06:38.903,269300,533.9,2.458,49.27
2026-10-05T13:06:38.999,269400,534.4,2.460,49.32
2026-10-05T13:06:39.100,269500,534.2,2.460,49.31
2026-10-05T13:06:39.199,269600,535.9,2.467,49.50
2026-10-05T13:06:39.299,269700,535.5,2.465,49.45
2026-10-05T13:06:39.399,269800,536.0,2.468,49.51
2026-10-05T13:06:39.500,269900,536.0,2.468,49.51
2026-10-05T13:06:39.599,270000,536.9,2.472,49.62
2026-10-05T13:06:39.702,270100,537.1,2.473,49.63
2026-10-05T13:06:39.799,270200,537.9,2.477,49.73
2026-10-05T13:06:39.899,270300,538.1,2.477,49.75
2026-10-05T13:06:39.999,270400,538.4,2.479,49.79
2026-10-05T13:06:40.100,270500,539.0,2.482,49.85
2026-10-05T13:06:40.198,270600,539.3,2.483,49.89
2026-10-05T13:06:40.300,270700,539.9,2.486,49.95
2026-10-05T13:06:40.398,270800,540.2,2.487,49.99
2026-10-05T13:06:40.499,270900,540.9,2.491,50.08
2026-10-05T13:06:40.601,271000,541.3,2.492,50.12
2026-10-05T13:06:40.698,271100,541.6,2.494,50.15
2026-10-05T13:06:40.800,271200,542.2,2.497,50.23
2026-10-05T13:06:40.901,271300,542.5,2.498,50.25
2026-10-05T13:06:41.000,271400,543.1,2.500,50.32
2026-10-05T13:06:41.099,271500,543.3,2.501,50.35
2026-10-05T13:06:41.198,271600,543.7,2.503,50.40
2026-10-05T13:06:41.300,271700,544.1,2.505,50.43
2026-10-05T13:06:41.398,271800,544.7,2.508,50.51
2026-10-05T13:06:41.498,271900,544.9,2.509,50.53
2026-10-05T13:06:41.598,272000,545.4,2.511,50.58
2026-10-05T13:06:41.698,272100,546.1,2.514,50.66
2026-10-05T13:06:41.798,272200,546.6,2.517,50.73
2026-10-05T13:06:41.899,272300,547.1,2.519,50.78
2026-10-05T13:06:41.998,272400,547.4,2.520,50.82
2026-10-05T13:06:42.098,272500,547.8,2.522,50.86
2026-10-05T13:06:42.197,272600,548.3,2.524,50.92
2026-10-05T13:06:42.299,272700,548.7,2.527,50.97
2026-10-05T13:06:42.398,272800,549.3,2.529,51.03
2026-10-05T13:06:42.498,272900,549.7,2.531,51.08
2026-10-05T13:06:42.597,273000,550.2,2.533,51.13
2026-10-05T13:06:42.700,273100,550.7,2.536,51.20
2026-10-05T13:06:42.798,273200,551.1,2.537,51.24
2026-10-05T13:06:42.897,273300,551.5,2.539,51.28
2026-10-05T13:06:42.997,273400,552.0,2.541,51.34
2026-10-05T13:06:43.098,273500,552.7,2.545,51.42
2026-10-05T13:06:43.198,273600,553.1,2.547,51.47
2026-10-05T13:06:43.298,273700,553.6,2.549,51.53
2026-10-05T13:06:43.397,273800,554.1,2.551,51.58
2026-10-05T13:06:43.498,273900,554.5,2.553,51.63
2026-10-05T13:06:43.597,274000,555.1,2.556,51.69
2026-10-05T13:06:43.697,274100,555.9,2.559,51.78
2026-10-05T13:06:43.797,274200,556.6,2.562,51.86
2026-10-05T13:06:43.897,274300,557.3,2.566,51.95
2026-10-05T13:06:43.997,274400,557.9,2.569,52.02
2026-10-05T13:06:44.097,274500,558.7,2.572,52.11
2026-10-05T13:06:44.197,274600,559.4,2.575,52.18
2026-10-05T13:06:44.297,274700,560.2,2.579,52.28
2026-10-05T13:06:44.397,274800,561.0,2.583,52.37
2026-10-05T13:06:44.497,274900,561.9,2.587,52.47
2026-10-05T13:06:44.597,275000,562.5,2.590,52.54
2026-10-05T13:06:44.695,275100,563.5,2.594,52.66
2026-10-05T13:06:44.797,275200,564.5,2.599,52.77
2026-10-05T13:06:44.897,275300,565.2,2.602,52.86
2026-10-05T13:06:44.997,275400,566.1,2.606,52.95
2026-10-05T13:06:45.096,275500,567.1,2.611,53.06
2026-10-05T13:06:45.197,275600,568.1,2.615,53.18
2026-10-05T13:06:45.297,275700,568.9,2.619,53.27
2026-10-05T13:06:45.397,275800,569.5,2.622,53.34
2026-10-05T13:06:45.496,275900,570.5,2.627,53.46
2026-10-05T13:06:45.597,276000,571.3,2.630,53.55
2026-10-05T13:06:45.696,276100,571.9,2.633,53.61
2026-10-05T13:06:45.796,276200,572.7,2.637,53.71
2026-10-05T13:06:45.895,276300,573.1,2.638,53.75
2026-10-05T13:06:45.996,276400,573.9,2.642,53.84
2026-10-05T13:06:46.096,276500,574.4,2.644,53.90
2026-10-05T13:06:46.196,276600,575.0,2.647,53.97
2026-10-05T13:06:46.280,276700,575.7,2.651,54.05
2026-10-05T13:06:46.396,276800,576.1,2.652,54.09
2026-10-05T13:06:46.498,276900,576.6,2.655,54.16
2026-10-05T13:06:46.595,277000,577.2,2.657,54.22
2026-10-05T13:06:46.695,277100,578.0,2.661,54.31
2026-10-05T13:06:46.796,277200,578.4,2.663,54.36
2026-10-05T13:06:46.891,277300,578.9,2.665,54.41
2026-10-05T13:06:46.996,277400,579.5,2.668,54.49
2026-10-05T13:06:47.096,277500,580.1,2.671,54.56
2026-10-05T13:06:47.180,277600,581.0,2.675,54.66
2026-10-05T13:06:47.295,277700,581.5,2.677,54.72
2026-10-05T13:06:47.393,277800,582.1,2.680,54.79
2026-10-05T13:06:47.494,277900,582.6,2.682,54.84
2026-10-05T13:06:47.580,278000,583.2,2.685,54.91
2026-10-05T13:06:47.695,278100,583.6,2.687,54.96
2026-10-05T13:06:47.792,278200,584.3,2.690,55.04
2026-10-05T13:06:47.895,278300,584.9,2.693,55.11
2026-10-05T13:06:47.994,278400,585.4,2.695,55.16
2026-10-05T13:06:48.079,278500,586.1,2.698,55.24
2026-10-05T13:06:48.179,278600,586.8,2.702,55.32
2026-10-05T13:06:48.279,278700,587.2,2.703,55.37
2026-10-05T13:06:48.379,278800,587.9,2.707,55.45
2026-10-05T13:06:48.479,278900,588.4,2.709,55.50
2026-10-05T13:06:48.593,279000,589.2,2.713,55.60
2026-10-05T13:06:48.679,279100,589.6,2.715,55.64
2026-10-05T13:06:48.779,279200,590.1,2.717,55.69
2026-10-05T13:06:48.879,279300,590.7,2.720,55.77
2026-10-05T13:06:48.979,279400,591.1,2.721,55.81
2026-10-05T13:06:49.094,279500,591.5,2.723,55.86
2026-10-05T13:06:49.189,279600,592.1,2.726,55.93
2026-10-05T13:06:49.279,279700,592.4,2.728,55.97
2026-10-05T13:06:49.391,279800,592.7,2.729,55.99
2026-10-05T13:06:49.479,279900,593.4,2.732,56.08
2026-10-05T13:06:49.593,280000,593.9,2.735,56.14
2026-10-05T13:06:49.678,280100,594.6,2.738,56.22
2026-10-05T13:06:49.779,280200,595.1,2.740,56.27
2026-10-05T13:06:49.878,280300,595.4,2.741,56.31
2026-10-05T13:06:49.978,280400,596.2,2.745,56.40
2026-10-05T13:06:50.078,280500,596.3,2.745,56.41
2026-10-05T13:06:50.192,280600,597.2,2.750,56.51
2026-10-05T13:06:50.278,280700,597.6,2.751,56.55
2026-10-05T13:06:50.378,280800,598.1,2.754,56.61
2026-10-05T13:06:50.478,280900,598.6,2.756,56.67
2026-10-05T13:06:50.578,281000,599.2,2.759,56.75
2026-10-05T13:06:50.677,281100,599.6,2.761,56.79
2026-10-05T13:06:50.778,281200,600.4,2.764,56.87
2026-10-05T13:06:50.878,281300,600.9,2.767,56.94
2026-10-05T13:06:50.978,281400,601.2,2.768,56.97
2026-10-05T13:06:51.078,281500,601.9,2.771,57.05
2026-10-05T13:06:51.176,281600,602.2,2.773,57.08
2026-10-05T13:06:51.278,281700,603.0,2.776,57.17
2026-10-05T13:06:51.377,281800,603.5,2.779,57.23
2026-10-05T13:06:51.478,281900,604.1,2.781,57.30
2026-10-05T13:06:51.577,282000,604.6,2.784,57.36
2026-10-05T13:06:51.677,282100,605.2,2.787,57.43
2026-10-05T13:06:51.777,282200,605.5,2.788,57.46
2026-10-05T13:06:51.877,282300,606.1,2.790,57.52
2026-10-05T13:06:51.986,282400,606.8,2.794,57.61
2026-10-05T13:06:52.077,282500,607.3,2.796,57.67
2026-10-05T13:06:52.177,282600,607.7,2.798,57.72
2026-10-05T13:06:52.277,282700,608.3,2.801,57.78
2026-10-05T13:06:52.377,282800,608.9,2.803,57.85
2026-10-05T13:06:52.488,282900,609.3,2.805,57.90
2026-10-05T13:06:52.577,283000,609.7,2.807,57.94
2026-10-05T13:06:52.677,283100,610.5,2.811,58.03
2026-10-05T13:06:52.776,283200,611.1,2.813,58.10
2026-10-05T13:06:52.890,283300,611.5,2.815,58.15
2026-10-05T13:06:52.977,283400,612.1,2.818,58.22
2026-10-05T13:06:53.079,283500,612.4,2.819,58.25
2026-10-05T13:06:53.187,283600,613.2,2.823,58.35
2026-10-05T13:06:53.286,283700,613.6,2.825,58.39
2026-10-05T13:06:53.384,283800,614.3,2.828,58.47
2026-10-05T13:06:53.479,283900,615.0,2.832,58.55
2026-10-05T13:06:53.576,284000,615.3,2.833,58.58
2026-10-05T13:06:53.676,284100,616.1,2.837,58.68
2026-10-05T13:06:53.776,284200,616.9,2.840,58.77
2026-10-05T13:06:53.888,284300,617.2,2.842,58.80
2026-10-05T13:06:53.984,284400,617.9,2.845,58.88
2026-10-05T13:06:54.077,284500,618.6,2.848,58.95
2026-10-05T13:06:54.176,284600,619.1,2.850,59.01
2026-10-05T13:06:54.287,284700,619.5,2.852,59.06
2026-10-05T13:06:54.375,284800,620.4,2.857,59.17
2026-10-05T13:06:54.475,284900,621.3,2.861,59.27
2026-10-05T13:06:54.576,285000,621.6,2.862,59.31
2026-10-05T13:06:54.688,285100,622.4,2.866,59.40
2026-10-05T13:06:54.788,285200,623.1,2.869,59.48
2026-10-05T13:06:54.876,285300,623.5,2.871,59.52
2026-10-05T13:06:54.976,285400,624.2,2.874,59.60
2026-10-05T13:06:55.076,285500,625.0,2.878,59.69
2026-10-05T13:06:55.175,285600,625.6,2.880,59.76
2026-10-05T13:06:55.276,285700,626.0,2.882,59.81
2026-10-05T13:06:55.376,285800,626.7,2.885,59.88
2026-10-05T13:06:55.488,285900,627.4,2.889,59.96
2026-10-05T13:06:55.576,286000,628.1,2.892,60.04
2026-10-05T13:06:55.686,286100,628.7,2.895,60.12
2026-10-05T13:06:55.788,286200,629.3,2.897,60.18
2026-10-05T13:06:55.886,286300,629.8,2.900,60.24
2026-10-05T13:06:55.977,286400,630.4,2.903,60.31
2026-10-05T13:06:56.087,286500,631.4,2.907,60.42
2026-10-05T13:06:56.182,286600,631.9,2.910,60.48
2026-10-05T13:06:56.277,286700,632.3,2.911,60.53
2026-10-05T13:06:56.377,286800,633.2,2.915,60.63
2026-10-05T13:06:56.486,286900,633.8,2.918,60.70
2026-10-05T13:06:56.577,287000,634.7,2.922,60.80
2026-10-05T13:06:56.677,287100,635.2,2.925,60.86
2026-10-05T13:06:56.777,287200,635.4,2.926,60.89
2026-10-05T13:06:56.886,287300,636.5,2.931,61.01
2026-10-05T13:06:56.978,287400,637.1,2.933,61.08
2026-10-05T13:06:57.078,287500,637.7,2.936,61.15
2026-10-05T13:06:57.178,287600,638.2,2.939,61.21
2026-10-05T13:06:57.278,287700,638.9,2.942,61.29
2026-10-05T13:06:57.378,287800,639.2,2.943,61.32
2026-10-05T13:06:57.478,287900,640.1,2.947,61.42
2026-10-05T13:06:57.578,288000,640.7,2.950,61.49
2026-10-05T13:06:57.685,288100,641.6,2.954,61.59
2026-10-05T13:06:57.785,288200,642.0,2.956,61.64
2026-10-05T13:06:57.878,288300,642.9,2.960,61.74
2026-10-05T13:06:57.978,288400,643.2,2.962,61.78
2026-10-05T13:06:58.078,288500,643.9,2.965,61.86
2026-10-05T13:06:58.185,288600,644.2,2.966,61.89
2026-10-05T13:06:58.278,288700,645.1,2.970,61.99
2026-10-05T13:06:58.378,288800,645.5,2.972,62.04
2026-10-05T13:06:58.478,288900,646.2,2.975,62.12
2026-10-05T13:06:58.578,289000,646.7,2.978,62.18
2026-10-05T13:06:58.684,289100,647.1,2.979,62.22
2026-10-05T13:06:58.778,289200,647.7,2.982,62.29
2026-10-05T13:06:58.883,289300,648.4,2.985,62.37
2026-10-05T13:06:58.984,289400,649.1,2.988,62.44
2026-10-05T13:06:59.082,289500,649.5,2.990,62.49
2026-10-05T13:06:59.179,289600,650.1,2.993,62.56
2026-10-05T13:06:59.284,289700,650.6,2.995,62.62
2026-10-05T13:06:59.383,289800,651.4,2.999,62.71
2026-10-05T13:06:59.480,289900,652.2,3.003,62.80
2026-10-05T13:06:59.579,290000,652.4,3.004,62.82
2026-10-05T13:06:59.679,290100,653.2,3.007,62.92
2026-10-05T13:06:59.780,290200,653.6,3.009,62.97
2026-10-05T13:06:59.883,290300,654.2,3.012,63.03
2026-10-05T13:06:59.980,290400,654.7,3.015,63.09
2026-10-05T13:07:00.082,290500,655.2,3.017,63.15
2026-10-05T13:07:00.180,290600,655.8,3.019,63.22
2026-10-05T13:07:00.280,290700,656.6,3.023,63.30
2026-10-05T13:07:00.380,290800,657.2,3.026,63.38
2026-10-05T13:07:00.481,290900,657.6,3.027,63.42
2026-10-05T13:07:00.582,291000,658.2,3.030,63.49
2026-10-05T13:07:00.681,291100,658.6,3.032,63.54
2026-10-05T13:07:00.781,291200,659.1,3.035,63.59
2026-10-05T13:07:00.881,291300,660.1,3.039,63.70
2026-10-05T13:07:00.982,291400,660.5,3.041,63.75
2026-10-05T13:07:01.081,291500,661.2,3.044,63.84
2026-10-05T13:07:01.182,291600,661.6,3.046,63.88
2026-10-05T13:07:01.282,291700,662.2,3.049,63.94
2026-10-05T13:07:01.371,291800,662.9,3.052,64.02
2026-10-05T13:07:01.482,291900,663.3,3.054,64.07
2026-10-05T13:07:01.582,292000,663.7,3.056,64.12
2026-10-05T13:07:01.671,292100,664.3,3.059,64.19
2026-10-05T13:07:01.772,292200,665.0,3.062,64.27
2026-10-05T13:07:01.871,292300,665.6,3.064,64.33
2026-10-05T13:07:01.981,292400,666.2,3.067,64.40
2026-10-05T13:07:02.070,292500,666.6,3.069,64.45
2026-10-05T13:07:02.171,292600,667.3,3.072,64.53
2026-10-05T13:07:02.281,292700,667.9,3.075,64.60
2026-10-05T13:07:02.371,292800,668.2,3.076,64.63
2026-10-05T13:07:02.470,292900,668.8,3.079,64.70
2026-10-05T13:07:02.579,293000,669.5,3.082,64.78
2026-10-05T13:07:02.670,293100,669.9,3.084,64.83
2026-10-05T13:07:02.781,293200,670.6,3.088,64.91
2026-10-05T13:07:02.870,293300,671.2,3.090,64.97
2026-10-05T13:07:02.970,293400,671.6,3.092,65.02
2026-10-05T13:07:03.070,293500,672.0,3.094,65.07
2026-10-05T13:07:03.178,293600,672.9,3.098,65.17
2026-10-05T13:07:03.270,293700,673.3,3.100,65.22
2026-10-05T13:07:03.380,293800,673.8,3.102,65.27
2026-10-05T13:07:03.471,293900,674.3,3.105,65.33
2026-10-05T13:07:03.570,294000,674.8,3.107,65.39
2026-10-05T13:07:03.680,294100,675.2,3.109,65.43
2026-10-05T13:07:03.769,294200,675.7,3.111,65.49
2026-10-05T13:07:03.879,294300,676.2,3.114,65.55
2026-10-05T13:07:03.971,294400,676.4,3.114,65.57
2026-10-05T13:07:04.069,294500,676.9,3.116,65.62
2026-10-05T13:07:04.170,294600,677.2,3.118,65.67
2026-10-05T13:07:04.279,294700,677.1,3.117,65.65
2026-10-05T13:07:04.379,294800,677.4,3.119,65.68
2026-10-05T13:07:04.478,294900,677.3,3.118,65.67
2026-10-05T13:07:04.578,295000,677.3,3.118,65.67
2026-10-05T13:07:04.669,295100,677.5,3.119,65.70
2026-10-05T13:07:04.769,295200,677.4,3.119,65.69
2026-10-05T13:07:04.869,295300,677.4,3.119,65.68
2026-10-05T13:07:04.970,295400,677.5,3.119,65.70
2026-10-05T13:07:05.069,295500,677.4,3.119,65.68
2026-10-05T13:07:05.169,295600,677.6,3.120,65.70
2026-10-05T13:07:05.269,295700,677.4,3.119,65.69
2026-10-05T13:07:05.369,295800,677.6,3.120,65.70
2026-10-05T13:07:05.470,295900,677.2,3.118,65.67
2026-10-05T13:07:05.569,296000,677.3,3.118,65.67
2026-10-05T13:07:05.669,296100,677.4,3.119,65.69
2026-10-05T13:07:05.777,296200,677.2,3.118,65.66
2026-10-05T13:07:05.869,296300,677.3,3.118,65.67
2026-10-05T13:07:05.968,296400,677.3,3.118,65.67
2026-10-05T13:07:06.067,296500,677.4,3.119,65.68
2026-10-05T13:07:06.178,296600,677.1,3.117,65.65
2026-10-05T13:07:06.269,296700,677.2,3.118,65.66
2026-10-05T13:07:06.368,296800,677.4,3.119,65.68
2026-10-05T13:07:06.468,296900,677.2,3.118,65.67
2026-10-05T13:07:06.568,297000,677.3,3.118,65.67
2026-10-05T13:07:06.668,297100,677.2,3.118,65.67
2026-10-05T13:07:06.768,297200,677.2,3.118,65.66
2026-10-05T13:07:06.868,297300,677.1,3.118,65.65
2026-10-05T13:07:06.976,297400,677.1,3.118,65.65
2026-10-05T13:07:07.069,297500,677.2,3.118,65.67
2026-10-05T13:07:07.168,297600,677.1,3.117,65.65
2026-10-05T13:07:07.276,297700,677.1,3.117,65.65
2026-10-05T13:07:07.376,297800,677.2,3.118,65.66
2026-10-05T13:07:07.468,297900,677.2,3.118,65.66
2026-10-05T13:07:07.568,298000,677.0,3.117,65.64
2026-10-05T13:07:07.668,298100,677.2,3.118,65.67
2026-10-05T13:07:07.768,298200,677.3,3.118,65.67
2026-10-05T13:07:07.867,298300,677.2,3.118,65.67
2026-10-05T13:07:07.974,298400,677.2,3.118,65.66
2026-10-05T13:07:08.068,298500,677.2,3.118,65.67
2026-10-05T13:07:08.166,298600,677.2,3.118,65.67
2026-10-05T13:07:08.268,298700,677.1,3.117,65.65
2026-10-05T13:07:08.368,298800,677.2,3.118,65.67
2026-10-05T13:07:08.467,298900,677.0,3.117,65.64
2026-10-05T13:07:08.567,299000,677.4,3.119,65.68
2026-10-05T13:07:08.674,299100,677.2,3.118,65.67
2026-10-05T13:07:08.768,299200,677.0,3.117,65.64
2026-10-05T13:07:08.867,299300,677.2,3.118,65.67
2026-10-05T13:07:08.967,299400,677.1,3.118,65.65
2026-10-05T13:07:09.067,299500,677.4,3.119,65.68
2026-10-05T13:07:09.167,299600,677.2,3.118,65.66
2026-10-05T13:07:09.274,299700,677.3,3.118,65.67
2026-10-05T13:07:09.375,299800,677.2,3.118,65.66
2026-10-05T13:07:09.466,299900,677.2,3.118,65.66
2026-10-05T13:07:09.567,300000,677.4,3.119,65.68
2026-10-05T13:07:09.673,300100,677.1,3.118,65.65
2026-10-05T13:07:09.766,300200,677.2,3.118,65.67
2026-10-05T13:07:09.866,300300,677.4,3.119,65.69
2026-10-05T13:07:09.966,300400,677.2,3.118,65.67
2026-10-05T13:07:10.066,300500,677.1,3.118,65.65
2026-10-05T13:07:10.166,300600,677.2,3.118,65.67
2026-10-05T13:07:10.274,300700,677.4,3.119,65.69
2026-10-05T13:07:10.366,300800,677.4,3.119,65.68
2026-10-05T13:07:10.466,300900,677.4,3.119,65.68
2026-10-05T13:07:10.566,301000,677.2,3.118,65.67
2026-10-05T13:07:10.666,301100,677.2,3.118,65.66
2026-10-05T13:07:10.767,301200,677.3,3.118,65.67
2026-10-05T13:07:10.866,301300,677.3,3.118,65.67
2026-10-05T13:07:10.966,301400,677.3,3.118,65.67
2026-10-05T13:07:11.066,301500,677.5,3.119,65.70
2026-10-05T13:07:11.166,301600,677.2,3.118,65.67
2026-10-05T13:07:11.266,301700,677.2,3.118,65.67
2026-10-05T13:07:11.365,301800,677.6,3.120,65.70
2026-10-05T13:07:11.466,301900,677.6,3.120,65.70
2026-10-05T13:07:11.565,302000,677.5,3.119,65.70
2026-10-05T13:07:11.665,302100,677.6,3.120,65.71
2026-10-05T13:07:11.766,302200,677.4,3.119,65.69
2026-10-05T13:07:11.867,302300,677.5,3.119,65.70
2026-10-05T13:07:11.966,302400,677.5,3.119,65.70
2026-10-05T13:07:12.065,302500,677.4,3.119,65.68
2026-10-05T13:07:12.165,302600,677.4,3.119,65.69
2026-10-05T13:07:12.265,302700,677.6,3.120,65.70
2026-10-05T13:07:12.366,302800,677.7,3.120,65.72
2026-10-05T13:07:12.467,302900,677.8,3.121,65.73
2026-10-05T13:07:12.565,303000,677.5,3.119,65.70
2026-10-05T13:07:12.665,303100,677.7,3.120,65.72
2026-10-05T13:07:12.765,303200,677.6,3.120,65.71
2026-10-05T13:07:12.871,303300,677.6,3.120,65.71
2026-10-05T13:07:12.965,303400,677.7,3.120,65.72
2026-10-05T13:07:13.065,303500,677.7,3.120,65.72
2026-10-05T13:07:13.166,303600,677.6,3.120,65.70
2026-10-05T13:07:13.265,303700,677.7,3.120,65.72
2026-10-05T13:07:13.365,303800,677.5,3.119,65.70
2026-10-05T13:07:13.464,303900,677.7,3.120,65.73
2026-10-05T13:07:13.565,304000,677.7,3.120,65.72
2026-10-05T13:07:13.665,304100,677.6,3.120,65.71
2026-10-05T13:07:13.764,304200,677.9,3.121,65.74
2026-10-05T13:07:13.864,304300,677.7,3.120,65.73
2026-10-05T13:07:13.970,304400,677.6,3.120,65.71
2026-10-05T13:07:14.064,304500,677.9,3.121,65.74
2026-10-05T13:07:14.168,304600,677.7,3.120,65.73
2026-10-05T13:07:14.264,304700,677.6,3.120,65.71
2026-10-05T13:07:14.364,304800,677.7,3.120,65.73
2026-10-05T13:07:14.464,304900,677.8,3.121,65.73
2026-10-05T13:07:14.569,305000,677.6,3.120,65.70
2026-10-05T13:07:14.666,305100,677.6,3.120,65.71
2026-10-05T13:07:14.764,305200,677.7,3.120,65.72
2026-10-05T13:07:14.864,305300,677.7,3.120,65.72
2026-10-05T13:07:14.964,305400,677.6,3.120,65.71
2026-10-05T13:07:15.064,305500,677.6,3.120,65.70
2026-10-05T13:07:15.163,305600,677.9,3.121,65.74
2026-10-05T13:07:15.263,305700,677.4,3.119,65.69
2026-10-05T13:07:15.364,305800,677.6,3.120,65.71
2026-10-05T13:07:15.463,305900,677.2,3.118,65.67
2026-10-05T13:07:15.569,306000,677.4,3.119,65.68
2026-10-05T13:07:15.665,306100,677.6,3.120,65.71
2026-10-05T13:07:15.763,306200,677.7,3.120,65.72
2026-10-05T13:07:15.864,306300,677.4,3.119,65.69
2026-10-05T13:07:15.963,306400,677.4,3.119,65.69
2026-10-05T13:07:16.067,306500,677.6,3.120,65.70
2026-10-05T13:07:16.168,306600,677.6,3.120,65.71
2026-10-05T13:07:16.263,306700,677.5,3.119,65.70
2026-10-05T13:07:16.363,306800,677.5,3.119,65.70
2026-10-05T13:07:16.463,306900,677.4,3.119,65.69
2026-10-05T13:07:16.563,307000,677.4,3.119,65.68
2026-10-05T13:07:16.663,307100,677.3,3.118,65.67
2026-10-05T13:07:16.763,307200,677.2,3.118,65.67
2026-10-05T13:07:16.867,307300,677.3,3.118,65.67
2026-10-05T13:07:16.963,307400,677.2,3.118,65.67
2026-10-05T13:07:17.063,307500,677.4,3.119,65.68
2026-10-05T13:07:17.167,307600,677.2,3.118,65.66
2026-10-05T13:07:17.263,307700,677.1,3.118,65.65
2026-10-05T13:07:17.363,307800,677.1,3.117,65.65
2026-10-05T13:07:17.462,307900,677.1,3.117,65.65
2026-10-05T13:07:17.562,308000,676.9,3.116,65.62
2026-10-05T13:07:17.664,308100,677.1,3.118,65.65
2026-10-05T13:07:17.767,308200,677.1,3.118,65.65
2026-10-05T13:07:17.862,308300,677.0,3.117,65.64
2026-10-05T13:07:17.965,308400,677.1,3.117,65.65
2026-10-05T13:07:18.062,308500,676.9,3.117,65.63
2026-10-05T13:07:18.162,308600,676.7,3.116,65.60
2026-10-05T13:07:18.262,308700,676.8,3.116,65.62
2026-10-05T13:07:18.362,308800,676.7,3.116,65.60
2026-10-05T13:07:18.462,308900,676.7,3.116,65.61
2026-10-05T13:07:18.565,309000,676.6,3.115,65.60
2026-10-05T13:07:18.662,309100,676.4,3.114,65.57
2026-10-05T13:07:18.765,309200,676.7,3.116,65.61
2026-10-05T13:07:18.862,309300,676.7,3.116,65.61
2026-10-05T13:07:18.962,309400,677.0,3.117,65.64
2026-10-05T13:07:19.062,309500,677.0,3.117,65.64
2026-10-05T13:07:19.162,309600,677.4,3.119,65.68
2026-10-05T13:07:19.265,309700,677.8,3.121,65.73
2026-10-05T13:07:19.362,309800,678.3,3.123,65.79
2026-10-05T13:07:19.461,309900,678.8,3.125,65.85
2026-10-05T13:07:19.562,310000,679.4,3.128,65.91
2026-10-05T13:07:19.661,310100,680.1,3.131,66.00
2026-10-05T13:07:19.761,310200,681.4,3.137,66.14
2026-10-05T13:07:19.865,310300,681.6,3.138,66.17
2026-10-05T13:07:19.961,310400,682.4,3.142,66.26
2026-10-05T13:07:20.062,310500,683.4,3.146,66.37
2026-10-05T13:07:20.161,310600,684.0,3.149,66.44
2026-10-05T13:07:20.263,310700,685.1,3.154,66.56
2026-10-05T13:07:20.360,310800,685.4,3.156,66.60
2026-10-05T13:07:20.462,310900,686.1,3.159,66.68
2026-10-05T13:07:20.563,311000,687.1,3.163,66.79
2026-10-05T13:07:20.661,311100,687.7,3.166,66.86
2026-10-05T13:07:20.761,311200,688.4,3.169,66.94
2026-10-05T13:07:20.863,311300,688.9,3.172,67.00
2026-10-05T13:07:20.960,311400,689.4,3.174,67.06
2026-10-05T13:07:21.063,311500,690.2,3.178,67.15
2026-10-05T13:07:21.161,311600,691.0,3.181,67.24
2026-10-05T13:07:21.261,311700,691.5,3.184,67.30
2026-10-05T13:07:21.360,311800,691.7,3.185,67.32
2026-10-05T13:07:21.462,311900,692.6,3.189,67.42
2026-10-05T13:07:21.560,312000,693.3,3.192,67.51
2026-10-05T13:07:21.660,312100,693.6,3.193,67.53
2026-10-05T13:07:21.760,312200,694.2,3.196,67.61
2026-10-05T13:07:21.860,312300,694.6,3.198,67.65
2026-10-05T13:07:21.961,312400,695.5,3.202,67.76
2026-10-05T13:07:22.061,312500,695.6,3.203,67.77
2026-10-05T13:07:22.160,312600,696.6,3.207,67.88
2026-10-05T13:07:22.260,312700,697.0,3.209,67.93
2026-10-05T13:07:22.360,312800,697.4,3.211,67.98
2026-10-05T13:07:22.459,312900,698.2,3.215,68.06
2026-10-05T13:07:22.560,313000,698.4,3.215,68.08
2026-10-05T13:07:22.660,313100,698.8,3.217,68.13
2026-10-05T13:07:22.760,313200,699.4,3.220,68.20
2026-10-05T13:07:22.860,313300,699.8,3.222,68.25
2026-10-05T13:07:22.960,313400,700.2,3.224,68.29
2026-10-05T13:07:23.060,313500,700.6,3.226,68.34
2026-10-05T13:07:23.160,313600,700.9,3.227,68.37
2026-10-05T13:07:23.259,313700,701.2,3.228,68.41
2026-10-05T13:07:23.359,313800,701.5,3.230,68.44
2026-10-05T13:07:23.460,313900,701.6,3.230,68.46
2026-10-05T13:07:23.560,314000,701.9,3.232,68.49
2026-10-05T13:07:23.659,314100,702.2,3.233,68.53
2026-10-05T13:07:23.759,314200,702.4,3.234,68.54
2026-10-05T13:07:23.859,314300,703.1,3.237,68.63
2026-10-05T13:07:23.959,314400,703.1,3.237,68.62
2026-10-05T13:07:24.059,314500,703.0,3.237,68.61
2026-10-05T13:07:24.159,314600,703.2,3.238,68.64
2026-10-05T13:07:24.259,314700,703.7,3.240,68.69
2026-10-05T13:07:24.359,314800,703.8,3.240,68.71
2026-10-05T13:07:24.459,314900,704.0,3.241,68.73
2026-10-05T13:07:24.560,315000,704.2,3.242,68.75
2026-10-05T13:07:24.659,315100,705.3,3.247,68.88
2026-10-05T13:07:24.758,315200,705.1,3.246,68.85
2026-10-05T13:07:24.859,315300,705.4,3.248,68.88
2026-10-05T13:07:24.959,315400,705.5,3.248,68.90
2026-10-05T13:07:25.058,315500,705.7,3.249,68.92
2026-10-05T13:07:25.158,315600,706.1,3.251,68.97
2026-10-05T13:07:25.258,315700,706.4,3.252,69.00
2026-10-05T13:07:25.358,315800,706.9,3.255,69.06
2026-10-05T13:07:25.458,315900,707.2,3.256,69.10
2026-10-05T13:07:25.558,316000,707.6,3.258,69.14
2026-10-05T13:07:25.657,316100,707.9,3.259,69.17
2026-10-05T13:07:25.759,316200,708.1,3.260,69.19
2026-10-05T13:07:25.858,316300,708.4,3.261,69.23
2026-10-05T13:07:25.958,316400,708.9,3.264,69.29
2026-10-05T13:07:26.058,316500,709.2,3.265,69.32
2026-10-05T13:07:26.158,316600,709.7,3.268,69.39
2026-10-05T13:07:26.258,316700,709.8,3.268,69.39
2026-10-05T13:07:26.358,316800,710.2,3.270,69.44
2026-10-05T13:07:26.458,316900,710.6,3.272,69.48
2026-10-05T13:07:26.558,317000,711.2,3.274,69.55
2026-10-05T13:07:26.658,317100,711.2,3.275,69.56
2026-10-05T13:07:26.758,317200,711.6,3.276,69.59
2026-10-05T13:07:26.858,317300,711.9,3.278,69.64
2026-10-05T13:07:26.958,317400,712.5,3.280,69.70
2026-10-05T13:07:27.057,317500,712.7,3.281,69.72
2026-10-05T13:07:27.157,317600,713.4,3.284,69.80
2026-10-05T13:07:27.256,317700,713.2,3.284,69.78
2026-10-05T13:07:27.357,317800,713.8,3.286,69.85
2026-10-05T13:07:27.457,317900,714.2,3.288,69.90
2026-10-05T13:07:27.557,318000,714.8,3.291,69.96
2026-10-05T13:07:27.657,318100,715.2,3.293,70.01
2026-10-05T13:07:27.757,318200,715.4,3.294,70.04
2026-10-05T13:07:27.841,318300,715.8,3.296,70.08
2026-10-05T13:07:27.957,318400,716.2,3.297,70.12
2026-10-05T13:07:28.057,318500,717.2,3.302,70.24
2026-10-05T13:07:28.141,318600,717.6,3.304,70.28
2026-10-05T13:07:28.257,318700,718.1,3.306,70.34
2026-10-05T13:07:28.357,318800,718.9,3.310,70.43
2026-10-05T13:07:28.457,318900,719.4,3.312,70.49
2026-10-05T13:07:28.541,319000,720.0,3.315,70.56
2026-10-05T13:07:28.657,319100,720.8,3.319,70.65
2026-10-05T13:07:28.741,319200,721.4,3.322,70.72
2026-10-05T13:07:28.856,319300,722.0,3.324,70.79
2026-10-05T13:07:28.957,319400,722.8,3.328,70.88
2026-10-05T13:07:29.041,319500,723.3,3.330,70.94
2026-10-05T13:07:29.141,319600,724.0,3.333,71.02
2026-10-05T13:07:29.256,319700,724.7,3.337,71.09
2026-10-05T13:07:29.356,319800,725.3,3.339,71.17
2026-10-05T13:07:29.441,319900,726.1,3.343,71.25
2026-10-05T13:07:29.541,320000,726.5,3.345,71.30
2026-10-05T13:07:29.652,320100,727.6,3.350,71.42
2026-10-05T13:07:29.756,320200,727.8,3.351,71.45
2026-10-05T13:07:29.840,320300,728.5,3.354,71.53
2026-10-05T13:07:29.940,320400,729.3,3.358,71.62
2026-10-05T13:07:30.055,320500,729.8,3.360,71.68
2026-10-05T13:07:30.155,320600,730.4,3.363,71.74
2026-10-05T13:07:30.240,320700,730.9,3.365,71.80
2026-10-05T13:07:30.340,320800,731.9,3.370,71.92
2026-10-05T13:07:30.440,320900,732.2,3.371,71.95
2026-10-05T13:07:30.540,321000,733.0,3.375,72.04
2026-10-05T13:07:30.640,321100,733.3,3.376,72.08
2026-10-05T13:07:30.740,321200,734.1,3.380,72.17
2026-10-05T13:07:30.840,321300,734.6,3.382,72.22
2026-10-05T13:07:30.954,321400,735.4,3.386,72.32
2026-10-05T13:07:31.054,321500,735.4,3.386,72.32
2026-10-05T13:07:31.139,321600,735.8,3.388,72.37
2026-10-05T13:07:31.240,321700,736.6,3.391,72.45
2026-10-05T13:07:31.340,321800,737.0,3.393,72.50
2026-10-05T13:07:31.440,321900,737.4,3.395,72.55
2026-10-05T13:07:31.539,322000,737.8,3.397,72.60
2026-10-05T13:07:31.640,322100,738.5,3.400,72.67
2026-10-05T13:07:31.739,322200,738.8,3.402,72.71
2026-10-05T13:07:31.839,322300,739.4,3.404,72.77
2026-10-05T13:07:31.939,322400,739.8,3.406,72.82
2026-10-05T13:07:32.053,322500,740.5,3.409,72.90
2026-10-05T13:07:32.153,322600,741.0,3.412,72.96
2026-10-05T13:07:32.239,322700,741.2,3.413,72.98
2026-10-05T13:07:32.339,322800,741.6,3.415,73.03
2026-10-05T13:07:32.439,322900,742.1,3.417,73.08
2026-10-05T13:07:32.538,323000,742.5,3.419,73.13
2026-10-05T13:07:32.652,323100,742.7,3.420,73.16
2026-10-05T13:07:32.739,323200,743.3,3.422,73.22
2026-10-05T13:07:32.839,323300,743.6,3.423,73.25
2026-10-05T13:07:32.938,323400,743.6,3.424,73.26
2026-10-05T13:07:33.038,323500,744.0,3.425,73.30
2026-10-05T13:07:33.138,323600,744.6,3.428,73.37
2026-10-05T13:07:33.238,323700,744.7,3.429,73.38
2026-10-05T13:07:33.339,323800,745.1,3.430,73.42
2026-10-05T13:07:33.438,323900,745.4,3.432,73.46
2026-10-05T13:07:33.538,324000,745.7,3.433,73.50
2026-10-05T13:07:33.651,324100,745.9,3.434,73.52
2026-10-05T13:07:33.738,324200,745.9,3.434,73.52
2026-10-05T13:07:33.838,324300,746.6,3.437,73.60
2026-10-05T13:07:33.938,324400,746.7,3.438,73.62
2026-10-05T13:07:34.038,324500,747.1,3.440,73.66
2026-10-05T13:07:34.137,324600,747.2,3.440,73.67
2026-10-05T13:07:34.250,324700,747.7,3.443,73.73
2026-10-05T13:07:34.338,324800,747.8,3.443,73.74
2026-10-05T13:07:34.438,324900,748.4,3.446,73.80
2026-10-05T13:07:34.538,325000,748.7,3.447,73.84
2026-10-05T13:07:34.637,325100,748.9,3.448,73.87
2026-10-05T13:07:34.751,325200,748.9,3.448,73.87
2026-10-05T13:07:34.849,325300,749.2,3.449,73.90
2026-10-05T13:07:34.937,325400,749.3,3.450,73.91
2026-10-05T13:07:35.050,325500,749.5,3.451,73.93
2026-10-05T13:07:35.137,325600,749.6,3.451,73.94
2026-10-05T13:07:35.237,325700,749.8,3.452,73.97
2026-10-05T13:07:35.346,325800,750.4,3.455,74.04
2026-10-05T13:07:35.437,325900,750.2,3.454,74.02
2026-10-05T13:07:35.537,326000,750.4,3.455,74.04
2026-10-05T13:07:35.637,326100,750.7,3.456,74.07
2026-10-05T13:07:35.737,326200,750.9,3.457,74.09
2026-10-05T13:07:35.837,326300,751.0,3.458,74.10
2026-10-05T13:07:35.937,326400,751.1,3.458,74.11
2026-10-05T13:07:36.037,326500,751.3,3.459,74.14
2026-10-05T13:07:36.138,326600,751.4,3.459,74.15
2026-10-05T13:07:36.249,326700,751.8,3.461,74.20
2026-10-05T13:07:36.337,326800,751.5,3.460,74.16
2026-10-05T13:07:36.437,326900,751.9,3.462,74.20
2026-10-05T13:07:36.537,327000,752.0,3.462,74.22
2026-10-05T13:07:36.637,327100,752.1,3.463,74.23
2026-10-05T13:07:36.737,327200,752.4,3.464,74.27
2026-10-05T13:07:36.848,327300,753.2,3.468,74.35
2026-10-05T13:07:36.935,327400,753.1,3.467,74.34
2026-10-05T13:07:37.049,327500,753.5,3.469,74.39
2026-10-05T13:07:37.141,327600,753.6,3.469,74.40
2026-10-05T13:07:37.237,327700,753.7,3.470,74.41
2026-10-05T13:07:37.349,327800,753.9,3.471,74.43
2026-10-05T13:07:37.437,327900,754.1,3.472,74.46
2026-10-05T13:07:37.537,328000,754.8,3.475,74.54
2026-10-05T13:07:37.636,328100,754.7,3.475,74.53
2026-10-05T13:07:37.737,328200,755.3,3.478,74.60
2026-10-05T13:07:37.843,328300,755.7,3.479,74.64
2026-10-05T13:07:37.948,328400,755.9,3.480,74.66
2026-10-05T13:07:38.047,328500,756.4,3.482,74.72
2026-10-05T13:07:38.136,328600,756.9,3.485,74.78
2026-10-05T13:07:38.236,328700,757.3,3.487,74.83
2026-10-05T13:07:38.336,328800,757.7,3.488,74.87
2026-10-05T13:07:38.436,328900,758.1,3.490,74.91
2026-10-05T13:07:38.547,329000,758.6,3.493,74.97
2026-10-05T13:07:38.636,329100,759.2,3.496,75.05
2026-10-05T13:07:38.736,329200,759.7,3.498,75.10
2026-10-05T13:07:38.836,329300,759.9,3.499,75.12
2026-10-05T13:07:38.947,329400,760.6,3.502,75.20
2026-10-05T13:07:39.036,329500,761.3,3.505,75.28
2026-10-05T13:07:39.136,329600,761.5,3.506,75.31
2026-10-05T13:07:39.235,329700,761.8,3.507,75.34
2026-10-05T13:07:39.346,329800,762.4,3.510,75.41
2026-10-05T13:07:39.434,329900,763.2,3.514,75.51
2026-10-05T13:07:39.535,330000,763.5,3.515,75.53
2026-10-05T13:07:39.634,330100,763.8,3.517,75.57
2026-10-05T13:07:39.735,330200,764.7,3.521,75.68
2026-10-05T13:07:39.834,330300,765.2,3.523,75.73
2026-10-05T13:07:39.945,330400,765.4,3.524,75.75
2026-10-05T13:07:40.035,330500,765.8,3.526,75.80
2026-10-05T13:07:40.134,330600,766.5,3.529,75.88
2026-10-05T13:07:40.245,330700,767.1,3.532,75.95
2026-10-05T13:07:40.335,330800,767.4,3.533,75.98
2026-10-05T13:07:40.434,330900,768.1,3.537,76.06
2026-10-05T13:07:40.545,331000,768.6,3.539,76.11
2026-10-05T13:07:40.635,331100,768.9,3.540,76.16
2026-10-05T13:07:40.733,331200,769.2,3.542,76.19
2026-10-05T13:07:40.845,331300,769.7,3.544,76.24
2026-10-05T13:07:40.935,331400,770.0,3.545,76.28
2026-10-05T13:07:41.044,331500,770.7,3.549,76.36
2026-10-05T13:07:41.135,331600,771.3,3.551,76.43
2026-10-05T13:07:41.243,331700,771.6,3.552,76.46
2026-10-05T13:07:41.345,331800,772.3,3.556,76.54
2026-10-05T13:07:41.434,331900,772.8,3.558,76.60
2026-10-05T13:07:41.544,332000,773.2,3.560,76.65
2026-10-05T13:07:41.634,332100,773.7,3.562,76.71
2026-10-05T13:07:41.733,332200,774.2,3.564,76.76
2026-10-05T13:07:41.843,332300,774.6,3.566,76.80
2026-10-05T13:07:41.934,332400,775.2,3.569,76.88
2026-10-05T13:07:42.033,332500,775.7,3.571,76.93
2026-10-05T13:07:42.134,332600,776.1,3.573,76.98
2026-10-05T13:07:42.233,332700,776.6,3.576,77.04
2026-10-05T13:07:42.343,332800,777.2,3.578,77.10
2026-10-05T13:07:42.433,332900,777.2,3.579,77.11
2026-10-05T13:07:42.532,333000,778.2,3.583,77.21
2026-10-05T13:07:42.634,333100,778.5,3.584,77.25
2026-10-05T13:07:42.743,333200,779.1,3.587,77.31
2026-10-05T13:07:42.832,333300,779.3,3.588,77.34
2026-10-05T13:07:42.942,333400,780.1,3.591,77.43
2026-10-05T13:07:43.034,333500,780.2,3.592,77.45
2026-10-05T13:07:43.142,333600,780.9,3.596,77.53
2026-10-05T13:07:43.232,333700,781.3,3.597,77.57
2026-10-05T13:07:43.332,333800,781.9,3.600,77.64
2026-10-05T13:07:43.443,333900,782.4,3.602,77.70
2026-10-05T13:07:43.533,334000,782.9,3.604,77.75
2026-10-05T13:07:43.633,334100,783.1,3.606,77.78
2026-10-05T13:07:43.732,334200,783.8,3.609,77.86
2026-10-05T13:07:43.833,334300,784.2,3.611,77.91
2026-10-05T13:07:43.932,334400,784.7,3.613,77.96
2026-10-05T13:07:44.031,334500,784.9,3.614,77.98
2026-10-05T13:07:44.132,334600,785.4,3.616,78.04
2026-10-05T13:07:44.232,334700,785.9,3.619,78.10
2026-10-05T13:07:44.337,334800,786.4,3.621,78.16
2026-10-05T13:07:44.432,334900,786.6,3.621,78.17
2026-10-05T13:07:44.531,335000,787.1,3.624,78.24
2026-10-05T13:07:44.631,335100,787.9,3.628,78.33
2026-10-05T13:07:44.741,335200,788.1,3.628,78.34
2026-10-05T13:07:44.833,335300,788.9,3.632,78.44
2026-10-05T13:07:44.931,335400,789.2,3.634,78.48
2026-10-05T13:07:45.031,335500,789.5,3.635,78.51
2026-10-05T13:07:45.131,335600,790.0,3.637,78.57
2026-10-05T13:07:45.232,335700,790.2,3.638,78.59
2026-10-05T13:07:45.331,335800,791.2,3.643,78.70
2026-10-05T13:07:45.431,335900,791.4,3.644,78.72
2026-10-05T13:07:45.531,336000,791.9,3.646,78.78
2026-10-05T13:07:45.631,336100,792.2,3.647,78.82
2026-10-05T13:07:45.731,336200,792.1,3.647,78.81
2026-10-05T13:07:45.839,336300,793.0,3.651,78.91
2026-10-05T13:07:45.931,336400,793.4,3.653,78.96
2026-10-05T13:07:46.030,336500,793.6,3.654,78.98
2026-10-05T13:07:46.130,336600,794.2,3.657,79.05
2026-10-05T13:07:46.230,336700,794.6,3.659,79.09
2026-10-05T13:07:46.330,336800,795.1,3.661,79.15
2026-10-05T13:07:46.431,336900,795.4,3.662,79.18
2026-10-05T13:07:46.530,337000,796.1,3.665,79.26
2026-10-05T13:07:46.639,337100,796.2,3.666,79.27
2026-10-05T13:07:46.715,337200,796.7,3.668,79.33
2026-10-05T13:07:46.840,337300,797.4,3.671,79.41
2026-10-05T13:07:46.932,337400,797.4,3.671,79.42
2026-10-05T13:07:47.030,337500,798.0,3.674,79.48
2026-10-05T13:07:47.131,337600,798.0,3.674,79.48
2026-10-05T13:07:47.230,337700,798.3,3.676,79.52
2026-10-05T13:07:47.330,337800,798.7,3.677,79.56
2026-10-05T13:07:47.438,337900,799.4,3.680,79.64
2026-10-05T13:07:47.530,338000,799.3,3.680,79.63
2026-10-05T13:07:47.630,338100,799.4,3.680,79.64
2026-10-05T13:07:47.730,338200,800.0,3.683,79.71
2026-10-05T13:07:47.830,338300,800.2,3.684,79.73
2026-10-05T13:07:47.928,338400,800.4,3.685,79.76
2026-10-05T13:07:48.030,338500,800.9,3.687,79.81
2026-10-05T13:07:48.130,338600,801.4,3.690,79.87
2026-10-05T13:07:48.230,338700,801.4,3.690,79.87
2026-10-05T13:07:48.329,338800,801.8,3.692,79.92
2026-10-05T13:07:48.438,338900,802.1,3.693,79.95
2026-10-05T13:07:48.530,339000,802.2,3.694,79.97
2026-10-05T13:07:48.630,339100,802.6,3.695,80.01
2026-10-05T13:07:48.729,339200,802.9,3.697,80.04
2026-10-05T13:07:48.829,339300,803.1,3.698,80.07
2026-10-05T13:07:48.930,339400,803.4,3.699,80.09
2026-10-05T13:07:49.029,339500,803.9,3.701,80.15
2026-10-05T13:07:49.137,339600,804.4,3.703,80.21
2026-10-05T13:07:49.229,339700,804.5,3.704,80.22
2026-10-05T13:07:49.329,339800,804.9,3.706,80.27
2026-10-05T13:07:49.429,339900,805.1,3.707,80.30
2026-10-05T13:07:49.528,340000,805.6,3.709,80.35
2026-10-05T13:07:49.635,340100,805.9,3.711,80.39
2026-10-05T13:07:49.736,340200,806.7,3.714,80.48
2026-10-05T13:07:49.836,340300,806.6,3.714,80.47
2026-10-05T13:07:49.929,340400,807.1,3.716,80.52
2026-10-05T13:07:50.027,340500,807.4,3.717,80.55
2026-10-05T13:07:50.130,340600,807.7,3.719,80.59
2026-10-05T13:07:50.228,340700,808.1,3.720,80.63
2026-10-05T13:07:50.328,340800,808.6,3.723,80.69
2026-10-05T13:07:50.428,340900,808.5,3.722,80.68
2026-10-05T13:07:50.530,341000,809.4,3.726,80.78
2026-10-05T13:07:50.628,341100,809.3,3.726,80.77
2026-10-05T13:07:50.728,341200,809.7,3.728,80.82
2026-10-05T13:07:50.828,341300,809.9,3.729,80.85
2026-10-05T13:07:50.928,341400,810.5,3.732,80.91
2026-10-05T13:07:51.028,341500,810.8,3.733,80.95
2026-10-05T13:07:51.128,341600,811.1,3.734,80.97
2026-10-05T13:07:51.228,341700,811.4,3.736,81.02
2026-10-05T13:07:51.335,341800,811.8,3.738,81.06
2026-10-05T13:07:51.433,341900,812.6,3.741,81.15
2026-10-05T13:07:51.528,342000,812.7,3.742,81.16
2026-10-05T13:07:51.628,342100,813.1,3.743,81.20
2026-10-05T13:07:51.728,342200,813.1,3.743,81.20
2026-10-05T13:07:51.828,342300,813.6,3.746,81.27
2026-10-05T13:07:51.928,342400,814.0,3.748,81.31
2026-10-05T13:07:52.034,342500,814.7,3.751,81.39
2026-10-05T13:07:52.135,342600,814.9,3.752,81.41
2026-10-05T13:07:52.228,342700,815.1,3.753,81.43
2026-10-05T13:07:52.333,342800,815.4,3.754,81.47
2026-10-05T13:07:52.427,342900,815.9,3.757,81.53
2026-10-05T13:07:52.527,343000,816.4,3.759,81.58
2026-10-05T13:07:52.627,343100,816.4,3.759,81.58
2026-10-05T13:07:52.733,343200,817.1,3.762,81.66
2026-10-05T13:07:52.827,343300,817.4,3.763,81.70
2026-10-05T13:07:52.927,343400,817.6,3.764,81.72
2026-10-05T13:07:53.028,343500,818.3,3.768,81.80
2026-10-05T13:07:53.127,343600,818.8,3.770,81.86
2026-10-05T13:07:53.227,343700,818.9,3.770,81.88
2026-10-05T13:07:53.327,343800,819.2,3.772,81.91
2026-10-05T13:07:53.429,343900,819.5,3.773,81.94
2026-10-05T13:07:53.527,344000,819.9,3.775,81.98
2026-10-05T13:07:53.627,344100,820.4,3.777,82.04
2026-10-05T13:07:53.732,344200,820.7,3.779,82.08
2026-10-05T13:07:53.826,344300,820.8,3.779,82.09
2026-10-05T13:07:53.926,344400,821.4,3.782,82.16
2026-10-05T13:07:54.026,344500,821.9,3.784,82.21
2026-10-05T13:07:54.126,344600,822.1,3.785,82.23
2026-10-05T13:07:54.227,344700,822.6,3.787,82.29
2026-10-05T13:07:54.326,344800,822.8,3.788,82.32
2026-10-05T13:07:54.426,344900,823.1,3.789,82.35
2026-10-05T13:07:54.527,345000,823.4,3.791,82.39
2026-10-05T13:07:54.626,345100,823.6,3.792,82.41
2026-10-05T13:07:54.726,345200,823.9,3.793,82.45
2026-10-05T13:07:54.825,345300,824.4,3.796,82.50
2026-10-05T13:07:54.927,345400,824.7,3.797,82.53
2026-10-05T13:07:55.026,345500,824.9,3.798,82.55
2026-10-05T13:07:55.126,345600,825.3,3.800,82.60
2026-10-05T13:07:55.226,345700,825.4,3.800,82.62
2026-10-05T13:07:55.325,345800,825.7,3.802,82.65
2026-10-05T13:07:55.426,345900,826.3,3.804,82.72
2026-10-05T13:07:55.526,346000,826.4,3.805,82.73
2026-10-05T13:07:55.626,346100,826.8,3.807,82.78
2026-10-05T13:07:55.725,346200,827.0,3.808,82.80
2026-10-05T13:07:55.826,346300,827.4,3.809,82.84
2026-10-05T13:07:55.925,346400,827.9,3.812,82.90
2026-10-05T13:07:56.026,346500,828.3,3.814,82.95
2026-10-05T13:07:56.126,346600,828.6,3.815,82.98
2026-10-05T13:07:56.226,346700,828.8,3.816,83.00
2026-10-05T13:07:56.326,346800,829.1,3.817,83.03
2026-10-05T13:07:56.425,346900,830.0,3.821,83.14
2026-10-05T13:07:56.526,347000,830.0,3.821,83.14
2026-10-05T13:07:56.625,347100,830.6,3.824,83.20
2026-10-05T13:07:56.725,347200,830.7,3.825,83.23
2026-10-05T13:07:56.825,347300,831.4,3.828,83.30
2026-10-05T13:07:56.924,347400,831.9,3.830,83.36
2026-10-05T13:07:57.026,347500,832.2,3.832,83.40
2026-10-05T13:07:57.125,347600,832.8,3.834,83.46
2026-10-05T13:07:57.225,347700,833.0,3.835,83.48
2026-10-05T13:07:57.329,347800,833.4,3.837,83.53
2026-10-05T13:07:57.430,347900,833.7,3.838,83.56
2026-10-05T13:07:57.525,348000,834.2,3.841,83.62
2026-10-05T13:07:57.625,348100,834.9,3.844,83.71
2026-10-05T13:07:57.729,348200,835.4,3.846,83.76
2026-10-05T13:07:57.825,348300,835.5,3.847,83.77
2026-10-05T13:07:57.924,348400,836.0,3.849,83.83
2026-10-05T13:07:58.029,348500,836.7,3.852,83.91
2026-10-05T13:07:58.124,348600,837.1,3.854,83.96
2026-10-05T13:07:58.224,348700,837.7,3.857,84.02
2026-10-05T13:07:58.324,348800,838.2,3.859,84.08
2026-10-05T13:07:58.424,348900,838.5,3.861,84.11
2026-10-05T13:07:58.523,349000,839.1,3.863,84.18
2026-10-05T13:07:58.624,349100,839.6,3.866,84.24
2026-10-05T13:07:58.724,349200,840.1,3.868,84.30
2026-10-05T13:07:58.824,349300,840.4,3.869,84.33
2026-10-05T13:07:58.924,349400,841.1,3.873,84.41
2026-10-05T13:07:59.028,349500,841.6,3.875,84.46
2026-10-05T13:07:59.125,349600,841.9,3.876,84.51
2026-10-05T13:07:59.224,349700,842.3,3.878,84.55
2026-10-05T13:07:59.324,349800,843.2,3.882,84.66
2026-10-05T13:07:59.424,349900,843.4,3.883,84.68
2026-10-05T13:07:59.524,350000,844.2,3.887,84.76
2026-10-05T13:07:59.627,350100,844.6,3.889,84.81
2026-10-05T13:07:59.723,350200,845.3,3.892,84.89
2026-10-05T13:07:59.824,350300,845.6,3.893,84.92
2026-10-05T13:07:59.923,350400,845.8,3.894,84.95
2026-10-05T13:08:00.023,350500,846.7,3.899,85.06
2026-10-05T13:08:00.122,350600,846.9,3.899,85.08
2026-10-05T13:08:00.224,350700,847.5,3.902,85.14
2026-10-05T13:08:00.323,350800,848.4,3.906,85.24
2026-10-05T13:08:00.423,350900,848.4,3.906,85.24
2026-10-05T13:08:00.523,351000,849.2,3.910,85.34
2026-10-05T13:08:00.626,351100,849.7,3.912,85.39
2026-10-05T13:08:00.726,351200,849.9,3.913,85.41
2026-10-05T13:08:00.823,351300,850.8,3.917,85.52
2026-10-05T13:08:00.923,351400,851.2,3.919,85.56
2026-10-05T13:08:01.023,351500,851.7,3.922,85.63
2026-10-05T13:08:01.123,351600,852.1,3.923,85.67
2026-10-05T13:08:01.225,351700,852.6,3.926,85.73
2026-10-05T13:08:01.323,351800,853.1,3.928,85.79
2026-10-05T13:08:01.423,351900,853.6,3.930,85.84
2026-10-05T13:08:01.524,352000,854.1,3.932,85.90
2026-10-05T13:08:01.622,352100,854.9,3.936,85.99
2026-10-05T13:08:01.724,352200,855.3,3.938,86.04
2026-10-05T13:08:01.822,352300,855.6,3.939,86.06
2026-10-05T13:08:01.923,352400,856.3,3.943,86.15
2026-10-05T13:08:02.023,352500,856.8,3.945,86.21
2026-10-05T13:08:02.123,352600,857.4,3.947,86.27
2026-10-05T13:08:02.222,352700,857.9,3.950,86.33
2026-10-05T13:08:02.322,352800,858.3,3.952,86.38
2026-10-05T13:08:02.422,352900,858.9,3.955,86.45
2026-10-05T13:08:02.522,353000,859.2,3.956,86.48
2026-10-05T13:08:02.622,353100,860.2,3.960,86.59
2026-10-05T13:08:02.723,353200,860.6,3.962,86.64
2026-10-05T13:08:02.822,353300,861.1,3.965,86.70
2026-10-05T13:08:02.922,353400,861.4,3.966,86.74
2026-10-05T13:08:03.022,353500,861.8,3.968,86.78
2026-10-05T13:08:03.121,353600,862.6,3.972,86.87
2026-10-05T13:08:03.224,353700,863.2,3.974,86.94
2026-10-05T13:08:03.322,353800,863.4,3.975,86.96
2026-10-05T13:08:03.423,353900,863.8,3.977,87.01
2026-10-05T13:08:03.522,354000,864.7,3.981,87.12
2026-10-05T13:08:03.621,354100,865.2,3.984,87.17
2026-10-05T13:08:03.722,354200,865.5,3.985,87.20
2026-10-05T13:08:03.823,354300,865.9,3.987,87.25
2026-10-05T13:08:03.921,354400,866.4,3.989,87.31
2026-10-05T13:08:04.021,354500,867.1,3.992,87.39
2026-10-05T13:08:04.121,354600,867.6,3.994,87.44
2026-10-05T13:08:04.223,354700,868.4,3.998,87.53
2026-10-05T13:08:04.322,354800,868.6,3.999,87.55
2026-10-05T13:08:04.421,354900,869.2,4.002,87.63
2026-10-05T13:08:04.521,355000,869.9,4.005,87.70
2026-10-05T13:08:04.623,355100,870.3,4.007,87.75
2026-10-05T13:08:04.721,355200,870.9,4.010,87.82
2026-10-05T13:08:04.821,355300,871.3,4.012,87.87
2026-10-05T13:08:04.922,355400,871.6,4.013,87.89
2026-10-05T13:08:05.021,355500,872.2,4.016,87.97
2026-10-05T13:08:05.120,355600,873.1,4.020,88.07
2026-10-05T13:08:05.221,355700,873.2,4.021,88.09
2026-10-05T13:08:05.320,355800,873.6,4.022,88.13
2026-10-05T13:08:05.420,355900,873.6,4.022,88.13
2026-10-05T13:08:05.522,356000,873.4,4.021,88.10
2026-10-05T13:08:05.620,356100,873.1,4.020,88.07
2026-10-05T13:08:05.720,356200,873.2,4.021,88.09
2026-10-05T13:08:05.819,356300,873.1,4.020,88.07
2026-10-05T13:08:05.919,356400,872.3,4.016,87.98
2026-10-05T13:08:06.021,356500,871.9,4.014,87.93
2026-10-05T13:08:06.120,356600,871.2,4.011,87.86
2026-10-05T13:08:06.220,356700,870.6,4.008,87.78
2026-10-05T13:08:06.320,356800,870.2,4.007,87.74
2026-10-05T13:08:06.421,356900,869.2,4.002,87.63
2026-10-05T13:08:06.520,357000,868.4,3.998,87.53
2026-10-05T13:08:06.620,357100,867.9,3.996,87.48
2026-10-05T13:08:06.720,357200,867.0,3.992,87.37
2026-10-05T13:08:06.820,357300,866.3,3.989,87.29
2026-10-05T13:08:06.920,357400,865.2,3.983,87.17
2026-10-05T13:08:07.019,357500,864.6,3.981,87.10
2026-10-05T13:08:07.120,357600,863.6,3.976,86.98
2026-10-05T13:08:07.219,357700,862.5,3.971,86.86
2026-10-05T13:08:07.319,357800,861.6,3.967,86.76
2026-10-05T13:08:07.419,357900,860.5,3.962,86.63
2026-10-05T13:08:07.519,358000,859.9,3.959,86.56
2026-10-05T13:08:07.619,358100,858.9,3.955,86.45
2026-10-05T13:08:07.719,358200,857.6,3.949,86.30
2026-10-05T13:08:07.819,358300,856.5,3.943,86.17
2026-10-05T13:08:07.919,358400,855.9,3.941,86.10
2026-10-05T13:08:08.020,358500,854.6,3.934,85.95
2026-10-05T13:08:08.119,358600,853.7,3.930,85.85
2026-10-05T13:08:08.219,358700,852.9,3.927,85.76
2026-10-05T13:08:08.319,358800,852.0,3.923,85.66
2026-10-05T13:08:08.419,358900,850.7,3.917,85.51
2026-10-05T13:08:08.519,359000,850.2,3.914,85.45
2026-10-05T13:08:08.619,359100,848.5,3.907,85.26
2026-10-05T13:08:08.719,359200,847.7,3.903,85.16
2026-10-05T13:08:08.803,359300,846.7,3.898,85.05
2026-10-05T13:08:08.919,359400,846.5,3.897,85.03
2026-10-05T13:08:09.019,359500,845.6,3.893,84.92
2026-10-05T13:08:09.117,359600,844.5,3.888,84.80
2026-10-05T13:08:09.217,359700,843.4,3.883,84.67
2026-10-05T13:08:09.319,359800,842.4,3.879,84.56
2026-10-05T13:08:09.403,359900,842.0,3.877,84.51
2026-10-05T13:08:09.517,360000,840.8,3.871,84.38
2026-10-05T13:08:09.618,360100,840.2,3.868,84.31
2026-10-05T13:08:09.718,360200,838.9,3.862,84.16
2026-10-05T13:08:09.818,360300,838.1,3.859,84.06
2026-10-05T13:08:09.918,360400,837.2,3.855,83.97
2026-10-05T13:08:10.003,360500,836.7,3.852,83.91
2026-10-05T13:08:10.102,360600,836.4,3.851,83.88
2026-10-05T13:08:10.218,360700,835.9,3.848,83.81
2026-10-05T13:08:10.302,360800,835.7,3.848,83.80
2026-10-05T13:08:10.407,360900,835.0,3.844,83.71
2026-10-05T13:08:10.502,361000,834.5,3.842,83.66
2026-10-05T13:08:10.602,361100,834.2,3.841,83.63
2026-10-05T13:08:10.717,361200,834.3,3.841,83.63
2026-10-05T13:08:10.817,361300,834.3,3.841,83.63
2026-10-05T13:08:10.912,361400,833.9,3.839,83.58
2026-10-05T13:08:11.002,361500,834.0,3.840,83.60
2026-10-05T13:08:11.115,361600,834.4,3.842,83.64
2026-10-05T13:08:11.201,361700,834.3,3.841,83.63
2026-10-05T13:08:11.301,361800,834.5,3.842,83.66
2026-10-05T13:08:11.401,361900,834.8,3.844,83.69
2026-10-05T13:08:11.501,362000,835.1,3.845,83.73
2026-10-05T13:08:11.616,362100,835.1,3.845,83.72
2026-10-05T13:08:11.714,362200,835.2,3.845,83.73
2026-10-05T13:08:11.816,362300,835.2,3.845,83.73
2026-10-05T13:08:11.901,362400,835.4,3.846,83.76
2026-10-05T13:08:12.014,362500,835.7,3.848,83.80
2026-10-05T13:08:12.101,362600,835.7,3.848,83.80
2026-10-05T13:08:12.215,362700,835.9,3.849,83.82
2026-10-05T13:08:12.301,362800,835.8,3.848,83.81
2026-10-05T13:08:12.415,362900,836.0,3.849,83.83
2026-10-05T13:08:12.512,363000,836.2,3.850,83.85
2026-10-05T13:08:12.601,363100,836.5,3.851,83.88
2026-10-05T13:08:12.701,363200,836.7,3.852,83.91
2026-10-05T13:08:12.800,363300,836.7,3.852,83.91
2026-10-05T13:08:12.914,363400,837.0,3.854,83.94
2026-10-05T13:08:13.001,363500,837.0,3.854,83.94
2026-10-05T13:08:13.100,363600,837.4,3.855,83.98
2026-10-05T13:08:13.200,363700,837.6,3.857,84.01
2026-10-05T13:08:13.301,363800,837.8,3.857,84.03
2026-10-05T13:08:13.415,363900,837.9,3.858,84.05
2026-10-05T13:08:13.512,364000,837.9,3.858,84.04
2026-10-05T13:08:13.600,364100,838.2,3.859,84.08
2026-10-05T13:08:13.701,364200,838.3,3.860,84.09
2026-10-05T13:08:13.800,364300,838.7,3.861,84.13
2026-10-05T13:08:13.900,364400,838.8,3.862,84.15
2026-10-05T13:08:14.000,364500,839.1,3.863,84.18
2026-10-05T13:08:14.100,364600,838.9,3.862,84.16
2026-10-05T13:08:14.200,364700,839.2,3.864,84.20
2026-10-05T13:08:14.300,364800,839.4,3.865,84.21
2026-10-05T13:08:14.408,364900,839.5,3.865,84.23
2026-10-05T13:08:14.513,365000,839.9,3.867,84.28
2026-10-05T13:08:14.600,365100,840.1,3.868,84.29
2026-10-05T13:08:14.700,365200,840.3,3.869,84.32
2026-10-05T13:08:14.800,365300,840.2,3.869,84.31
2026-10-05T13:08:14.911,365400,840.5,3.870,84.34
2026-10-05T13:08:15.013,365500,840.8,3.871,84.38
2026-10-05T13:08:15.099,365600,840.6,3.870,84.36
2026-10-05T13:08:15.206,365700,840.9,3.871,84.38
2026-10-05T13:08:15.299,365800,840.9,3.871,84.38
2026-10-05T13:08:15.408,365900,841.2,3.873,84.42
2026-10-05T13:08:15.512,366000,841.3,3.873,84.43
2026-10-05T13:08:15.599,366100,841.7,3.875,84.48
2026-10-05T13:08:15.699,366200,841.6,3.875,84.47
2026-10-05T13:08:15.809,366300,841.9,3.876,84.50
2026-10-05T13:08:15.899,366400,841.7,3.876,84.48
2026-10-05T13:08:15.998,366500,842.1,3.877,84.53
2026-10-05T13:08:16.112,366600,842.2,3.878,84.53
2026-10-05T13:08:16.199,366700,842.4,3.878,84.56
2026-10-05T13:08:16.299,366800,842.2,3.878,84.54
2026-10-05T13:08:16.399,366900,842.4,3.878,84.56
2026-10-05T13:08:16.510,367000,842.6,3.879,84.58
2026-10-05T13:08:16.609,367100,842.3,3.878,84.55
2026-10-05T13:08:16.699,367200,842.4,3.878,84.56
2026-10-05T13:08:16.811,367300,842.4,3.878,84.56
2026-10-05T13:08:16.899,367400,842.1,3.877,84.53
2026-10-05T13:08:16.998,367500,842.6,3.880,84.58
2026-10-05T13:08:17.111,367600,842.2,3.878,84.53
2026-10-05T13:08:17.211,367700,842.2,3.878,84.54
2026-10-05T13:08:17.298,367800,842.5,3.879,84.57
2026-10-05T13:08:17.398,367900,842.2,3.878,84.54
2026-10-05T13:08:17.499,368000,842.2,3.878,84.53
2026-10-05T13:08:17.601,368100,842.2,3.878,84.54
2026-10-05T13:08:17.711,368200,842.5,3.879,84.57
2026-10-05T13:08:17.798,368300,842.6,3.880,84.58
2026-10-05T13:08:17.903,368400,842.6,3.879,84.58
2026-10-05T13:08:18.009,368500,842.7,3.880,84.59
2026-10-05T13:08:18.109,368600,843.0,3.881,84.63
2026-10-05T13:08:18.198,368700,842.9,3.881,84.62
2026-10-05T13:08:18.298,368800,843.3,3.883,84.66
2026-10-05T13:08:18.398,368900,843.1,3.882,84.64
2026-10-05T13:08:18.498,369000,843.1,3.882,84.64
2026-10-05T13:08:18.597,369100,843.4,3.883,84.68
2026-10-05T13:08:18.708,369200,843.4,3.883,84.67
2026-10-05T13:08:18.798,369300,843.5,3.884,84.68
2026-10-05T13:08:18.897,369400,843.2,3.882,84.66
2026-10-05T13:08:18.997,369500,843.4,3.883,84.68
2026-10-05T13:08:19.106,369600,843.6,3.884,84.69
2026-10-05T13:08:19.197,369700,843.8,3.885,84.72
2026-10-05T13:08:19.297,369800,843.7,3.885,84.71
2026-10-05T13:08:19.397,369900,843.5,3.884,84.68
2026-10-05T13:08:19.496,370000,843.9,3.885,84.73
2026-10-05T13:08:19.597,370100,843.7,3.885,84.71
2026-10-05T13:08:19.709,370200,844.0,3.886,84.74
2026-10-05T13:08:19.801,370300,844.2,3.887,84.76
2026-10-05T13:08:19.897,370400,844.3,3.887,84.78
2026-10-05T13:08:19.997,370500,843.9,3.886,84.73
2026-10-05T13:08:20.104,370600,844.2,3.887,84.76
2026-10-05T13:08:20.198,370700,843.9,3.886,84.73
2026-10-05T13:08:20.298,370800,843.9,3.885,84.73
2026-10-05T13:08:20.397,370900,843.9,3.886,84.73
2026-10-05T13:08:20.505,371000,843.7,3.884,84.71
2026-10-05T13:08:20.596,371100,843.4,3.883,84.68
2026-10-05T13:08:20.697,371200,843.8,3.885,84.72
2026-10-05T13:08:20.807,371300,843.9,3.886,84.73
2026-10-05T13:08:20.907,371400,842.6,3.879,84.58
2026-10-05T13:08:21.002,371500,841.2,3.873,84.42
2026-10-05T13:08:21.106,371600,839.2,3.864,84.19
2026-10-05T13:08:21.201,371700,837.6,3.856,84.01
2026-10-05T13:08:21.295,371800,835.9,3.848,83.81
2026-10-05T13:08:21.407,371900,833.9,3.839,83.58
2026-10-05T13:08:21.496,372000,832.2,3.832,83.40
2026-10-05T13:08:21.596,372100,830.4,3.823,83.18
2026-10-05T13:08:21.705,372200,828.9,3.817,83.02
2026-10-05T13:08:21.806,372300,826.7,3.806,82.76
2026-10-05T13:08:21.903,372400,824.6,3.797,82.53
2026-10-05T13:08:21.996,372500,822.9,3.789,82.33
2026-10-05T13:08:22.095,372600,820.9,3.779,82.10
2026-10-05T13:08:22.202,372700,819.5,3.773,81.94
2026-10-05T13:08:22.305,372800,817.7,3.765,81.74
2026-10-05T13:08:22.402,372900,816.6,3.760,81.60
2026-10-05T13:08:22.503,373000,815.3,3.754,81.46
2026-10-05T13:08:22.595,373100,814.2,3.749,81.34
2026-10-05T13:08:22.703,373200,813.2,3.744,81.22
2026-10-05T13:08:22.805,373300,812.1,3.739,81.09
2026-10-05T13:08:22.893,373400,811.0,3.734,80.97
2026-10-05T13:08:22.995,373500,809.9,3.729,80.85
2026-10-05T13:08:23.104,373600,808.9,3.724,80.72
2026-10-05T13:08:23.195,373700,808.0,3.720,80.62
2026-10-05T13:08:23.295,373800,807.1,3.716,80.52
2026-10-05T13:08:23.405,373900,806.4,3.713,80.44
2026-10-05T13:08:23.495,374000,805.4,3.708,80.33
2026-10-05T13:08:23.604,374100,804.4,3.704,80.22
2026-10-05T13:08:23.703,374200,803.4,3.699,80.10
2026-10-05T13:08:23.804,374300,802.7,3.696,80.02
2026-10-05T13:08:23.903,374400,801.9,3.692,79.92
2026-10-05T13:08:24.004,374500,801.2,3.689,79.84
2026-10-05T13:08:24.095,374600,800.4,3.685,79.76
2026-10-05T13:08:24.197,374700,799.6,3.682,79.67
2026-10-05T13:08:24.302,374800,799.1,3.679,79.60
2026-10-05T13:08:24.404,374900,798.4,3.676,79.53
2026-10-05T13:08:24.503,375000,797.9,3.674,79.47
2026-10-05T13:08:24.595,375100,797.5,3.672,79.42
2026-10-05T13:08:24.696,375200,796.4,3.667,79.30
2026-10-05T13:08:24.794,375300,796.1,3.665,79.26
2026-10-05T13:08:24.903,375400,795.6,3.663,79.20
2026-10-05T13:08:25.004,375500,795.4,3.662,79.18
2026-10-05T13:08:25.097,375600,794.9,3.660,79.12
2026-10-05T13:08:25.202,375700,794.3,3.657,79.06
2026-10-05T13:08:25.302,375800,794.1,3.656,79.03
2026-10-05T13:08:25.400,375900,794.0,3.656,79.02
2026-10-05T13:08:25.493,376000,793.8,3.655,79.00
2026-10-05T13:08:25.594,376100,793.5,3.653,78.97
2026-10-05T13:08:25.700,376200,793.5,3.653,78.97
2026-10-05T13:08:25.801,376300,793.2,3.652,78.94
2026-10-05T13:08:25.901,376400,793.1,3.652,78.92
2026-10-05T13:08:26.002,376500,792.9,3.651,78.90
2026-10-05T13:08:26.092,376600,793.1,3.651,78.92
2026-10-05T13:08:26.194,376700,792.7,3.650,78.88
2026-10-05T13:08:26.293,376800,792.7,3.650,78.88
2026-10-05T13:08:26.393,376900,792.7,3.650,78.88
2026-10-05T13:08:26.501,377000,792.3,3.648,78.83
2026-10-05T13:08:26.592,377100,792.2,3.647,78.82
2026-10-05T13:08:26.702,377200,792.2,3.648,78.82
2026-10-05T13:08:26.801,377300,792.0,3.646,78.79
2026-10-05T13:08:26.895,377400,792.1,3.647,78.80
2026-10-05T13:08:26.993,377500,792.0,3.646,78.79
2026-10-05T13:08:27.101,377600,792.1,3.647,78.81
2026-10-05T13:08:27.193,377700,792.2,3.648,78.82
2026-10-05T13:08:27.293,377800,792.1,3.647,78.80
2026-10-05T13:08:27.400,377900,792.2,3.647,78.82
2026-10-05T13:08:27.493,378000,792.1,3.647,78.80
2026-10-05T13:08:27.595,378100,792.4,3.648,78.84
2026-10-05T13:08:27.692,378200,792.3,3.648,78.83
2026-10-05T13:08:27.792,378300,791.9,3.646,78.79
2026-10-05T13:08:27.892,378400,792.0,3.646,78.79
2026-10-05T13:08:27.992,378500,792.1,3.647,78.81
2026-10-05T13:08:28.100,378600,792.2,3.647,78.82
2026-10-05T13:08:28.201,378700,792.5,3.649,78.85
2026-10-05T13:08:28.299,378800,792.2,3.648,78.82
2026-10-05T13:08:28.392,378900,792.4,3.648,78.84
2026-10-05T13:08:28.492,379000,792.3,3.648,78.83
2026-10-05T13:08:28.591,379100,792.3,3.648,78.83
2026-10-05T13:08:28.692,379200,792.3,3.648,78.83
2026-10-05T13:08:28.799,379300,792.2,3.648,78.82
2026-10-05T13:08:28.899,379400,792.4,3.648,78.84
2026-10-05T13:08:28.999,379500,792.4,3.648,78.84
2026-10-05T13:08:29.099,379600,792.4,3.648,78.84
2026-10-05T13:08:29.191,379700,792.4,3.648,78.84
2026-10-05T13:08:29.300,379800,792.2,3.648,78.82
2026-10-05T13:08:29.394,379900,792.5,3.649,78.85
2026-10-05T13:08:29.499,380000,792.5,3.649,78.85
2026-10-05T13:08:29.590,380100,792.3,3.648,78.83
2026-10-05T13:08:29.692,380200,792.4,3.648,78.84
2026-10-05T13:08:29.797,380300,792.3,3.648,78.83
2026-10-05T13:08:29.892,380400,792.7,3.650,78.87
2026-10-05T13:08:29.997,380500,792.4,3.648,78.84
2026-10-05T13:08:30.091,380600,792.5,3.649,78.85
2026-10-05T13:08:30.191,380700,792.4,3.648,78.84
2026-10-05T13:08:30.298,380800,792.5,3.649,78.85
2026-10-05T13:08:30.397,380900,792.6,3.649,78.86
2026-10-05T13:08:30.498,381000,792.7,3.650,78.87
2026-10-05T13:08:30.591,381100,792.7,3.650,78.88
2026-10-05T13:08:30.695,381200,792.6,3.649,78.87
2026-10-05T13:08:30.798,381300,793.1,3.652,78.92
2026-10-05T13:08:30.897,381400,792.7,3.650,78.87
2026-10-05T13:08:30.990,381500,792.9,3.650,78.89
2026-10-05T13:08:31.097,381600,792.8,3.650,78.89
2026-10-05T13:08:31.194,381700,793.3,3.652,78.94
2026-10-05T13:08:31.290,381800,792.7,3.650,78.87
2026-10-05T13:08:31.397,381900,792.8,3.650,78.89
2026-10-05T13:08:31.491,382000,792.5,3.649,78.85
2026-10-05T13:08:31.590,382100,793.0,3.651,78.91
2026-10-05T13:08:31.696,382200,792.9,3.651,78.90
2026-10-05T13:08:31.795,382300,792.5,3.649,78.85
2026-10-05T13:08:31.896,382400,792.8,3.650,78.89
2026-10-05T13:08:31.990,382500,792.7,3.650,78.88
2026-10-05T13:08:32.090,382600,792.6,3.649,78.87
2026-10-05T13:08:32.189,382700,792.9,3.650,78.89
2026-10-05T13:08:32.290,382800,793.0,3.651,78.91
2026-10-05T13:08:32.395,382900,792.8,3.650,78.89
2026-10-05T13:08:32.495,383000,792.7,3.650,78.88
2026-10-05T13:08:32.590,383100,793.0,3.651,78.91
2026-10-05T13:08:32.695,383200,792.9,3.650,78.89
2026-10-05T13:08:32.790,383300,792.7,3.650,78.88
2026-10-05T13:08:32.889,383400,792.9,3.651,78.90
2026-10-05T13:08:32.988,383500,792.9,3.651,78.90
2026-10-05T13:08:33.090,383600,792.8,3.650,78.89
2026-10-05T13:08:33.189,383700,793.0,3.651,78.91
2026-10-05T13:08:33.289,383800,792.8,3.650,78.89
2026-10-05T13:08:33.389,383900,793.0,3.651,78.91
2026-10-05T13:08:33.493,384000,792.9,3.651,78.90
2026-10-05T13:08:33.589,384100,793.1,3.651,78.92
2026-10-05T13:08:33.695,384200,793.1,3.651,78.92
2026-10-05T13:08:33.790,384300,792.7,3.650,78.88
2026-10-05T13:08:33.889,384400,792.7,3.650,78.88
2026-10-05T13:08:33.989,384500,792.9,3.651,78.90
2026-10-05T13:08:34.089,384600,792.9,3.650,78.89
2026-10-05T13:08:34.191,384700,792.8,3.650,78.89
2026-10-05T13:08:34.291,384800,793.0,3.651,78.91
2026-10-05T13:08:34.388,384900,792.9,3.651,78.90
2026-10-05T13:08:34.489,385000,792.9,3.651,78.90
2026-10-05T13:08:34.588,385100,793.0,3.651,78.91
2026-10-05T13:08:34.690,385200,793.0,3.651,78.91
2026-10-05T13:08:34.788,385300,793.1,3.651,78.92
2026-10-05T13:08:34.894,385400,793.2,3.652,78.93
2026-10-05T13:08:34.988,385500,793.1,3.652,78.92
2026-10-05T13:08:35.093,385600,792.7,3.650,78.88
2026-10-05T13:08:35.194,385700,793.2,3.652,78.93
2026-10-05T13:08:35.288,385800,793.0,3.651,78.91
2026-10-05T13:08:35.392,385900,792.9,3.650,78.89
2026-10-05T13:08:35.492,386000,793.1,3.652,78.92
2026-10-05T13:08:35.593,386100,793.2,3.652,78.93
2026-10-05T13:08:35.694,386200,793.1,3.652,78.92
2026-10-05T13:08:35.790,386300,792.9,3.651,78.90
2026-10-05T13:08:35.888,386400,792.9,3.650,78.89
2026-10-05T13:08:35.993,386500,792.8,3.650,78.89
2026-10-05T13:08:36.088,386600,792.7,3.650,78.88
2026-10-05T13:08:36.192,386700,793.0,3.651,78.91
2026-10-05T13:08:36.288,386800,793.1,3.651,78.92
2026-10-05T13:08:36.387,386900,792.7,3.650,78.88
2026-10-05T13:08:36.487,387000,792.7,3.650,78.88
2026-10-05T13:08:36.587,387100,792.9,3.650,78.89
2026-10-05T13:08:36.686,387200,793.0,3.651,78.91
2026-10-05T13:08:36.788,387300,792.9,3.650,78.89
2026-10-05T13:08:36.887,387400,792.7,3.650,78.88
2026-10-05T13:08:36.987,387500,792.9,3.651,78.90
2026-10-05T13:08:37.091,387600,792.8,3.650,78.89
2026-10-05T13:08:37.187,387700,793.2,3.652,78.93
2026-10-05T13:08:37.287,387800,792.9,3.650,78.89
2026-10-05T13:08:37.387,387900,793.0,3.651,78.91
2026-10-05T13:08:37.489,388000,792.9,3.651,78.90
2026-10-05T13:08:37.591,388100,792.9,3.651,78.90
2026-10-05T13:08:37.691,388200,792.9,3.650,78.89
2026-10-05T13:08:37.787,388300,792.6,3.649,78.87
2026-10-05T13:08:37.891,388400,792.6,3.649,78.87
2026-10-05T13:08:37.987,388500,792.9,3.651,78.90
2026-10-05T13:08:38.087,388600,792.7,3.650,78.88
2026-10-05T13:08:38.190,388700,792.7,3.650,78.88
2026-10-05T13:08:38.288,388800,792.7,3.650,78.88
2026-10-05T13:08:38.388,388900,792.5,3.649,78.85
2026-10-05T13:08:38.488,389000,792.8,3.650,78.89
2026-10-05T13:08:38.588,389100,792.7,3.650,78.87
2026-10-05T13:08:38.690,389200,792.7,3.650,78.87
2026-10-05T13:08:38.788,389300,792.8,3.650,78.89
2026-10-05T13:08:38.888,389400,792.7,3.650,78.87
2026-10-05T13:08:38.988,389500,792.7,3.650,78.88
2026-10-05T13:08:39.088,389600,792.6,3.649,78.86
2026-10-05T13:08:39.188,389700,792.6,3.649,78.86
2026-10-05T13:08:39.290,389800,792.6,3.649,78.87
2026-10-05T13:08:39.389,389900,792.8,3.650,78.89
2026-10-05T13:08:39.489,390000,792.5,3.649,78.85
2026-10-05T13:08:39.589,390100,792.7,3.650,78.88
2026-10-05T13:08:39.689,390200,792.4,3.648,78.84
2026-10-05T13:08:39.789,390300,792.6,3.649,78.87
2026-10-05T13:08:39.889,390400,792.4,3.648,78.84
2026-10-05T13:08:39.989,390500,792.6,3.649,78.87
2026-10-05T13:08:40.089,390600,792.5,3.649,78.85
2026-10-05T13:08:40.185,390700,792.4,3.648,78.84
2026-10-05T13:08:40.285,390800,792.4,3.648,78.84
2026-10-05T13:08:40.385,390900,792.4,3.648,78.84
2026-10-05T13:08:40.487,391000,792.4,3.648,78.84
2026-10-05T13:08:40.586,391100,792.7,3.650,78.87
2026-10-05T13:08:40.685,391200,792.6,3.649,78.87
2026-10-05T13:08:40.785,391300,792.5,3.649,78.85
2026-10-05T13:08:40.888,391400,792.3,3.648,78.83
2026-10-05T13:08:40.987,391500,792.2,3.648,78.82
2026-10-05T13:08:41.085,391600,792.4,3.648,78.84
2026-10-05T13:08:41.187,391700,792.4,3.648,78.84
2026-10-05T13:08:41.285,391800,792.2,3.647,78.82
2026-10-05T13:08:41.385,391900,792.5,3.649,78.85
2026-10-05T13:08:41.486,392000,792.4,3.648,78.84
2026-10-05T13:08:41.585,392100,792.6,3.649,78.87
2026-10-05T13:08:41.684,392200,792.1,3.647,78.81
2026-10-05T13:08:41.786,392300,792.2,3.647,78.82
2026-10-05T13:08:41.885,392400,792.3,3.648,78.83
2026-10-05T13:08:41.987,392500,792.4,3.648,78.84
2026-10-05T13:08:42.085,392600,792.2,3.648,78.82
2026-10-05T13:08:42.186,392700,792.1,3.647,78.81
2026-10-05T13:08:42.286,392800,792.2,3.648,78.82
2026-10-05T13:08:42.384,392900,792.4,3.648,78.84
2026-10-05T13:08:42.487,393000,792.0,3.646,78.79
2026-10-05T13:08:42.584,393100,792.2,3.647,78.82
2026-10-05T13:08:42.685,393200,792.3,3.648,78.83
2026-10-05T13:08:42.786,393300,792.2,3.648,78.82
2026-10-05T13:08:42.883,393400,792.2,3.647,78.82
2026-10-05T13:08:42.985,393500,792.1,3.647,78.80
2026-10-05T13:08:43.084,393600,791.9,3.646,78.79
2026-10-05T13:08:43.185,393700,792.3,3.648,78.83
2026-10-05T13:08:43.286,393800,792.2,3.648,78.82
2026-10-05T13:08:43.385,393900,792.4,3.648,78.84
2026-10-05T13:08:43.485,394000,792.1,3.647,78.80
2026-10-05T13:08:43.582,394100,791.8,3.646,78.77
2026-10-05T13:08:43.684,394200,792.1,3.647,78.81
2026-10-05T13:08:43.785,394300,792.2,3.648,78.82
2026-10-05T13:08:43.884,394400,791.9,3.646,78.78
2026-10-05T13:08:43.984,394500,792.4,3.648,78.84
2026-10-05T13:08:44.085,394600,792.3,3.648,78.83
2026-10-05T13:08:44.183,394700,791.8,3.646,78.77
2026-10-05T13:08:44.283,394800,791.9,3.646,78.78
2026-10-05T13:08:44.384,394900,791.7,3.645,78.77
2026-10-05T13:08:44.483,395000,791.9,3.646,78.79
2026-10-05T13:08:44.584,395100,792.0,3.646,78.79
2026-10-05T13:08:44.683,395200,791.5,3.644,78.74
2026-10-05T13:08:44.783,395300,792.1,3.647,78.80
2026-10-05T13:08:44.883,395400,792.0,3.646,78.79
2026-10-05T13:08:44.983,395500,792.0,3.646,78.79
2026-10-05T13:08:45.083,395600,791.7,3.645,78.77
2026-10-05T13:08:45.183,395700,791.9,3.646,78.79
2026-10-05T13:08:45.283,395800,792.1,3.647,78.80
2026-10-05T13:08:45.383,395900,792.0,3.646,78.79
2026-10-05T13:08:45.483,396000,792.1,3.647,78.80
2026-10-05T13:08:45.582,396100,791.8,3.646,78.77
2026-10-05T13:08:45.681,396200,791.8,3.646,78.77
2026-10-05T13:08:45.784,396300,791.6,3.645,78.75
2026-10-05T13:08:45.882,396400,791.7,3.645,78.77
2026-10-05T13:08:45.984,396500,791.7,3.645,78.76
2026-10-05T13:08:46.082,396600,791.7,3.645,78.76
2026-10-05T13:08:46.183,396700,791.8,3.646,78.77
2026-10-05T13:08:46.282,396800,791.5,3.644,78.74
2026-10-05T13:08:46.382,396900,791.7,3.645,78.77
2026-10-05T13:08:46.482,397000,791.7,3.645,78.76
2026-10-05T13:08:46.582,397100,791.6,3.645,78.75
2026-10-05T13:08:46.682,397200,791.6,3.645,78.75
2026-10-05T13:08:46.783,397300,791.6,3.645,78.75
2026-10-05T13:08:46.882,397400,791.7,3.645,78.76
2026-10-05T13:08:46.981,397500,791.4,3.644,78.73
2026-10-05T13:08:47.082,397600,791.7,3.645,78.76
2026-10-05T13:08:47.182,397700,791.3,3.643,78.72
2026-10-05T13:08:47.282,397800,791.7,3.645,78.76
2026-10-05T13:08:47.381,397900,791.7,3.645,78.76
2026-10-05T13:08:47.481,398000,791.6,3.644,78.74
2026-10-05T13:08:47.582,398100,791.4,3.644,78.73
2026-10-05T13:08:47.681,398200,791.5,3.644,78.74
2026-10-05T13:08:47.782,398300,791.4,3.644,78.73
2026-10-05T13:08:47.881,398400,791.4,3.644,78.73
2026-10-05T13:08:47.981,398500,791.3,3.643,78.72
2026-10-05T13:08:48.066,398600,791.4,3.644,78.73
2026-10-05T13:08:48.182,398700,791.6,3.644,78.74
2026-10-05T13:08:48.281,398800,791.4,3.644,78.72
2026-10-05T13:08:48.381,398900,791.5,3.644,78.74
2026-10-05T13:08:48.481,399000,791.4,3.644,78.73
2026-10-05T13:08:48.582,399100,791.4,3.644,78.73
2026-10-05T13:08:48.681,399200,791.3,3.643,78.72
2026-10-05T13:08:48.781,399300,791.4,3.644,78.73
2026-10-05T13:08:48.880,399400,791.3,3.643,78.72
2026-10-05T13:08:48.981,399500,791.2,3.643,78.70
2026-10-05T13:08:49.081,399600,791.4,3.644,78.73
2026-10-05T13:08:49.181,399700,791.2,3.643,78.70
2026-10-05T13:08:49.265,399800,791.2,3.643,78.70
2026-10-05T13:08:49.381,399900,791.3,3.643,78.72
2026-10-05T13:08:49.479,400000,791.2,3.643,78.70
2026-10-05T13:08:49.580,400100,791.1,3.642,78.69
2026-10-05T13:08:49.680,400200,791.0,3.642,78.68
2026-10-05T13:08:49.779,400300,791.1,3.642,78.69
2026-10-05T13:08:49.880,400400,791.1,3.642,78.69
2026-10-05T13:08:49.965,400500,791.1,3.642,78.69
2026-10-05T13:08:50.064,400600,790.8,3.641,78.66
2026-10-05T13:08:50.165,400700,791.3,3.643,78.72
2026-10-05T13:08:50.279,400800,791.2,3.643,78.70
2026-10-05T13:08:50.378,400900,790.9,3.641,78.67
2026-10-05T13:08:50.479,401000,790.8,3.641,78.66
2026-10-05T13:08:50.579,401100,790.8,3.641,78.66
2026-10-05T13:08:50.664,401200,790.9,3.642,78.67
2026-10-05T13:08:50.764,401300,790.7,3.640,78.64
2026-10-05T13:08:50.864,401400,791.0,3.642,78.68
2026-10-05T13:08:50.977,401500,790.9,3.642,78.67
2026-10-05T13:08:51.064,401600,790.7,3.640,78.64
2026-10-05T13:08:51.178,401700,790.6,3.640,78.64
2026-10-05T13:08:51.264,401800,790.5,3.640,78.62
2026-10-05T13:08:51.378,401900,790.7,3.640,78.64
2026-10-05T13:08:51.475,402000,790.8,3.641,78.66
2026-10-05T13:08:51.563,402100,790.9,3.641,78.67
2026-10-05T13:08:51.663,402200,790.6,3.640,78.63
2026-10-05T13:08:51.763,402300,790.3,3.639,78.60
2026-10-05T13:08:51.872,402400,790.5,3.640,78.62
2026-10-05T13:08:51.964,402500,790.6,3.640,78.63
2026-10-05T13:08:52.063,402600,790.4,3.639,78.62
2026-10-05T13:08:52.176,402700,790.6,3.640,78.63
2026-10-05T13:08:52.263,402800,790.2,3.638,78.59
2026-10-05T13:08:52.377,402900,790.6,3.640,78.64
2026-10-05T13:08:52.463,403000,790.6,3.640,78.63
2026-10-05T13:08:52.568,403100,790.6,3.640,78.63
2026-10-05T13:08:52.663,403200,790.4,3.639,78.62
2026-10-05T13:08:52.763,403300,790.2,3.638,78.59
2026-10-05T13:08:52.863,403400,790.4,3.639,78.62
2026-10-05T13:08:52.963,403500,790.4,3.639,78.62
2026-10-05T13:08:53.062,403600,790.4,3.639,78.62
2026-10-05T13:08:53.163,403700,790.4,3.639,78.61
2026-10-05T13:08:53.268,403800,790.4,3.639,78.61
2026-10-05T13:08:53.363,403900,790.6,3.640,78.64
2026-10-05T13:08:53.463,404000,790.2,3.638,78.59
2026-10-05T13:08:53.573,404100,790.6,3.640,78.64
2026-10-05T13:08:53.676,404200,790.4,3.639,78.62
2026-10-05T13:08:53.763,404300,790.3,3.639,78.60
2026-10-05T13:08:53.862,404400,790.4,3.639,78.62
2026-10-05T13:08:53.963,404500,790.2,3.638,78.59
2026-10-05T13:08:54.063,404600,790.0,3.637,78.57
2026-10-05T13:08:54.161,404700,790.1,3.638,78.58
2026-10-05T13:08:54.276,404800,790.5,3.640,78.62
2026-10-05T13:08:54.375,404900,790.3,3.639,78.60
2026-10-05T13:08:54.462,405000,790.2,3.638,78.59
2026-10-05T13:08:54.562,405100,789.9,3.637,78.55
2026-10-05T13:08:54.662,405200,790.2,3.638,78.59
2026-10-05T13:08:54.762,405300,790.3,3.639,78.60
2026-10-05T13:08:54.862,405400,790.4,3.639,78.62
2026-10-05T13:08:54.962,405500,790.1,3.638,78.57
2026-10-05T13:08:55.062,405600,790.2,3.638,78.59
2026-10-05T13:08:55.162,405700,790.1,3.638,78.58
2026-10-05T13:08:55.262,405800,790.2,3.638,78.59
2026-10-05T13:08:55.374,405900,790.1,3.638,78.57
2026-10-05T13:08:55.461,406000,790.1,3.638,78.58
2026-10-05T13:08:55.561,406100,790.0,3.637,78.57
2026-10-05T13:08:55.661,406200,790.2,3.638,78.59
2026-10-05T13:08:55.761,406300,789.7,3.636,78.54
2026-10-05T13:08:55.874,406400,789.8,3.636,78.54
2026-10-05T13:08:55.974,406500,790.1,3.638,78.57
2026-10-05T13:08:56.068,406600,790.1,3.638,78.57
2026-10-05T13:08:56.169,406700,790.0,3.637,78.57
2026-10-05T13:08:56.261,406800,789.8,3.636,78.54
2026-10-05T13:08:56.361,406900,789.7,3.636,78.54
2026-10-05T13:08:56.461,407000,789.8,3.636,78.54
2026-10-05T13:08:56.561,407100,790.0,3.637,78.57
2026-10-05T13:08:56.660,407200,790.0,3.637,78.57
2026-10-05T13:08:56.770,407300,789.6,3.636,78.52
2026-10-05T13:08:56.873,407400,789.6,3.636,78.52
2026-10-05T13:08:56.973,407500,789.7,3.636,78.54
2026-10-05T13:08:57.061,407600,789.6,3.636,78.52
2026-10-05T13:08:57.161,407700,789.7,3.636,78.53
2026-10-05T13:08:57.261,407800,789.7,3.636,78.53
2026-10-05T13:08:57.361,407900,789.6,3.635,78.52
2026-10-05T13:08:57.461,408000,789.6,3.635,78.52
2026-10-05T13:08:57.561,408100,789.8,3.636,78.54
2026-10-05T13:08:57.666,408200,789.7,3.636,78.54
2026-10-05T13:08:57.772,408300,789.6,3.636,78.52
2026-10-05T13:08:57.859,408400,789.5,3.635,78.51
2026-10-05T13:08:57.972,408500,789.6,3.635,78.52
2026-10-05T13:08:58.065,408600,789.6,3.635,78.52
2026-10-05T13:08:58.159,408700,789.6,3.635,78.52
2026-10-05T13:08:58.272,408800,789.6,3.636,78.52
2026-10-05T13:08:58.361,408900,789.2,3.634,78.48
2026-10-05T13:08:58.472,409000,789.2,3.634,78.47
2026-10-05T13:08:58.571,409100,789.5,3.635,78.51
2026-10-05T13:08:58.659,409200,789.7,3.636,78.54
2026-10-05T13:08:58.772,409300,789.4,3.634,78.49
2026-10-05T13:08:58.871,409400,789.3,3.634,78.49
2026-10-05T13:08:58.972,409500,789.5,3.635,78.51
2026-10-05T13:08:59.059,409600,789.2,3.634,78.47
2026-10-05T13:08:59.159,409700,789.3,3.634,78.49
2026-10-05T13:08:59.270,409800,789.2,3.634,78.48
2026-10-05T13:08:59.368,409900,789.1,3.633,78.46
2026-10-05T13:08:59.459,410000,789.2,3.634,78.48
2026-10-05T13:08:59.571,410100,789.2,3.634,78.48
2026-10-05T13:08:59.659,410200,789.1,3.633,78.46
2026-10-05T13:08:59.759,410300,789.5,3.635,78.51
2026-10-05T13:08:59.859,410400,789.2,3.634,78.47
2026-10-05T13:08:59.970,410500,788.7,3.631,78.42
2026-10-05T13:09:00.059,410600,789.1,3.633,78.46
2026-10-05T13:09:00.159,410700,789.2,3.634,78.47
2026-10-05T13:09:00.259,410800,789.1,3.633,78.46
2026-10-05T13:09:00.358,410900,788.9,3.632,78.44
2026-10-05T13:09:00.464,411000,789.1,3.633,78.46
2026-10-05T13:09:00.569,411100,788.8,3.632,78.43
2026-10-05T13:09:00.664,411200,788.7,3.631,78.42
2026-10-05T13:09:00.759,411300,788.9,3.632,78.44
2026-10-05T13:09:00.860,411400,788.7,3.631,78.41
2026-10-05T13:09:00.969,411500,788.7,3.631,78.42
2026-10-05T13:09:01.070,411600,788.9,3.632,78.44
2026-10-05T13:09:01.169,411700,788.7,3.631,78.41
2026-10-05T13:09:01.258,411800,788.9,3.632,78.44
2026-10-05T13:09:01.357,411900,788.8,3.632,78.43
2026-10-05T13:09:01.469,412000,788.7,3.631,78.42
2026-10-05T13:09:01.558,412100,788.6,3.631,78.41
2026-10-05T13:09:01.669,412200,788.4,3.630,78.39
2026-10-05T13:09:01.758,412300,788.6,3.631,78.41
2026-10-05T13:09:01.857,412400,788.8,3.632,78.43
2026-10-05T13:09:01.969,412500,788.7,3.631,78.41
2026-10-05T13:09:02.058,412600,788.6,3.631,78.40
2026-10-05T13:09:02.158,412700,788.8,3.632,78.43
2026-10-05T13:09:02.258,412800,788.7,3.631,78.42
2026-10-05T13:09:02.357,412900,788.7,3.631,78.41
2026-10-05T13:09:02.458,413000,788.4,3.630,78.39
2026-10-05T13:09:02.557,413100,788.4,3.630,78.39
2026-10-05T13:09:02.667,413200,788.7,3.631,78.41
2026-10-05T13:09:02.766,413300,788.6,3.631,78.41
2026-10-05T13:09:02.858,413400,788.4,3.630,78.38
2026-10-05T13:09:02.963,413500,788.6,3.631,78.41
2026-10-05T13:09:03.067,413600,788.3,3.629,78.37
2026-10-05T13:09:03.166,413700,788.4,3.630,78.38
2026-10-05T13:09:03.267,413800,788.5,3.630,78.39
2026-10-05T13:09:03.357,413900,788.2,3.629,78.36
2026-10-05T13:09:03.460,414000,788.5,3.630,78.39
2026-10-05T13:09:03.557,414100,788.4,3.630,78.38
2026-10-05T13:09:03.657,414200,788.6,3.631,78.41
2026-10-05T13:09:03.757,414300,788.2,3.629,78.36
2026-10-05T13:09:03.864,414400,788.2,3.629,78.36
2026-10-05T13:09:03.956,414500,788.0,3.628,78.34
2026-10-05T13:09:04.063,414600,788.2,3.629,78.36
2026-10-05T13:09:04.166,414700,788.0,3.628,78.34
2026-10-05T13:09:04.255,414800,788.5,3.630,78.39
2026-10-05T13:09:04.357,414900,788.2,3.629,78.36
2026-10-05T13:09:04.456,415000,788.2,3.629,78.36
2026-10-05T13:09:04.556,415100,788.1,3.629,78.35
2026-10-05T13:09:04.657,415200,788.4,3.630,78.38
2026-10-05T13:09:04.757,415300,788.3,3.629,78.37
2026-10-05T13:09:04.856,415400,787.9,3.628,78.33
2026-10-05T13:09:04.956,415500,788.1,3.628,78.34
2026-10-05T13:09:05.056,415600,788.2,3.629,78.36
2026-10-05T13:09:05.155,415700,788.1,3.628,78.34
2026-10-05T13:09:05.255,415800,788.1,3.628,78.34
2026-10-05T13:09:05.356,415900,787.8,3.627,78.31
2026-10-05T13:09:05.455,416000,787.8,3.627,78.31
2026-10-05T13:09:05.555,416100,787.7,3.627,78.31
2026-10-05T13:09:05.655,416200,788.1,3.628,78.34
2026-10-05T13:09:05.757,416300,788.1,3.628,78.34
2026-10-05T13:09:05.856,416400,788.1,3.628,78.34
2026-10-05T13:09:05.955,416500,787.9,3.628,78.33
2026-10-05T13:09:06.063,416600,787.9,3.627,78.32
2026-10-05T13:09:06.157,416700,788.2,3.629,78.36
2026-10-05T13:09:06.256,416800,787.7,3.627,78.31
2026-10-05T13:09:06.355,416900,787.7,3.627,78.31
2026-10-05T13:09:06.455,417000,787.4,3.625,78.26
2026-10-05T13:09:06.555,417100,787.5,3.626,78.28
2026-10-05T13:09:06.655,417200,787.5,3.626,78.28
2026-10-05T13:09:06.756,417300,787.8,3.627,78.31
2026-10-05T13:09:06.864,417400,787.9,3.627,78.32
2026-10-05T13:09:06.955,417500,787.9,3.627,78.32
2026-10-05T13:09:07.055,417600,787.9,3.627,78.32
2026-10-05T13:09:07.154,417700,787.6,3.626,78.29
2026-10-05T13:09:07.262,417800,787.8,3.627,78.31
2026-10-05T13:09:07.354,417900,787.6,3.626,78.29
2026-10-05T13:09:07.463,418000,787.8,3.627,78.31
2026-10-05T13:09:07.555,418100,787.6,3.626,78.29
2026-10-05T13:09:07.655,418200,787.6,3.626,78.29
2026-10-05T13:09:07.763,418300,787.4,3.625,78.26
2026-10-05T13:09:07.856,418400,787.6,3.626,78.29
2026-10-05T13:09:07.953,418500,787.2,3.624,78.24
2026-10-05T13:09:08.055,418600,787.7,3.627,78.31
2026-10-05T13:09:08.155,418700,787.3,3.625,78.26
2026-10-05T13:09:08.256,418800,787.5,3.626,78.28
2026-10-05T13:09:08.354,418900,787.6,3.626,78.29
2026-10-05T13:09:08.462,419000,787.5,3.626,78.28
2026-10-05T13:09:08.554,419100,787.4,3.625,78.26
2026-10-05T13:09:08.654,419200,787.4,3.625,78.27
2026-10-05T13:09:08.754,419300,787.6,3.626,78.29
2026-10-05T13:09:08.853,419400,787.4,3.625,78.27
2026-10-05T13:09:08.954,419500,787.3,3.625,78.26
2026-10-05T13:09:09.054,419600,787.4,3.625,78.26
2026-10-05T13:09:09.154,419700,787.1,3.624,78.24
2026-10-05T13:09:09.260,419800,787.3,3.625,78.26
2026-10-05T13:09:09.353,419900,787.1,3.624,78.23
2026-10-05T13:09:09.453,420000,787.5,3.626,78.28
2026-10-05T13:09:09.552,420100,786.9,3.623,78.21
2026-10-05T13:09:09.654,420200,787.6,3.626,78.29
2026-10-05T13:09:09.753,420300,787.4,3.625,78.26
2026-10-05T13:09:09.859,420400,787.2,3.625,78.25
2026-10-05T13:09:09.953,420500,787.3,3.625,78.26
2026-10-05T13:09:10.052,420600,787.3,3.625,78.26
2026-10-05T13:09:10.154,420700,787.0,3.623,78.22
2026-10-05T13:09:10.253,420800,786.9,3.623,78.21
2026-10-05T13:09:10.353,420900,786.9,3.623,78.21
2026-10-05T13:09:10.455,421000,787.4,3.625,78.26
2026-10-05T13:09:10.554,421100,787.1,3.624,78.23
2026-10-05T13:09:10.655,421200,786.9,3.623,78.21
2026-10-05T13:09:10.755,421300,786.9,3.623,78.21
2026-10-05T13:09:10.855,421400,786.8,3.623,78.20
2026-10-05T13:09:10.960,421500,787.2,3.624,78.24
2026-10-05T13:09:11.052,421600,786.9,3.623,78.21
2026-10-05T13:09:11.154,421700,786.7,3.622,78.19
2026-10-05T13:09:11.253,421800,786.7,3.622,78.19
2026-10-05T13:09:11.359,421900,786.7,3.622,78.19
2026-10-05T13:09:11.453,422000,786.8,3.623,78.20
2026-10-05T13:09:11.558,422100,787.1,3.624,78.24
2026-10-05T13:09:11.651,422200,786.7,3.622,78.19
2026-10-05T13:09:11.753,422300,786.5,3.621,78.16
2026-10-05T13:09:11.852,422400,786.7,3.622,78.19
2026-10-05T13:09:11.952,422500,786.7,3.622,78.19
2026-10-05T13:09:12.059,422600,786.6,3.621,78.17
2026-10-05T13:09:12.153,422700,786.9,3.623,78.21
2026-10-05T13:09:12.258,422800,786.7,3.622,78.19
2026-10-05T13:09:12.360,422900,786.7,3.622,78.19
2026-10-05T13:09:12.452,423000,786.4,3.621,78.15
2026-10-05T13:09:12.556,423100,786.7,3.622,78.19
2026-10-05T13:09:12.657,423200,786.6,3.621,78.17
2026-10-05T13:09:12.758,423300,786.5,3.621,78.16
2026-10-05T13:09:12.858,423400,786.4,3.621,78.15
2026-10-05T13:09:12.952,423500,786.6,3.622,78.18
2026-10-05T13:09:13.051,423600,786.5,3.621,78.16
2026-10-05T13:09:13.151,423700,786.2,3.620,78.14
2026-10-05T13:09:13.251,423800,786.8,3.623,78.20
2026-10-05T13:09:13.352,423900,786.5,3.621,78.16
2026-10-05T13:09:13.456,424000,786.2,3.620,78.14
2026-10-05T13:09:13.551,424100,786.2,3.620,78.14
2026-10-05T13:09:13.652,424200,786.1,3.619,78.12
2026-10-05T13:09:13.757,424300,786.5,3.621,78.16
2026-10-05T13:09:13.851,424400,786.8,3.623,78.20
2026-10-05T13:09:13.951,424500,786.3,3.620,78.14
2026-10-05T13:09:14.051,424600,786.1,3.619,78.11
2026-10-05T13:09:14.151,424700,786.2,3.620,78.13
2026-10-05T13:09:14.252,424800,786.1,3.619,78.12
2026-10-05T13:09:14.352,424900,786.1,3.619,78.11
2026-10-05T13:09:14.451,425000,786.2,3.620,78.13
2026-10-05T13:09:14.551,425100,786.2,3.620,78.14
2026-10-05T13:09:14.651,425200,786.3,3.620,78.14
2026-10-05T13:09:14.751,425300,786.2,3.620,78.14
2026-10-05T13:09:14.850,425400,786.2,3.620,78.13
2026-10-05T13:09:14.951,425500,786.2,3.620,78.13
2026-10-05T13:09:15.050,425600,786.5,3.621,78.16
2026-10-05T13:09:15.155,425700,786.0,3.619,78.11
2026-10-05T13:09:15.257,425800,786.1,3.619,78.12
2026-10-05T13:09:15.350,425900,786.3,3.620,78.14
2026-10-05T13:09:15.451,426000,786.0,3.619,78.11
2026-10-05T13:09:15.550,426100,786.1,3.619,78.12
2026-10-05T13:09:15.650,426200,785.9,3.619,78.10
2026-10-05T13:09:15.750,426300,786.2,3.620,78.14
2026-10-05T13:09:15.851,426400,786.1,3.619,78.12
2026-10-05T13:09:15.950,426500,786.1,3.619,78.12
2026-10-05T13:09:16.050,426600,786.0,3.619,78.11
2026-10-05T13:09:16.156,426700,785.9,3.619,78.10
2026-10-05T13:09:16.254,426800,786.1,3.619,78.12
2026-10-05T13:09:16.355,426900,786.1,3.619,78.11
2026-10-05T13:09:16.450,427000,785.6,3.617,78.06
2026-10-05T13:09:16.554,427100,785.8,3.618,78.09
2026-10-05T13:09:16.649,427200,786.2,3.620,78.13
2026-10-05T13:09:16.750,427300,785.6,3.617,78.06
2026-10-05T13:09:16.850,427400,785.7,3.617,78.07
2026-10-05T13:09:16.954,427500,785.6,3.617,78.06
2026-10-05T13:09:17.050,427600,785.7,3.617,78.07
2026-10-05T13:09:17.153,427700,785.7,3.617,78.07
2026-10-05T13:09:17.250,427800,785.6,3.617,78.06
2026-10-05T13:09:17.354,427900,785.7,3.617,78.07
2026-10-05T13:09:17.450,428000,785.9,3.619,78.10
2026-10-05T13:09:17.549,428100,785.3,3.616,78.03
2026-10-05T13:09:17.649,428200,785.7,3.617,78.07
2026-10-05T13:09:17.749,428300,785.8,3.618,78.09
2026-10-05T13:09:17.849,428400,785.4,3.616,78.04
2026-10-05T13:09:17.949,428500,785.5,3.617,78.05
2026-10-05T13:09:18.049,428600,785.7,3.617,78.07
2026-10-05T13:09:18.149,428700,785.6,3.617,78.06
2026-10-05T13:09:18.249,428800,785.2,3.615,78.01
2026-10-05T13:09:18.349,428900,785.7,3.617,78.07
2026-10-05T13:09:18.454,429000,785.5,3.617,78.05
2026-10-05T13:09:18.550,429100,785.4,3.616,78.04
2026-10-05T13:09:18.649,429200,785.3,3.616,78.03
2026-10-05T13:09:18.749,429300,785.6,3.617,78.06
2026-10-05T13:09:18.851,429400,785.2,3.615,78.02
2026-10-05T13:09:18.949,429500,785.1,3.615,78.01
2026-10-05T13:09:19.052,429600,785.0,3.614,77.99
2026-10-05T13:09:19.148,429700,785.2,3.615,78.01
2026-10-05T13:09:19.248,429800,785.2,3.615,78.01
2026-10-05T13:09:19.352,429900,785.1,3.615,78.01
2026-10-05T13:09:19.449,430000,785.2,3.615,78.01
2026-10-05T13:09:19.553,430100,785.1,3.615,78.01
2026-10-05T13:09:19.652,430200,785.1,3.615,78.00
2026-10-05T13:09:19.748,430300,785.1,3.615,78.00
2026-10-05T13:09:19.848,430400,785.2,3.615,78.01
2026-10-05T13:09:19.948,430500,785.1,3.615,78.01
2026-10-05T13:09:20.048,430600,785.1,3.615,78.01
2026-10-05T13:09:20.147,430700,784.9,3.614,77.98
2026-10-05T13:09:20.248,430800,784.7,3.613,77.96
2026-10-05T13:09:20.348,430900,785.0,3.614,77.99
2026-10-05T13:09:20.450,431000,785.1,3.615,78.01
2026-10-05T13:09:20.548,431100,785.3,3.616,78.03
2026-10-05T13:09:20.651,431200,785.0,3.614,77.99
2026-10-05T13:09:20.748,431300,784.7,3.613,77.96
2026-10-05T13:09:20.848,431400,785.1,3.615,78.01
2026-10-05T13:09:20.948,431500,784.8,3.613,77.97
2026-10-05T13:09:21.047,431600,784.7,3.613,77.96
2026-10-05T13:09:21.149,431700,785.0,3.614,77.99
2026-10-05T13:09:21.248,431800,785.0,3.614,77.99
2026-10-05T13:09:21.347,431900,784.7,3.613,77.96
2026-10-05T13:09:21.447,432000,784.7,3.613,77.96
2026-10-05T13:09:21.550,432100,784.9,3.614,77.99
2026-10-05T13:09:21.648,432200,785.0,3.614,77.99
2026-10-05T13:09:21.746,432300,784.7,3.613,77.96
2026-10-05T13:09:21.847,432400,784.6,3.612,77.94
2026-10-05T13:09:21.947,432500,784.5,3.612,77.94
2026-10-05T13:09:22.047,432600,784.4,3.611,77.92
2026-10-05T13:09:22.147,432700,784.7,3.613,77.96
2026-10-05T13:09:22.248,432800,784.7,3.613,77.96
2026-10-05T13:09:22.348,432900,784.7,3.613,77.96
2026-10-05T13:09:22.446,433000,784.6,3.612,77.94
2026-10-05T13:09:22.546,433100,784.4,3.612,77.93
2026-10-05T13:09:22.646,433200,784.7,3.613,77.96
2026-10-05T13:09:22.747,433300,784.7,3.613,77.96
2026-10-05T13:09:22.846,433400,784.6,3.612,77.95
2026-10-05T13:09:22.946,433500,784.5,3.612,77.94
2026-10-05T13:09:23.046,433600,784.6,3.612,77.94
2026-10-05T13:09:23.146,433700,784.2,3.611,77.91
2026-10-05T13:09:23.246,433800,784.2,3.610,77.90
2026-10-05T13:09:23.346,433900,784.6,3.612,77.94
2026-10-05T13:09:23.446,434000,784.5,3.612,77.94
2026-10-05T13:09:23.546,434100,784.0,3.610,77.88
2026-10-05T13:09:23.646,434200,784.4,3.611,77.92
2026-10-05T13:09:23.747,434300,784.1,3.610,77.89
2026-10-05T13:09:23.844,434400,784.1,3.610,77.89
2026-10-05T13:09:23.947,434500,784.4,3.612,77.93
2026-10-05T13:09:24.046,434600,784.1,3.610,77.89
2026-10-05T13:09:24.145,434700,784.4,3.611,77.92
2026-10-05T13:09:24.245,434800,784.2,3.611,77.91
2026-10-05T13:09:24.348,434900,784.6,3.612,77.94
2026-10-05T13:09:24.445,435000,783.9,3.609,77.87
2026-10-05T13:09:24.546,435100,784.0,3.610,77.88
2026-10-05T13:09:24.645,435200,784.1,3.610,77.89
2026-10-05T13:09:24.745,435300,784.1,3.610,77.89
2026-10-05T13:09:24.847,435400,784.1,3.610,77.89
2026-10-05T13:09:24.946,435500,784.2,3.610,77.90
2026-10-05T13:09:25.045,435600,784.2,3.610,77.90
2026-10-05T13:09:25.145,435700,784.1,3.610,77.89
2026-10-05T13:09:25.245,435800,784.1,3.610,77.89
2026-10-05T13:09:25.345,435900,784.2,3.611,77.91
2026-10-05T13:09:25.444,436000,784.2,3.610,77.90
2026-10-05T13:09:25.546,436100,784.1,3.610,77.89
2026-10-05T13:09:25.645,436200,783.8,3.609,77.86
2026-10-05T13:09:25.745,436300,783.9,3.609,77.86
2026-10-05T13:09:25.845,436400,783.9,3.609,77.86
2026-10-05T13:09:25.946,436500,783.9,3.609,77.87
2026-10-05T13:09:26.044,436600,784.1,3.610,77.89
2026-10-05T13:09:26.144,436700,783.8,3.609,77.86
2026-10-05T13:09:26.245,436800,783.9,3.609,77.87
2026-10-05T13:09:26.345,436900,783.6,3.608,77.83
2026-10-05T13:09:26.444,437000,783.5,3.607,77.82
2026-10-05T13:09:26.546,437100,783.8,3.609,77.86
2026-10-05T13:09:26.644,437200,783.9,3.609,77.86
2026-10-05T13:09:26.744,437300,784.0,3.610,77.88
2026-10-05T13:09:26.844,437400,783.6,3.608,77.83
2026-10-05T13:09:26.944,437500,783.8,3.609,77.86
2026-10-05T13:09:27.042,437600,784.0,3.610,77.88
2026-10-05T13:09:27.145,437700,783.9,3.609,77.86
2026-10-05T13:09:27.244,437800,783.7,3.608,77.84
2026-10-05T13:09:27.344,437900,783.4,3.607,77.81
2026-10-05T13:09:27.444,438000,783.7,3.608,77.84
2026-10-05T13:09:27.542,438100,783.6,3.608,77.84
2026-10-05T13:09:27.644,438200,784.0,3.610,77.88
2026-10-05T13:09:27.744,438300,783.5,3.607,77.82
2026-10-05T13:09:27.833,438400,783.9,3.609,77.86
2026-10-05T13:09:27.943,438500,783.5,3.607,77.82
2026-10-05T13:09:28.045,438600,784.1,3.610,77.89
2026-10-05T13:09:28.143,438700,783.4,3.607,77.81
2026-10-05T13:09:28.243,438800,783.3,3.606,77.80
2026-10-05T13:09:28.343,438900,783.6,3.608,77.84
2026-10-05T13:09:28.443,439000,783.6,3.608,77.84
2026-10-05T13:09:28.544,439100,783.7,3.608,77.84
2026-10-05T13:09:28.643,439200,783.4,3.607,77.81
2026-10-05T13:09:28.743,439300,783.4,3.607,77.81
2026-10-05T13:09:28.844,439400,783.4,3.607,77.81
2026-10-05T13:09:28.943,439500,783.4,3.607,77.81
2026-10-05T13:09:29.043,439600,783.2,3.606,77.79
2026-10-05T13:09:29.142,439700,783.4,3.607,77.81
2026-10-05T13:09:29.243,439800,783.4,3.607,77.81
2026-10-05T13:09:29.343,439900,783.5,3.607,77.82
2026-10-05T13:09:29.443,440000,783.1,3.606,77.78
2026-10-05T13:09:29.543,440100,783.2,3.606,77.79
2026-10-05T13:09:29.643,440200,783.1,3.606,77.78
2026-10-05T13:09:29.742,440300,783.6,3.608,77.83
2026-10-05T13:09:29.842,440400,783.3,3.606,77.80
2026-10-05T13:09:29.933,440500,783.1,3.606,77.78
2026-10-05T13:09:30.042,440600,783.2,3.606,77.79
2026-10-05T13:09:30.142,440700,783.1,3.606,77.78
2026-10-05T13:09:30.241,440800,782.9,3.605,77.76
2026-10-05T13:09:30.342,440900,782.8,3.604,77.74
2026-10-05T13:09:30.442,441000,783.2,3.606,77.79
2026-10-05T13:09:30.533,441100,782.6,3.603,77.72
2026-10-05T13:09:30.633,441200,783.0,3.605,77.76
2026-10-05T13:09:30.741,441300,782.7,3.604,77.73
2026-10-05T13:09:30.841,441400,783.1,3.605,77.77
2026-10-05T13:09:30.941,441500,782.9,3.605,77.76
2026-10-05T13:09:31.034,441600,782.7,3.604,77.74
2026-10-05T13:09:31.140,441700,783.3,3.606,77.80
2026-10-05T13:09:31.241,441800,783.2,3.606,77.79
2026-10-05T13:09:31.340,441900,782.8,3.604,77.74
2026-10-05T13:09:31.434,442000,782.7,3.604,77.74
2026-10-05T13:09:31.542,442100,782.7,3.604,77.73
2026-10-05T13:09:31.634,442200,782.7,3.604,77.74
2026-10-05T13:09:31.734,442300,782.6,3.603,77.71
2026-10-05T13:09:31.842,442400,782.4,3.602,77.70
2026-10-05T13:09:31.935,442500,782.8,3.604,77.74
2026-10-05T13:09:32.035,442600,782.7,3.604,77.74
2026-10-05T13:09:32.135,442700,783.2,3.606,77.79
2026-10-05T13:09:32.235,442800,782.5,3.603,77.71
2026-10-05T13:09:32.340,442900,782.7,3.604,77.74
2026-10-05T13:09:32.440,443000,782.8,3.604,77.74
2026-10-05T13:09:32.535,443100,782.6,3.603,77.72
2026-10-05T13:09:32.635,443200,782.6,3.603,77.71
2026-10-05T13:09:32.735,443300,782.7,3.604,77.73
2026-10-05T13:09:32.839,443400,782.5,3.603,77.71
2026-10-05T13:09:32.939,443500,782.3,3.602,77.69
2026-10-05T13:09:33.035,443600,782.7,3.604,77.73
2026-10-05T13:09:33.135,443700,782.4,3.602,77.70
2026-10-05T13:09:33.235,443800,782.7,3.604,77.74
2026-10-05T13:09:33.336,443900,782.7,3.604,77.73
2026-10-05T13:09:33.436,444000,782.5,3.603,77.71
2026-10-05T13:09:33.536,444100,782.2,3.602,77.68
2026-10-05T13:09:33.636,444200,782.6,3.603,77.72
2026-10-05T13:09:33.736,444300,782.7,3.604,77.74
2026-10-05T13:09:33.836,444400,782.4,3.602,77.69
2026-10-05T13:09:33.939,444500,782.2,3.601,77.67
2026-10-05T13:09:34.036,444600,782.6,3.603,77.71
2026-10-05T13:09:34.137,444700,782.2,3.602,77.68
2026-10-05T13:09:34.237,444800,782.1,3.601,77.66
2026-10-05T13:09:34.337,444900,782.4,3.602,77.69
2026-10-05T13:09:34.438,445000,782.4,3.602,77.70
2026-10-05T13:09:34.537,445100,782.6,3.603,77.72
2026-10-05T13:09:34.637,445200,782.2,3.601,77.67
2026-10-05T13:09:34.737,445300,782.5,3.603,77.71
2026-10-05T13:09:34.836,445400,782.2,3.602,77.68
2026-10-05T13:09:34.938,445500,782.2,3.601,77.67
2026-10-05T13:09:35.038,445600,782.6,3.603,77.71
2026-10-05T13:09:35.124,445700,782.1,3.601,77.66
2026-10-05T13:09:35.224,445800,782.4,3.602,77.69
2026-10-05T13:09:35.324,445900,782.2,3.602,77.68
2026-10-05T13:09:35.424,446000,782.3,3.602,77.69
2026-10-05T13:09:35.537,446100,782.2,3.602,77.68
2026-10-05T13:09:35.624,446200,782.4,3.602,77.69
2026-10-05T13:09:35.724,446300,782.2,3.601,77.67
2026-10-05T13:09:35.824,446400,782.0,3.600,77.65
2026-10-05T13:09:35.937,446500,782.1,3.601,77.66
2026-10-05T13:09:36.023,446600,782.2,3.601,77.67
2026-10-05T13:09:36.123,446700,781.9,3.600,77.64
2026-10-05T13:09:36.224,446800,781.9,3.600,77.64
2026-10-05T13:09:36.323,446900,782.1,3.601,77.66
2026-10-05T13:09:36.423,447000,782.1,3.601,77.66
2026-10-05T13:09:36.523,447100,782.1,3.601,77.66
2026-10-05T13:09:36.623,447200,781.9,3.600,77.64
2026-10-05T13:09:36.723,447300,781.9,3.600,77.64
2026-10-05T13:09:36.823,447400,782.1,3.601,77.66
2026-10-05T13:09:36.923,447500,782.1,3.601,77.66
2026-10-05T13:09:37.023,447600,781.8,3.600,77.63
2026-10-05T13:09:37.136,447700,781.7,3.599,77.62
2026-10-05T13:09:37.223,447800,781.6,3.598,77.60
2026-10-05T13:09:37.323,447900,781.9,3.600,77.64
2026-10-05T13:09:37.423,448000,781.7,3.599,77.61
2026-10-05T13:09:37.523,448100,781.7,3.599,77.62
2026-10-05T13:09:37.623,448200,781.8,3.600,77.63
2026-10-05T13:09:37.723,448300,781.9,3.600,77.64
2026-10-05T13:09:37.822,448400,782.1,3.601,77.66
2026-10-05T13:09:37.922,448500,781.7,3.599,77.62
2026-10-05T13:09:38.022,448600,781.9,3.600,77.64
2026-10-05T13:09:38.122,448700,781.6,3.599,77.61
2026-10-05T13:09:38.222,448800,781.7,3.599,77.61
2026-10-05T13:09:38.322,448900,781.7,3.599,77.61
2026-10-05T13:09:38.422,449000,781.4,3.598,77.59
2026-10-05T13:09:38.522,449100,781.7,3.599,77.61
2026-10-05T13:09:38.622,449200,781.6,3.599,77.61
2026-10-05T13:09:38.722,449300,781.6,3.599,77.61
2026-10-05T13:09:38.822,449400,781.4,3.598,77.59
2026-10-05T13:09:38.922,449500,781.7,3.599,77.61
2026-10-05T13:09:39.022,449600,781.6,3.599,77.61
2026-10-05T13:09:39.133,449700,781.3,3.597,77.57
2026-10-05T13:09:39.222,449800,781.4,3.598,77.58
2026-10-05T13:09:39.333,449900,781.6,3.599,77.61
2026-10-05T13:09:39.422,450000,781.7,3.599,77.62
2026-10-05T13:09:39.521,450100,781.3,3.597,77.57
2026-10-05T13:09:39.621,450200,781.4,3.598,77.59
2026-10-05T13:09:39.721,450300,781.3,3.597,77.57
2026-10-05T13:09:39.833,450400,781.3,3.597,77.57
2026-10-05T13:09:39.921,450500,781.1,3.596,77.55
2026-10-05T13:09:40.022,450600,781.2,3.597,77.56
2026-10-05T13:09:40.121,450700,781.3,3.597,77.57
2026-10-05T13:09:40.221,450800,781.3,3.597,77.57
2026-10-05T13:09:40.321,450900,781.1,3.596,77.54
2026-10-05T13:09:40.421,451000,781.1,3.596,77.55
2026-10-05T13:09:40.521,451100,781.0,3.596,77.54
2026-10-05T13:09:40.621,451200,781.4,3.598,77.58
2026-10-05T13:09:40.721,451300,780.9,3.596,77.53
2026-10-05T13:09:40.821,451400,781.0,3.596,77.54
2026-10-05T13:09:40.921,451500,780.9,3.595,77.52
2026-10-05T13:09:41.019,451600,781.1,3.596,77.54
2026-10-05T13:09:41.121,451700,781.1,3.596,77.55
2026-10-05T13:09:41.221,451800,781.2,3.597,77.56
2026-10-05T13:09:41.320,451900,780.9,3.596,77.53
2026-10-05T13:09:41.431,452000,781.0,3.596,77.54
2026-10-05T13:09:41.520,452100,781.1,3.596,77.55
2026-10-05T13:09:41.622,452200,781.3,3.597,77.57
2026-10-05T13:09:41.731,452300,780.9,3.596,77.53
2026-10-05T13:09:41.820,452400,780.9,3.596,77.53
2026-10-05T13:09:41.920,452500,780.9,3.596,77.53
2026-10-05T13:09:42.019,452600,780.9,3.596,77.53
2026-10-05T13:09:42.130,452700,780.4,3.593,77.47
2026-10-05T13:09:42.220,452800,781.1,3.596,77.54
2026-10-05T13:09:42.320,452900,780.6,3.594,77.49
2026-10-05T13:09:42.419,453000,780.6,3.594,77.49
2026-10-05T13:09:42.531,453100,780.6,3.594,77.49
2026-10-05T13:09:42.620,453200,781.0,3.596,77.54
2026-10-05T13:09:42.719,453300,781.0,3.596,77.54
2026-10-05T13:09:42.819,453400,781.0,3.596,77.54
2026-10-05T13:09:42.930,453500,780.5,3.594,77.48
2026-10-05T13:09:43.020,453600,780.8,3.595,77.51
2026-10-05T13:09:43.119,453700,780.7,3.595,77.51
2026-10-05T13:09:43.230,453800,780.5,3.594,77.48
2026-10-05T13:09:43.319,453900,780.5,3.594,77.48
2026-10-05T13:09:43.419,454000,780.9,3.596,77.53
2026-10-05T13:09:43.518,454100,780.9,3.595,77.52
2026-10-05T13:09:43.629,454200,780.4,3.593,77.47
2026-10-05T13:09:43.719,454300,780.6,3.594,77.49
2026-10-05T13:09:43.829,454400,780.6,3.594,77.49
2026-10-05T13:09:43.918,454500,780.6,3.594,77.49
2026-10-05T13:09:44.018,454600,780.6,3.594,77.49
2026-10-05T13:09:44.121,454700,779.9,3.591,77.41
2026-10-05T13:09:44.218,454800,780.4,3.593,77.46
2026-10-05T13:09:44.318,454900,780.1,3.592,77.44
2026-10-05T13:09:44.418,455000,780.5,3.594,77.48
2026-10-05T13:09:44.517,455100,780.4,3.593,77.46
2026-10-05T13:09:44.619,455200,780.6,3.594,77.49
2026-10-05T13:09:44.718,455300,780.2,3.592,77.44
2026-10-05T13:09:44.818,455400,780.2,3.592,77.45
2026-10-05T13:09:44.928,455500,780.4,3.593,77.47
2026-10-05T13:09:45.027,455600,780.2,3.592,77.44
2026-10-05T13:09:45.118,455700,780.3,3.593,77.46
2026-10-05T13:09:45.218,455800,780.1,3.592,77.44
2026-10-05T13:09:45.318,455900,780.2,3.592,77.45
2026-10-05T13:09:45.418,456000,780.1,3.591,77.43
2026-10-05T13:09:45.518,456100,780.2,3.592,77.44
2026-10-05T13:09:45.627,456200,780.1,3.592,77.44
2026-10-05T13:09:45.718,456300,779.9,3.591,77.41
2026-10-05T13:09:45.817,456400,780.3,3.593,77.46
2026-10-05T13:09:45.917,456500,779.9,3.591,77.41
2026-10-05T13:09:46.017,456600,779.9,3.591,77.41
2026-10-05T13:09:46.116,456700,779.9,3.591,77.41
2026-10-05T13:09:46.218,456800,779.9,3.591,77.41
2026-10-05T13:09:46.317,456900,780.1,3.591,77.43
2026-10-05T13:09:46.417,457000,780.1,3.591,77.43
2026-10-05T13:09:46.526,457100,780.2,3.592,77.44
2026-10-05T13:09:46.627,457200,779.6,3.589,77.38
2026-10-05T13:09:46.718,457300,779.9,3.591,77.41
2026-10-05T13:09:46.817,457400,779.8,3.590,77.40
2026-10-05T13:09:46.917,457500,780.6,3.594,77.49
2026-10-05T13:09:47.017,457600,780.1,3.592,77.44
2026-10-05T13:09:47.118,457700,779.9,3.591,77.41
2026-10-05T13:09:47.217,457800,779.8,3.590,77.40
2026-10-05T13:09:47.316,457900,779.8,3.590,77.40
2026-10-05T13:09:47.416,458000,779.7,3.590,77.39
2026-10-05T13:09:47.516,458100,779.9,3.591,77.41
2026-10-05T13:09:47.616,458200,779.3,3.588,77.34
2026-10-05T13:09:47.715,458300,779.8,3.590,77.40
2026-10-05T13:09:47.818,458400,779.7,3.590,77.39
2026-10-05T13:09:47.918,458500,780.0,3.591,77.42
2026-10-05T13:09:48.016,458600,779.4,3.589,77.36
2026-10-05T13:09:48.116,458700,779.7,3.590,77.39
2026-10-05T13:09:48.215,458800,779.6,3.589,77.37
2026-10-05T13:09:48.317,458900,779.8,3.590,77.40
2026-10-05T13:09:48.416,459000,779.5,3.589,77.36
2026-10-05T13:09:48.516,459100,779.7,3.590,77.39
2026-10-05T13:09:48.616,459200,780.0,3.591,77.42
2026-10-05T13:09:48.717,459300,779.6,3.589,77.38
2026-10-05T13:09:48.816,459400,779.7,3.590,77.39
2026-10-05T13:09:48.916,459500,779.6,3.589,77.37
2026-10-05T13:09:49.016,459600,779.7,3.590,77.39
2026-10-05T13:09:49.116,459700,779.6,3.589,77.37
2026-10-05T13:09:49.215,459800,779.4,3.588,77.35
2026-10-05T13:09:49.315,459900,779.4,3.588,77.35
2026-10-05T13:09:49.416,460000,779.2,3.588,77.34
2026-10-05T13:09:49.516,460100,779.2,3.587,77.33
2026-10-05T13:09:49.616,460200,779.4,3.589,77.36
2026-10-05T13:09:49.715,460300,779.6,3.589,77.38
2026-10-05T13:09:49.814,460400,779.7,3.590,77.39
2026-10-05T13:09:49.916,460500,779.7,3.590,77.39
2026-10-05T13:09:50.015,460600,779.4,3.588,77.35
2026-10-05T13:09:50.115,460700,779.4,3.589,77.36
2026-10-05T13:09:50.215,460800,779.5,3.589,77.36
2026-10-05T13:09:50.322,460900,779.4,3.588,77.35
2026-10-05T13:09:50.415,461000,779.4,3.589,77.36
2026-10-05T13:09:50.515,461100,779.5,3.589,77.36
2026-10-05T13:09:50.623,461200,779.6,3.589,77.37
2026-10-05T13:09:50.715,461300,778.9,3.586,77.30
2026-10-05T13:09:50.815,461400,779.3,3.588,77.34
2026-10-05T13:09:50.922,461500,779.3,3.588,77.34
2026-10-05T13:09:51.015,461600,779.4,3.589,77.36
2026-10-05T13:09:51.115,461700,779.1,3.587,77.32
2026-10-05T13:09:51.214,461800,779.4,3.589,77.36
2026-10-05T13:09:51.315,461900,779.4,3.588,77.35
2026-10-05T13:09:51.413,462000,779.2,3.588,77.34
2026-10-05T13:09:51.516,462100,779.3,3.588,77.34
2026-10-05T13:09:51.614,462200,779.3,3.588,77.34
2026-10-05T13:09:51.714,462300,779.0,3.587,77.31
2026-10-05T13:09:51.817,462400,778.9,3.586,77.30
2026-10-05T13:09:51.922,462500,778.9,3.586,77.29
2026-10-05T13:09:52.014,462600,778.7,3.585,77.27
2026-10-05T13:09:52.114,462700,779.0,3.587,77.31
2026-10-05T13:09:52.214,462800,778.7,3.585,77.28
2026-10-05T13:09:52.314,462900,778.8,3.586,77.29
2026-10-05T13:09:52.413,463000,779.0,3.587,77.31
2026-10-05T13:09:52.514,463100,778.7,3.585,77.27
2026-10-05T13:09:52.614,463200,778.7,3.585,77.27
2026-10-05T13:09:52.713,463300,779.2,3.587,77.33
2026-10-05T13:09:52.813,463400,779.0,3.587,77.31
2026-10-05T13:09:52.920,463500,778.9,3.586,77.29
2026-10-05T13:09:53.012,463600,779.2,3.587,77.33
2026-10-05T13:09:53.114,463700,778.4,3.584,77.24
2026-10-05T13:09:53.213,463800,778.7,3.585,77.28
2026-10-05T13:09:53.314,463900,778.9,3.586,77.29
2026-10-05T13:09:53.413,464000,778.6,3.585,77.26
2026-10-05T13:09:53.512,464100,778.7,3.585,77.27
2026-10-05T13:09:53.614,464200,778.9,3.586,77.30
2026-10-05T13:09:53.720,464300,778.7,3.585,77.27
2026-10-05T13:09:53.813,464400,778.6,3.585,77.26
2026-10-05T13:09:53.913,464500,778.5,3.584,77.25
2026-10-05T13:09:54.014,464600,778.6,3.585,77.26
2026-10-05T13:09:54.113,464700,778.4,3.584,77.24
2026-10-05T13:09:54.213,464800,778.2,3.583,77.22
2026-10-05T13:09:54.313,464900,778.3,3.583,77.23
2026-10-05T13:09:54.413,465000,778.4,3.584,77.24
2026-10-05T13:09:54.513,465100,778.4,3.584,77.24
2026-10-05T13:09:54.613,465200,778.4,3.584,77.24
2026-10-05T13:09:54.712,465300,778.1,3.583,77.21
2026-10-05T13:09:54.812,465400,778.4,3.584,77.24
2026-10-05T13:09:54.913,465500,778.4,3.584,77.24
2026-10-05T13:09:55.012,465600,778.4,3.584,77.24
2026-10-05T13:09:55.113,465700,778.3,3.583,77.23
2026-10-05T13:09:55.212,465800,778.3,3.583,77.23
2026-10-05T13:09:55.313,465900,778.4,3.584,77.24
2026-10-05T13:09:55.412,466000,778.1,3.582,77.20
2026-10-05T13:09:55.517,466100,778.3,3.583,77.23
2026-10-05T13:09:55.613,466200,778.7,3.585,77.27
2026-10-05T13:09:55.712,466300,778.4,3.584,77.24
2026-10-05T13:09:55.818,466400,778.2,3.583,77.21
2026-10-05T13:09:55.912,466500,778.5,3.584,77.25
2026-10-05T13:09:56.012,466600,778.3,3.583,77.23
2026-10-05T13:09:56.112,466700,778.2,3.583,77.22
2026-10-05T13:09:56.217,466800,778.4,3.584,77.24
2026-10-05T13:09:56.312,466900,778.3,3.583,77.23
2026-10-05T13:09:56.412,467000,778.4,3.584,77.24
2026-10-05T13:09:56.518,467100,778.3,3.583,77.23
2026-10-05T13:09:56.611,467200,778.6,3.585,77.26
2026-10-05T13:09:56.717,467300,777.9,3.582,77.19
2026-10-05T13:09:56.811,467400,778.2,3.583,77.22
2026-10-05T13:09:56.911,467500,778.1,3.582,77.20
2026-10-05T13:09:57.011,467600,778.2,3.583,77.22
2026-10-05T13:09:57.111,467700,777.9,3.582,77.19
2026-10-05T13:09:57.217,467800,778.1,3.582,77.20
2026-10-05T13:09:57.311,467900,778.1,3.583,77.21
2026-10-05T13:09:57.411,468000,777.8,3.581,77.17
2026-10-05T13:09:57.511,468100,777.7,3.581,77.16
2026-10-05T13:09:57.611,468200,777.9,3.581,77.18
2026-10-05T13:09:57.716,468300,778.0,3.582,77.19
2026-10-05T13:09:57.816,468400,777.9,3.581,77.18
2026-10-05T13:09:57.911,468500,778.1,3.582,77.20
2026-10-05T13:09:58.011,468600,777.8,3.581,77.17
2026-10-05T13:09:58.111,468700,778.0,3.582,77.19
2026-10-05T13:09:58.211,468800,778.2,3.583,77.21
2026-10-05T13:09:58.310,468900,777.9,3.582,77.19
2026-10-05T13:09:58.411,469000,778.1,3.582,77.20
2026-10-05T13:09:58.511,469100,778.3,3.583,77.23
2026-10-05T13:09:58.611,469200,777.6,3.580,77.15
2026-10-05T13:09:58.710,469300,777.7,3.581,77.16
2026-10-05T13:09:58.810,469400,777.5,3.580,77.14
2026-10-05T13:09:58.910,469500,777.6,3.580,77.15
2026-10-05T13:09:59.010,469600,777.7,3.581,77.16
2026-10-05T13:09:59.110,469700,777.9,3.581,77.18
2026-10-05T13:09:59.211,469800,777.7,3.581,77.16
2026-10-05T13:09:59.311,469900,777.6,3.580,77.15
2026-10-05T13:09:59.410,470000,777.5,3.580,77.14
2026-10-05T13:09:59.510,470100,777.6,3.580,77.15
2026-10-05T13:09:59.610,470200,777.9,3.581,77.18
2026-10-05T13:09:59.710,470300,777.3,3.579,77.11
2026-10-05T13:09:59.810,470400,777.5,3.580,77.14
2026-10-05T13:09:59.909,470500,777.6,3.580,77.14
2026-10-05T13:10:00.011,470600,777.5,3.580,77.14
2026-10-05T13:10:00.110,470700,777.5,3.580,77.14
2026-10-05T13:10:00.210,470800,777.3,3.579,77.11
2026-10-05T13:10:00.310,470900,777.6,3.580,77.15
2026-10-05T13:10:00.411,471000,777.6,3.580,77.14
2026-10-05T13:10:00.510,471100,777.6,3.580,77.14
2026-10-05T13:10:00.609,471200,777.3,3.579,77.11
2026-10-05T13:10:00.709,471300,777.2,3.579,77.11
2026-10-05T13:10:00.810,471400,777.4,3.579,77.13
2026-10-05T13:10:00.910,471500,777.1,3.578,77.09
2026-10-05T13:10:01.009,471600,777.3,3.579,77.11
2026-10-05T13:10:01.109,471700,776.9,3.577,77.07
2026-10-05T13:10:01.209,471800,777.5,3.580,77.14
2026-10-05T13:10:01.309,471900,777.2,3.578,77.10
2026-10-05T13:10:01.409,472000,777.5,3.580,77.14
2026-10-05T13:10:01.509,472100,777.1,3.578,77.09
2026-10-05T13:10:01.609,472200,777.2,3.579,77.11
2026-10-05T13:10:01.709,472300,777.2,3.578,77.10
2026-10-05T13:10:01.809,472400,777.4,3.579,77.12
2026-10-05T13:10:01.909,472500,776.9,3.577,77.07
2026-10-05T13:10:02.007,472600,777.3,3.579,77.11
2026-10-05T13:10:02.110,472700,777.1,3.578,77.09
2026-10-05T13:10:02.209,472800,777.2,3.579,77.11
2026-10-05T13:10:02.309,472900,776.7,3.576,77.05
2026-10-05T13:10:02.409,473000,777.1,3.578,77.09
2026-10-05T13:10:02.511,473100,777.1,3.578,77.09
2026-10-05T13:10:02.609,473200,777.2,3.578,77.10
2026-10-05T13:10:02.708,473300,777.3,3.579,77.11
2026-10-05T13:10:02.808,473400,776.9,3.577,77.06
2026-10-05T13:10:02.908,473500,776.9,3.577,77.06
2026-10-05T13:10:03.010,473600,777.1,3.578,77.09
2026-10-05T13:10:03.111,473700,777.0,3.577,77.08
2026-10-05T13:10:03.208,473800,777.1,3.578,77.09
2026-10-05T13:10:03.309,473900,776.8,3.577,77.06
2026-10-05T13:10:03.408,474000,777.1,3.578,77.09
2026-10-05T13:10:03.508,474100,776.6,3.576,77.04
2026-10-05T13:10:03.607,474200,776.9,3.577,77.06
2026-10-05T13:10:03.709,474300,776.6,3.576,77.04
2026-10-05T13:10:03.808,474400,776.8,3.577,77.06
2026-10-05T13:10:03.910,474500,776.9,3.577,77.06
2026-10-05T13:10:04.008,474600,776.8,3.577,77.06
2026-10-05T13:10:04.110,474700,776.3,3.574,77.00
2026-10-05T13:10:04.208,474800,776.9,3.577,77.07
2026-10-05T13:10:04.308,474900,776.8,3.577,77.06
2026-10-05T13:10:04.408,475000,776.6,3.575,77.03
2026-10-05T13:10:04.507,475100,777.0,3.577,77.08
2026-10-05T13:10:04.609,475200,776.3,3.574,77.00
2026-10-05T13:10:04.707,475300,776.6,3.575,77.03
2026-10-05T13:10:04.808,475400,776.5,3.575,77.02
2026-10-05T13:10:04.907,475500,776.6,3.575,77.03
2026-10-05T13:10:05.007,475600,776.6,3.576,77.04
2026-10-05T13:10:05.107,475700,776.7,3.576,77.05
2026-10-05T13:10:05.206,475800,776.7,3.576,77.04
2026-10-05T13:10:05.308,475900,776.6,3.575,77.03
2026-10-05T13:10:05.407,476000,776.7,3.576,77.05
2026-10-05T13:10:05.507,476100,776.6,3.576,77.04
2026-10-05T13:10:05.607,476200,776.6,3.576,77.04
2026-10-05T13:10:05.706,476300,775.9,3.572,76.96
2026-10-05T13:10:05.808,476400,777.1,3.578,77.09
2026-10-05T13:10:05.907,476500,776.4,3.575,77.01
2026-10-05T13:10:06.007,476600,776.5,3.575,77.02
2026-10-05T13:10:06.106,476700,776.9,3.577,77.06
2026-10-05T13:10:06.207,476800,776.2,3.574,76.99
2026-10-05T13:10:06.306,476900,776.4,3.575,77.01
2026-10-05T13:10:06.407,477000,776.9,3.577,77.06
2026-10-05T13:10:06.507,477100,776.4,3.575,77.01
2026-10-05T13:10:06.606,477200,776.2,3.574,76.99
2026-10-05T13:10:06.707,477300,776.5,3.575,77.02
2026-10-05T13:10:06.806,477400,776.7,3.576,77.04
2026-10-05T13:10:06.906,477500,776.2,3.574,76.99
2026-10-05T13:10:07.006,477600,776.3,3.574,77.00
2026-10-05T13:10:07.106,477700,776.1,3.573,76.98
2026-10-05T13:10:07.206,477800,776.3,3.574,77.00
2026-10-05T13:10:07.305,477900,776.6,3.575,77.03
2026-10-05T13:10:07.407,478000,776.2,3.574,76.99
2026-10-05T13:10:07.506,478100,776.0,3.573,76.96
2026-10-05T13:10:07.606,478200,776.5,3.575,77.02
2026-10-05T13:10:07.706,478300,776.5,3.575,77.02
2026-10-05T13:10:07.807,478400,776.2,3.574,76.99
2026-10-05T13:10:07.906,478500,776.5,3.575,77.02
2026-10-05T13:10:08.006,478600,776.2,3.574,76.99
2026-10-05T13:10:08.106,478700,776.3,3.574,77.00
2026-10-05T13:10:08.205,478800,776.2,3.574,76.99
2026-10-05T13:10:08.306,478900,776.2,3.574,76.99
2026-10-05T13:10:08.406,479000,776.2,3.574,76.99
2026-10-05T13:10:08.505,479100,776.4,3.575,77.01
2026-10-05T13:10:08.605,479200,776.2,3.574,76.99
2026-10-05T13:10:08.705,479300,775.9,3.572,76.96
2026-10-05T13:10:08.805,479400,776.1,3.573,76.98
2026-10-05T13:10:08.904,479500,775.9,3.572,76.95
2026-10-05T13:10:09.005,479600,776.0,3.573,76.96
2026-10-05T13:10:09.105,479700,775.9,3.572,76.95
2026-10-05T13:10:09.205,479800,776.4,3.575,77.01
2026-10-05T13:10:09.305,479900,775.9,3.572,76.96
2026-10-05T13:10:09.404,480000,776.0,3.573,76.96
2026-10-05T13:10:09.505,480100,776.1,3.573,76.97
2026-10-05T13:10:09.605,480200,776.6,3.575,77.03
2026-10-05T13:10:09.705,480300,775.8,3.572,76.94
2026-10-05T13:10:09.804,480400,776.1,3.573,76.97
2026-10-05T13:10:09.905,480500,775.6,3.571,76.92
2026-10-05T13:10:10.004,480600,775.8,3.572,76.94
2026-10-05T13:10:10.104,480700,775.7,3.571,76.93
2026-10-05T13:10:10.205,480800,775.7,3.572,76.94
2026-10-05T13:10:10.304,480900,775.5,3.570,76.91
2026-10-05T13:10:10.404,481000,775.7,3.571,76.93
2026-10-05T13:10:10.504,481100,775.7,3.572,76.94
2026-10-05T13:10:10.588,481200,775.8,3.572,76.94
2026-10-05T13:10:10.688,481300,775.7,3.571,76.93
2026-10-05T13:10:10.804,481400,775.1,3.568,76.86
2026-10-05T13:10:10.888,481500,775.5,3.570,76.91
2026-10-05T13:10:11.003,481600,775.5,3.570,76.91
2026-10-05T13:10:11.105,481700,775.5,3.570,76.91
2026-10-05T13:10:11.188,481800,776.0,3.573,76.96
2026-10-05T13:10:11.304,481900,775.6,3.571,76.92
2026-10-05T13:10:11.404,482000,775.4,3.570,76.90
2026-10-05T13:10:11.488,482100,775.7,3.571,76.93
2026-10-05T13:10:11.588,482200,775.2,3.569,76.88
2026-10-05T13:10:11.704,482300,775.4,3.570,76.89
2026-10-05T13:10:11.788,482400,775.3,3.570,76.88
2026-10-05T13:10:11.888,482500,775.1,3.569,76.86
2026-10-05T13:10:12.003,482600,775.6,3.571,76.92
2026-10-05T13:10:12.102,482700,775.4,3.570,76.90
2026-10-05T13:10:12.188,482800,775.4,3.570,76.89
2026-10-05T13:10:12.288,482900,775.2,3.569,76.88
2026-10-05T13:10:12.387,483000,775.4,3.570,76.90
2026-10-05T13:10:12.487,483100,775.6,3.571,76.92
2026-10-05T13:10:12.587,483200,775.3,3.570,76.88
2026-10-05T13:10:12.688,483300,775.1,3.568,76.86
2026-10-05T13:10:12.787,483400,775.1,3.569,76.86
2026-10-05T13:10:12.887,483500,775.3,3.570,76.88
2026-10-05T13:10:12.987,483600,774.9,3.568,76.84
2026-10-05T13:10:13.102,483700,775.0,3.568,76.85
2026-10-05T13:10:13.187,483800,775.1,3.569,76.86
2026-10-05T13:10:13.288,483900,775.3,3.570,76.88
2026-10-05T13:10:13.387,484000,775.4,3.570,76.90
2026-10-05T13:10:13.487,484100,775.0,3.568,76.85
2026-10-05T13:10:13.587,484200,775.3,3.570,76.88
2026-10-05T13:10:13.701,484300,774.7,3.567,76.82
2026-10-05T13:10:13.787,484400,774.9,3.568,76.84
2026-10-05T13:10:13.887,484500,775.4,3.570,76.89
2026-10-05T13:10:13.987,484600,775.1,3.568,76.86
2026-10-05T13:10:14.087,484700,775.4,3.570,76.89
2026-10-05T13:10:14.201,484800,775.1,3.568,76.86
2026-10-05T13:10:14.301,484900,774.7,3.567,76.81
2026-10-05T13:10:14.387,485000,774.7,3.567,76.81
2026-10-05T13:10:14.487,485100,775.2,3.569,76.87
2026-10-05T13:10:14.586,485200,774.8,3.567,76.83
2026-10-05T13:10:14.687,485300,774.9,3.568,76.83
2026-10-05T13:10:14.800,485400,775.1,3.569,76.86
2026-10-05T13:10:14.887,485500,774.8,3.567,76.83
2026-10-05T13:10:14.987,485600,775.2,3.569,76.87
2026-10-05T13:10:15.087,485700,775.1,3.569,76.86
2026-10-05T13:10:15.186,485800,774.7,3.567,76.82
2026-10-05T13:10:15.300,485900,774.6,3.566,76.81
2026-10-05T13:10:15.386,486000,775.1,3.568,76.86
2026-10-05T13:10:15.486,486100,775.0,3.568,76.85
2026-10-05T13:10:15.586,486200,774.6,3.566,76.81
2026-10-05T13:10:15.686,486300,774.7,3.567,76.81
2026-10-05T13:10:15.786,486400,774.6,3.566,76.80
2026-10-05T13:10:15.899,486500,774.7,3.567,76.81
2026-10-05T13:10:15.986,486600,774.9,3.568,76.83
2026-10-05T13:10:16.086,486700,774.4,3.566,76.78
2026-10-05T13:10:16.185,486800,774.5,3.566,76.79
2026-10-05T13:10:16.285,486900,774.6,3.566,76.81
2026-10-05T13:10:16.398,487000,774.9,3.568,76.83
2026-10-05T13:10:16.486,487100,774.7,3.567,76.82
2026-10-05T13:10:16.586,487200,774.8,3.567,76.83
2026-10-05T13:10:16.685,487300,774.6,3.566,76.80
2026-10-05T13:10:16.798,487400,774.7,3.567,76.81
2026-10-05T13:10:16.898,487500,774.6,3.566,76.81
2026-10-05T13:10:16.998,487600,774.1,3.564,76.75
2026-10-05T13:10:17.086,487700,774.4,3.566,76.78
2026-10-05T13:10:17.185,487800,774.3,3.565,76.77
2026-10-05T13:10:17.285,487900,774.4,3.565,76.78
2026-10-05T13:10:17.384,488000,774.7,3.567,76.82
2026-10-05T13:10:17.498,488100,774.7,3.567,76.82
2026-10-05T13:10:17.585,488200,774.7,3.567,76.82
2026-10-05T13:10:17.685,488300,774.7,3.567,76.81
2026-10-05T13:10:17.785,488400,774.4,3.565,76.78
2026-10-05T13:10:17.884,488500,774.2,3.565,76.76
2026-10-05T13:10:17.997,488600,774.3,3.565,76.77
2026-10-05T13:10:18.085,488700,774.5,3.566,76.79
2026-10-05T13:10:18.185,488800,774.4,3.566,76.78
2026-10-05T13:10:18.285,488900,774.7,3.567,76.82
2026-10-05T13:10:18.385,489000,774.6,3.566,76.81
2026-10-05T13:10:18.485,489100,774.3,3.565,76.77
2026-10-05T13:10:18.585,489200,774.3,3.565,76.77
2026-10-05T13:10:18.684,489300,774.4,3.566,76.78
2026-10-05T13:10:18.785,489400,774.5,3.566,76.79
2026-10-05T13:10:18.885,489500,774.2,3.565,76.76
2026-10-05T13:10:18.995,489600,774.1,3.564,76.74
2026-10-05T13:10:19.084,489700,773.9,3.563,76.73
2026-10-05T13:10:19.184,489800,774.5,3.566,76.79
2026-10-05T13:10:19.284,489900,774.3,3.565,76.77
2026-10-05T13:10:19.384,490000,774.5,3.566,76.79
2026-10-05T13:10:19.483,490100,774.4,3.565,76.78
2026-10-05T13:10:19.595,490200,774.4,3.565,76.78
2026-10-05T13:10:19.684,490300,774.1,3.564,76.74
2026-10-05T13:10:19.784,490400,774.4,3.565,76.78
2026-10-05T13:10:19.884,490500,774.3,3.565,76.77
2026-10-05T13:10:19.983,490600,774.0,3.564,76.73
2026-10-05T13:10:20.083,490700,774.2,3.564,76.76
2026-10-05T13:10:20.195,490800,774.1,3.564,76.74
2026-10-05T13:10:20.284,490900,774.2,3.565,76.76
2026-10-05T13:10:20.383,491000,773.7,3.562,76.70
2026-10-05T13:10:20.484,491100,774.0,3.564,76.73
2026-10-05T13:10:20.595,491200,773.9,3.563,76.73
2026-10-05T13:10:20.683,491300,774.1,3.564,76.75
2026-10-05T13:10:20.783,491400,773.9,3.563,76.72
2026-10-05T13:10:20.884,491500,773.7,3.562,76.71
2026-10-05T13:10:20.983,491600,774.1,3.564,76.74
2026-10-05T13:10:21.082,491700,774.1,3.564,76.74
2026-10-05T13:10:21.183,491800,773.7,3.562,76.70
2026-10-05T13:10:21.283,491900,773.8,3.563,76.71
2026-10-05T13:10:21.382,492000,774.0,3.564,76.73
2026-10-05T13:10:21.493,492100,773.7,3.562,76.71
2026-10-05T13:10:21.594,492200,773.9,3.563,76.72
2026-10-05T13:10:21.683,492300,773.8,3.563,76.71
2026-10-05T13:10:21.782,492400,773.9,3.563,76.73
2026-10-05T13:10:21.883,492500,773.7,3.562,76.71
2026-10-05T13:10:21.983,492600,773.8,3.563,76.71
2026-10-05T13:10:22.083,492700,773.6,3.562,76.68
2026-10-05T13:10:22.193,492800,773.8,3.563,76.71
2026-10-05T13:10:22.293,492900,773.7,3.562,76.71
2026-10-05T13:10:22.381,493000,773.6,3.562,76.68
2026-10-05T13:10:22.493,493100,773.7,3.562,76.70
2026-10-05T13:10:22.588,493200,773.4,3.561,76.67
2026-10-05T13:10:22.693,493300,773.6,3.562,76.69
2026-10-05T13:10:22.792,493400,773.6,3.562,76.68
2026-10-05T13:10:22.881,493500,773.6,3.562,76.68
2026-10-05T13:10:22.993,493600,773.6,3.562,76.69
2026-10-05T13:10:23.082,493700,773.3,3.560,76.66
2026-10-05T13:10:23.192,493800,773.2,3.560,76.64
2026-10-05T13:10:23.282,493900,773.7,3.562,76.71
2026-10-05T13:10:23.381,494000,773.4,3.561,76.67
2026-10-05T13:10:23.482,494100,773.4,3.561,76.67
2026-10-05T13:10:23.581,494200,773.4,3.561,76.67
2026-10-05T13:10:23.691,494300,773.3,3.560,76.66
2026-10-05T13:10:23.782,494400,773.3,3.560,76.66
2026-10-05T13:10:23.880,494500,773.4,3.561,76.67
2026-10-05T13:10:23.991,494600,773.1,3.560,76.63
2026-10-05T13:10:24.081,494700,773.1,3.559,76.63
2026-10-05T13:10:24.180,494800,773.0,3.559,76.62
2026-10-05T13:10:24.291,494900,773.4,3.561,76.66
2026-10-05T13:10:24.382,495000,773.4,3.561,76.66
2026-10-05T13:10:24.492,495100,773.7,3.562,76.70
2026-10-05T13:10:24.591,495200,773.3,3.560,76.66
2026-10-05T13:10:24.680,495300,773.4,3.561,76.66
2026-10-05T13:10:24.790,495400,773.4,3.561,76.66
2026-10-05T13:10:24.881,495500,773.1,3.560,76.63
2026-10-05T13:10:24.980,495600,773.1,3.560,76.63
2026-10-05T13:10:25.080,495700,773.1,3.560,76.63
2026-10-05T13:10:25.189,495800,773.2,3.560,76.65
2026-10-05T13:10:25.281,495900,773.4,3.561,76.66
2026-10-05T13:10:25.381,496000,773.2,3.560,76.64
2026-10-05T13:10:25.481,496100,773.4,3.561,76.66
2026-10-05T13:10:25.581,496200,773.0,3.559,76.62
2026-10-05T13:10:25.681,496300,772.7,3.558,76.59
2026-10-05T13:10:25.781,496400,773.1,3.560,76.63
2026-10-05T13:10:25.882,496500,772.9,3.559,76.61
2026-10-05T13:10:25.982,496600,772.9,3.558,76.61
2026-10-05T13:10:26.082,496700,773.0,3.559,76.62
2026-10-05T13:10:26.182,496800,772.9,3.558,76.61
2026-10-05T13:10:26.288,496900,773.2,3.560,76.65
2026-10-05T13:10:26.382,497000,772.9,3.558,76.61
2026-10-05T13:10:26.482,497100,772.9,3.559,76.61
2026-10-05T13:10:26.582,497200,772.7,3.558,76.58
2026-10-05T13:10:26.682,497300,772.8,3.558,76.60
2026-10-05T13:10:26.782,497400,773.0,3.559,76.62
2026-10-05T13:10:26.882,497500,772.9,3.558,76.61
2026-10-05T13:10:26.982,497600,772.8,3.558,76.60
2026-10-05T13:10:27.082,497700,772.7,3.558,76.58
2026-10-05T13:10:27.183,497800,772.7,3.558,76.58
2026-10-05T13:10:27.283,497900,772.9,3.558,76.61
2026-10-05T13:10:27.383,498000,772.8,3.558,76.60
2026-10-05T13:10:27.483,498100,772.8,3.558,76.60
2026-10-05T13:10:27.583,498200,772.5,3.557,76.56
2026-10-05T13:10:27.683,498300,772.7,3.558,76.59
2026-10-05T13:10:27.783,498400,772.8,3.558,76.60
2026-10-05T13:10:27.883,498500,772.7,3.558,76.59
2026-10-05T13:10:27.983,498600,772.8,3.558,76.60
2026-10-05T13:10:28.084,498700,772.6,3.557,76.58
2026-10-05T13:10:28.184,498800,772.9,3.558,76.61
2026-10-05T13:10:28.284,498900,772.7,3.558,76.58
2026-10-05T13:10:28.384,499000,772.7,3.558,76.59
2026-10-05T13:10:28.487,499100,772.6,3.557,76.57
2026-10-05T13:10:28.584,499200,772.7,3.558,76.59
2026-10-05T13:10:28.684,499300,772.7,3.558,76.59
2026-10-05T13:10:28.784,499400,773.1,3.560,76.63
2026-10-05T13:10:28.884,499500,772.5,3.557,76.56
2026-10-05T13:10:28.985,499600,772.6,3.557,76.58
2026-10-05T13:10:29.087,499700,772.2,3.556,76.53
2026-10-05T13:10:29.185,499800,772.4,3.556,76.55
2026-10-05T13:10:29.285,499900,772.1,3.555,76.52
2026-10-05T13:10:29.385,500000,772.2,3.555,76.53
2026-10-05T13:10:29.485,500100,772.6,3.557,76.58
2026-10-05T13:10:29.585,500200,772.4,3.556,76.56
2026-10-05T13:10:29.685,500300,772.6,3.557,76.58
2026-10-05T13:10:29.785,500400,772.7,3.558,76.58
2026-10-05T13:10:29.886,500500,772.6,3.557,76.57
2026-10-05T13:10:29.986,500600,772.6,3.557,76.57
2026-10-05T13:10:30.086,500700,772.2,3.556,76.53
2026-10-05T13:10:30.178,500800,772.2,3.555,76.53
2026-10-05T13:10:30.286,500900,772.2,3.556,76.53
2026-10-05T13:10:30.377,501000,772.5,3.557,76.56
2026-10-05T13:10:30.477,501100,772.1,3.555,76.52
2026-10-05T13:10:30.586,501200,772.4,3.556,76.55
2026-10-05T13:10:30.678,501300,772.2,3.555,76.53
2026-10-05T13:10:30.777,501400,772.2,3.555,76.53
2026-10-05T13:10:30.877,501500,772.4,3.556,76.56
2026-10-05T13:10:30.983,501600,772.1,3.555,76.52
2026-10-05T13:10:31.077,501700,772.0,3.554,76.51
2026-10-05T13:10:31.175,501800,771.9,3.554,76.50
2026-10-05T13:10:31.278,501900,772.5,3.557,76.56
2026-10-05T13:10:31.377,502000,772.1,3.555,76.51
2026-10-05T13:10:31.476,502100,771.9,3.554,76.50
2026-10-05T13:10:31.576,502200,772.1,3.555,76.51
2026-10-05T13:10:31.677,502300,772.2,3.555,76.53
2026-10-05T13:10:31.777,502400,772.2,3.556,76.53
2026-10-05T13:10:31.884,502500,772.1,3.555,76.52
2026-10-05T13:10:31.976,502600,772.4,3.556,76.56
2026-10-05T13:10:32.076,502700,772.1,3.555,76.51
2026-10-05T13:10:32.176,502800,772.1,3.555,76.52
2026-10-05T13:10:32.276,502900,771.9,3.554,76.49
2026-10-05T13:10:32.376,503000,772.1,3.555,76.51
2026-10-05T13:10:32.482,503100,772.1,3.555,76.51
2026-10-05T13:10:32.576,503200,772.1,3.555,76.51
2026-10-05T13:10:32.676,503300,771.9,3.554,76.50
2026-10-05T13:10:32.776,503400,771.7,3.553,76.48
2026-10-05T13:10:32.876,503500,771.7,3.553,76.48
2026-10-05T13:10:32.976,503600,771.9,3.554,76.50
2026-10-05T13:10:33.075,503700,771.5,3.552,76.45
2026-10-05T13:10:33.175,503800,771.9,3.554,76.49
2026-10-05T13:10:33.274,503900,771.8,3.554,76.48
2026-10-05T13:10:33.376,504000,771.8,3.554,76.48
2026-10-05T13:10:33.482,504100,771.7,3.553,76.47
2026-10-05T13:10:33.575,504200,772.2,3.556,76.53
2026-10-05T13:10:33.675,504300,771.6,3.553,76.46
2026-10-05T13:10:33.783,504400,772.1,3.555,76.52
2026-10-05T13:10:33.876,504500,771.9,3.554,76.50
2026-10-05T13:10:33.975,504600,771.7,3.553,76.48
2026-10-05T13:10:34.075,504700,772.2,3.556,76.53
2026-10-05T13:10:34.175,504800,771.9,3.554,76.50
2026-10-05T13:10:34.275,504900,771.9,3.554,76.49
2026-10-05T13:10:34.382,505000,771.5,3.552,76.45
2026-10-05T13:10:34.481,505100,771.7,3.553,76.47
2026-10-05T13:10:34.575,505200,771.6,3.553,76.46
2026-10-05T13:10:34.676,505300,771.8,3.554,76.48
2026-10-05T13:10:34.775,505400,771.4,3.552,76.44
2026-10-05T13:10:34.874,505500,771.6,3.552,76.46
2026-10-05T13:10:34.975,505600,771.6,3.553,76.46
2026-10-05T13:10:35.077,505700,771.6,3.553,76.46
2026-10-05T13:10:35.175,505800,771.4,3.551,76.43
2026-10-05T13:10:35.275,505900,771.4,3.551,76.43
2026-10-05T13:10:35.381,506000,771.2,3.551,76.41
2026-10-05T13:10:35.475,506100,771.3,3.551,76.43
2026-10-05T13:10:35.574,506200,771.6,3.553,76.46
2026-10-05T13:10:35.674,506300,771.5,3.552,76.45
2026-10-05T13:10:35.774,506400,771.6,3.552,76.46
2026-10-05T13:10:35.874,506500,771.0,3.550,76.39
2026-10-05T13:10:35.974,506600,771.6,3.553,76.46
2026-10-05T13:10:36.074,506700,771.6,3.552,76.46
2026-10-05T13:10:36.179,506800,771.5,3.552,76.45
2026-10-05T13:10:36.274,506900,771.6,3.552,76.46
2026-10-05T13:10:36.374,507000,771.1,3.550,76.41
2026-10-05T13:10:36.473,507100,771.5,3.552,76.45
2026-10-05T13:10:36.575,507200,771.4,3.552,76.44
2026-10-05T13:10:36.674,507300,771.3,3.551,76.43
2026-10-05T13:10:36.774,507400,771.3,3.551,76.43
2026-10-05T13:10:36.874,507500,771.2,3.551,76.42
2026-10-05T13:10:36.972,507600,771.1,3.550,76.40
2026-10-05T13:10:37.074,507700,771.2,3.551,76.41
2026-10-05T13:10:37.173,507800,771.2,3.551,76.41
2026-10-05T13:10:37.274,507900,771.2,3.551,76.41
2026-10-05T13:10:37.373,508000,771.4,3.551,76.43
2026-10-05T13:10:37.474,508100,771.1,3.550,76.41
2026-10-05T13:10:37.573,508200,771.1,3.550,76.41
2026-10-05T13:10:37.673,508300,770.9,3.549,76.38
2026-10-05T13:10:37.773,508400,770.9,3.549,76.38
2026-10-05T13:10:37.873,508500,771.2,3.551,76.42
2026-10-05T13:10:37.973,508600,771.0,3.550,76.39
2026-10-05T13:10:38.073,508700,771.1,3.550,76.41
2026-10-05T13:10:38.173,508800,770.9,3.549,76.38
2026-10-05T13:10:38.273,508900,771.1,3.550,76.40
2026-10-05T13:10:38.373,509000,770.9,3.549,76.38
2026-10-05T13:10:38.473,509100,771.3,3.551,76.43
2026-10-05T13:10:38.573,509200,771.3,3.551,76.43
2026-10-05T13:10:38.673,509300,771.1,3.550,76.40
2026-10-05T13:10:38.773,509400,771.0,3.550,76.39
2026-10-05T13:10:38.873,509500,770.9,3.549,76.38
2026-10-05T13:10:38.973,509600,771.0,3.550,76.39
2026-10-05T13:10:39.074,509700,770.9,3.549,76.38
2026-10-05T13:10:39.172,509800,771.0,3.550,76.39
2026-10-05T13:10:39.272,509900,770.7,3.549,76.36
2026-10-05T13:10:39.373,510000,771.1,3.550,76.41
2026-10-05T13:10:39.472,510100,771.0,3.550,76.39
2026-10-05T13:10:39.572,510200,770.8,3.549,76.37
2026-10-05T13:10:39.676,510300,770.9,3.549,76.38
2026-10-05T13:10:39.772,510400,770.8,3.549,76.37
2026-10-05T13:10:39.872,510500,770.7,3.549,76.36
2026-10-05T13:10:39.972,510600,771.0,3.550,76.39
2026-10-05T13:10:40.072,510700,770.7,3.549,76.36
2026-10-05T13:10:40.171,510800,770.6,3.548,76.35
2026-10-05T13:10:40.273,510900,770.8,3.549,76.37
2026-10-05T13:10:40.372,511000,770.7,3.548,76.36
2026-10-05T13:10:40.472,511100,770.7,3.548,76.36
2026-10-05T13:10:40.572,511200,770.6,3.548,76.35
2026-10-05T13:10:40.676,511300,770.9,3.549,76.38
2026-10-05T13:10:40.772,511400,770.6,3.548,76.34
2026-10-05T13:10:40.872,511500,770.6,3.548,76.35
2026-10-05T13:10:40.971,511600,770.6,3.548,76.35
2026-10-05T13:10:41.072,511700,770.7,3.549,76.36
2026-10-05T13:10:41.171,511800,770.5,3.547,76.33
2026-10-05T13:10:41.275,511900,770.6,3.548,76.34
2026-10-05T13:10:41.371,512000,770.5,3.547,76.33
2026-10-05T13:10:41.471,512100,770.5,3.547,76.33
2026-10-05T13:10:41.571,512200,770.4,3.547,76.33
2026-10-05T13:10:41.671,512300,770.4,3.547,76.32
2026-10-05T13:10:41.770,512400,770.4,3.547,76.33
2026-10-05T13:10:41.872,512500,770.4,3.547,76.32
2026-10-05T13:10:41.971,512600,770.5,3.547,76.33
2026-10-05T13:10:42.071,512700,770.4,3.547,76.32
2026-10-05T13:10:42.171,512800,770.4,3.547,76.32
2026-10-05T13:10:42.270,512900,770.3,3.547,76.31
2026-10-05T13:10:42.372,513000,770.4,3.547,76.33
2026-10-05T13:10:42.471,513100,770.4,3.547,76.32
2026-10-05T13:10:42.571,513200,770.3,3.547,76.31
2026-10-05T13:10:42.671,513300,770.2,3.546,76.30
2026-10-05T13:10:42.771,513400,770.2,3.546,76.30
2026-10-05T13:10:42.870,513500,770.1,3.546,76.29
2026-10-05T13:10:42.971,513600,770.2,3.546,76.30
2026-10-05T13:10:43.071,513700,770.2,3.546,76.30
2026-10-05T13:10:43.171,513800,770.2,3.546,76.30
2026-10-05T13:10:43.271,513900,770.3,3.547,76.31
2026-10-05T13:10:43.370,514000,770.2,3.546,76.31
2026-10-05T13:10:43.470,514100,770.1,3.545,76.28
2026-10-05T13:10:43.570,514200,770.2,3.546,76.30
2026-10-05T13:10:43.670,514300,770.4,3.547,76.33
2026-10-05T13:10:43.770,514400,769.9,3.545,76.27
2026-10-05T13:10:43.869,514500,770.0,3.545,76.28
2026-10-05T13:10:43.971,514600,770.1,3.545,76.28
2026-10-05T13:10:44.070,514700,769.9,3.545,76.27
2026-10-05T13:10:44.170,514800,769.9,3.545,76.27
2026-10-05T13:10:44.270,514900,770.1,3.546,76.29
2026-10-05T13:10:44.371,515000,769.7,3.544,76.24
2026-10-05T13:10:44.472,515100,769.8,3.544,76.26
2026-10-05T13:10:44.570,515200,769.7,3.544,76.25
2026-10-05T13:10:44.670,515300,769.9,3.545,76.26
2026-10-05T13:10:44.769,515400,770.1,3.545,76.28
2026-10-05T13:10:44.870,515500,769.7,3.544,76.25
2026-10-05T13:10:44.972,515600,769.9,3.545,76.26
2026-10-05T13:10:45.069,515700,770.1,3.546,76.29
2026-10-05T13:10:45.169,515800,770.0,3.545,76.28
2026-10-05T13:10:45.269,515900,769.7,3.544,76.25
2026-10-05T13:10:45.369,516000,769.7,3.544,76.25
2026-10-05T13:10:45.468,516100,770.0,3.545,76.28
2026-10-05T13:10:45.570,516200,769.7,3.544,76.24
2026-10-05T13:10:45.669,516300,769.8,3.544,76.26
2026-10-05T13:10:45.769,516400,769.7,3.544,76.25
2026-10-05T13:10:45.869,516500,769.6,3.543,76.23
2026-10-05T13:10:45.971,516600,769.7,3.544,76.25
2026-10-05T13:10:46.069,516700,769.6,3.543,76.23
2026-10-05T13:10:46.169,516800,769.7,3.544,76.24
2026-10-05T13:10:46.268,516900,769.7,3.544,76.24
2026-10-05T13:10:46.369,517000,769.8,3.544,76.26
2026-10-05T13:10:46.468,517100,769.6,3.543,76.23
2026-10-05T13:10:46.570,517200,769.6,3.543,76.23
2026-10-05T13:10:46.669,517300,769.7,3.544,76.24
2026-10-05T13:10:46.769,517400,769.3,3.542,76.20
2026-10-05T13:10:46.868,517500,769.5,3.543,76.22
2026-10-05T13:10:46.969,517600,769.7,3.544,76.24
2026-10-05T13:10:47.067,517700,769.6,3.543,76.23
2026-10-05T13:10:47.169,517800,769.3,3.542,76.20
2026-10-05T13:10:47.268,517900,769.6,3.543,76.23
2026-10-05T13:10:47.368,518000,769.6,3.543,76.23
2026-10-05T13:10:47.468,518100,769.6,3.543,76.23
2026-10-05T13:10:47.568,518200,769.6,3.543,76.23
2026-10-05T13:10:47.668,518300,769.4,3.542,76.21
2026-10-05T13:10:47.768,518400,769.6,3.543,76.23
2026-10-05T13:10:47.868,518500,769.5,3.543,76.22
2026-10-05T13:10:47.968,518600,769.1,3.541,76.18
2026-10-05T13:10:48.069,518700,769.4,3.542,76.21
2026-10-05T13:10:48.168,518800,769.3,3.542,76.20
2026-10-05T13:10:48.268,518900,769.4,3.543,76.21
2026-10-05T13:10:48.368,519000,769.4,3.542,76.21
2026-10-05T13:10:48.468,519100,769.2,3.542,76.19
2026-10-05T13:10:48.568,519200,769.6,3.543,76.23
2026-10-05T13:10:48.668,519300,769.4,3.542,76.21
2026-10-05T13:10:48.768,519400,769.4,3.543,76.21
2026-10-05T13:10:48.867,519500,769.4,3.543,76.21
2026-10-05T13:10:48.968,519600,769.3,3.542,76.20
2026-10-05T13:10:49.067,519700,769.2,3.541,76.18
2026-10-05T13:10:49.166,519800,769.2,3.541,76.18
2026-10-05T13:10:49.267,519900,769.4,3.542,76.21
2026-10-05T13:10:49.367,520000,768.9,3.540,76.16
2026-10-05T13:10:49.468,520100,769.4,3.542,76.21
2026-10-05T13:10:49.567,520200,769.4,3.543,76.21
2026-10-05T13:10:49.668,520300,769.1,3.541,76.18
2026-10-05T13:10:49.767,520400,769.3,3.542,76.20
2026-10-05T13:10:49.867,520500,769.1,3.541,76.18
2026-10-05T13:10:49.967,520600,769.0,3.541,76.16
2026-10-05T13:10:50.067,520700,769.1,3.541,76.18
2026-10-05T13:10:50.151,520800,768.9,3.540,76.16
2026-10-05T13:10:50.267,520900,768.9,3.540,76.16
2026-10-05T13:10:50.367,521000,768.6,3.539,76.12
2026-10-05T13:10:50.467,521100,769.0,3.541,76.16
2026-10-05T13:10:50.567,521200,769.2,3.541,76.18
2026-10-05T13:10:50.666,521300,768.8,3.540,76.14
2026-10-05T13:10:50.765,521400,768.9,3.540,76.16
2026-10-05T13:10:50.866,521500,768.7,3.539,76.13
2026-10-05T13:10:50.950,521600,768.9,3.540,76.15
2026-10-05T13:10:51.066,521700,768.8,3.540,76.14
2026-10-05T13:10:51.166,521800,768.8,3.540,76.14
2026-10-05T13:10:51.265,521900,768.7,3.539,76.13
2026-10-05T13:10:51.366,522000,768.6,3.539,76.12
2026-10-05T13:10:51.466,522100,768.7,3.539,76.13
2026-10-05T13:10:51.550,522200,768.6,3.539,76.11
2026-10-05T13:10:51.666,522300,768.7,3.539,76.13
2026-10-05T13:10:51.766,522400,768.6,3.539,76.11
2026-10-05T13:10:51.864,522500,768.7,3.539,76.13
2026-10-05T13:10:51.950,522600,768.9,3.540,76.15
2026-10-05T13:10:52.066,522700,768.9,3.540,76.16
2026-10-05T13:10:52.150,522800,768.7,3.539,76.13
2026-10-05T13:10:52.250,522900,768.6,3.539,76.11
2026-10-05T13:10:52.364,523000,768.6,3.539,76.11
2026-10-05T13:10:52.464,523100,768.8,3.540,76.14
2026-10-05T13:10:52.550,523200,768.7,3.539,76.13
2026-10-05T13:10:52.650,523300,768.7,3.539,76.13
2026-10-05T13:10:52.761,523400,768.6,3.539,76.11
2026-10-05T13:10:52.850,523500,768.6,3.539,76.12
2026-10-05T13:10:52.965,523600,768.6,3.539,76.12
2026-10-05T13:10:53.064,523700,768.4,3.538,76.09
2026-10-05T13:10:53.149,523800,768.4,3.538,76.10
2026-10-05T13:10:53.249,523900,768.6,3.539,76.12
2026-10-05T13:10:53.349,524000,768.5,3.538,76.11
2026-10-05T13:10:53.464,524100,768.5,3.538,76.11
2026-10-05T13:10:53.549,524200,768.6,3.539,76.11
2026-10-05T13:10:53.649,524300,768.3,3.537,76.08
2026-10-05T13:10:53.749,524400,768.4,3.538,76.09
2026-10-05T13:10:53.849,524500,768.2,3.537,76.07
2026-10-05T13:10:53.964,524600,768.3,3.537,76.08
2026-10-05T13:10:54.063,524700,768.4,3.538,76.09
2026-10-05T13:10:54.149,524800,768.4,3.538,76.09
2026-10-05T13:10:54.249,524900,768.4,3.538,76.10
2026-10-05T13:10:54.349,525000,768.4,3.538,76.09
2026-10-05T13:10:54.448,525100,768.2,3.537,76.07
2026-10-05T13:10:54.562,525200,768.2,3.537,76.08
2026-10-05T13:10:54.648,525300,768.4,3.538,76.10
2026-10-05T13:10:54.761,525400,768.2,3.537,76.08
2026-10-05T13:10:54.848,525500,768.1,3.537,76.06
2026-10-05T13:10:54.948,525600,768.4,3.538,76.09
2026-10-05T13:10:55.048,525700,768.1,3.536,76.06
2026-10-05T13:10:55.149,525800,768.1,3.537,76.06
2026-10-05T13:10:55.248,525900,768.1,3.537,76.06
2026-10-05T13:10:55.348,526000,768.1,3.536,76.06
2026-10-05T13:10:55.448,526100,768.2,3.537,76.07
2026-10-05T13:10:55.548,526200,768.1,3.537,76.06
2026-10-05T13:10:55.648,526300,768.3,3.537,76.08
2026-10-05T13:10:55.748,526400,768.2,3.537,76.07
2026-10-05T13:10:55.848,526500,768.2,3.537,76.07
2026-10-05T13:10:55.948,526600,768.1,3.536,76.06
2026-10-05T13:10:56.047,526700,768.1,3.536,76.06
2026-10-05T13:10:56.161,526800,768.3,3.537,76.08
2026-10-05T13:10:56.252,526900,768.1,3.536,76.06
2026-10-05T13:10:56.348,527000,767.9,3.536,76.04
2026-10-05T13:10:56.448,527100,768.1,3.536,76.06
2026-10-05T13:10:56.547,527200,767.8,3.535,76.03
2026-10-05T13:10:56.647,527300,767.8,3.535,76.03
2026-10-05T13:10:56.747,527400,767.8,3.535,76.03
2026-10-05T13:10:56.847,527500,767.9,3.536,76.04
2026-10-05T13:10:56.947,527600,768.1,3.537,76.06
2026-10-05T13:10:57.047,527700,767.9,3.536,76.04
2026-10-05T13:10:57.160,527800,768.1,3.536,76.06
2026-10-05T13:10:57.247,527900,768.0,3.536,76.05
2026-10-05T13:10:57.347,528000,767.9,3.535,76.03
2026-10-05T13:10:57.447,528100,767.9,3.536,76.04
2026-10-05T13:10:57.547,528200,768.0,3.536,76.05
2026-10-05T13:10:57.646,528300,768.1,3.536,76.06
2026-10-05T13:10:57.760,528400,767.7,3.535,76.02
2026-10-05T13:10:57.847,528500,767.8,3.535,76.03
2026-10-05T13:10:57.947,528600,767.6,3.534,76.01
2026-10-05T13:10:58.047,528700,767.6,3.534,76.01
2026-10-05T13:10:58.146,528800,767.7,3.535,76.01
2026-10-05T13:10:58.247,528900,767.7,3.535,76.02
2026-10-05T13:10:58.347,529000,767.9,3.535,76.03
2026-10-05T13:10:58.447,529100,767.9,3.535,76.03
2026-10-05T13:10:58.546,529200,767.6,3.534,76.00
2026-10-05T13:10:58.646,529300,767.6,3.534,76.00
2026-10-05T13:10:58.759,529400,767.5,3.534,75.99
2026-10-05T13:10:58.846,529500,767.6,3.534,76.00
2026-10-05T13:10:58.946,529600,767.6,3.534,76.00
2026-10-05T13:10:59.046,529700,767.4,3.533,75.98
2026-10-05T13:10:59.146,529800,767.4,3.533,75.98
2026-10-05T13:10:59.245,529900,767.6,3.534,76.00
2026-10-05T13:10:59.359,530000,767.6,3.534,76.01
2026-10-05T13:10:59.446,530100,767.5,3.534,75.99
2026-10-05T13:10:59.553,530200,767.5,3.534,75.99
2026-10-05T13:10:59.646,530300,767.7,3.535,76.02
2026-10-05T13:10:59.745,530400,767.7,3.535,76.01
2026-10-05T13:10:59.846,530500,767.5,3.534,75.99
2026-10-05T13:10:59.946,530600,767.6,3.534,76.00
2026-10-05T13:11:00.046,530700,767.6,3.534,76.00
2026-10-05T13:11:00.146,530800,767.6,3.534,76.00
2026-10-05T13:11:00.245,530900,767.5,3.534,75.99
2026-10-05T13:11:00.345,531000,767.4,3.533,75.98
2026-10-05T13:11:00.445,531100,767.2,3.532,75.96
2026-10-05T13:11:00.545,531200,767.4,3.533,75.98
2026-10-05T13:11:00.645,531300,767.3,3.533,75.97
2026-10-05T13:11:00.756,531400,767.4,3.533,75.98
2026-10-05T13:11:00.845,531500,767.3,3.533,75.97
2026-10-05T13:11:00.957,531600,767.3,3.533,75.97
2026-10-05T13:11:01.045,531700,767.3,3.533,75.97
2026-10-05T13:11:01.145,531800,767.3,3.533,75.97
2026-10-05T13:11:01.245,531900,767.1,3.532,75.95
2026-10-05T13:11:01.357,532000,767.3,3.533,75.97
2026-10-05T13:11:01.445,532100,767.2,3.532,75.96
2026-10-05T13:11:01.545,532200,767.4,3.533,75.98
2026-10-05T13:11:01.645,532300,767.1,3.532,75.95
2026-10-05T13:11:01.745,532400,767.2,3.532,75.96
2026-10-05T13:11:01.845,532500,767.1,3.532,75.95
2026-10-05T13:11:01.944,532600,767.1,3.532,75.94
2026-10-05T13:11:02.045,532700,767.4,3.533,75.98
2026-10-05T13:11:02.144,532800,767.0,3.531,75.93
2026-10-05T13:11:02.256,532900,767.4,3.533,75.98
2026-10-05T13:11:02.344,533000,767.1,3.532,75.95
2026-10-05T13:11:02.450,533100,767.2,3.532,75.96
2026-10-05T13:11:02.556,533200,766.9,3.531,75.93
2026-10-05T13:11:02.647,533300,766.7,3.530,75.91
2026-10-05T13:11:02.754,533400,766.8,3.530,75.91
2026-10-05T13:11:02.844,533500,767.1,3.532,75.94
2026-10-05T13:11:02.946,533600,767.0,3.531,75.93
2026-10-05T13:11:03.055,533700,766.9,3.531,75.93
2026-10-05T13:11:03.144,533800,767.0,3.531,75.93
2026-10-05T13:11:03.244,533900,766.9,3.531,75.93
2026-10-05T13:11:03.344,534000,766.7,3.530,75.90
2026-10-05T13:11:03.444,534100,766.8,3.530,75.91
2026-10-05T13:11:03.554,534200,766.8,3.530,75.91
2026-10-05T13:11:03.644,534300,766.9,3.531,75.92
2026-10-05T13:11:03.744,534400,766.8,3.530,75.91
2026-10-05T13:11:03.853,534500,767.1,3.532,75.95
2026-10-05T13:11:03.953,534600,766.5,3.529,75.88
2026-10-05T13:11:04.044,534700,767.1,3.532,75.95
2026-10-05T13:11:04.153,534800,766.9,3.531,75.92
2026-10-05T13:11:04.253,534900,766.9,3.531,75.93
2026-10-05T13:11:04.344,535000,766.6,3.530,75.89
2026-10-05T13:11:04.443,535100,766.7,3.530,75.90
2026-10-05T13:11:04.554,535200,766.4,3.529,75.87
2026-10-05T13:11:04.653,535300,766.9,3.531,75.92
2026-10-05T13:11:04.745,535400,766.9,3.531,75.92
2026-10-05T13:11:04.848,535500,766.6,3.529,75.88
2026-10-05T13:11:04.953,535600,766.6,3.530,75.89
2026-10-05T13:11:05.043,535700,766.7,3.530,75.90
2026-10-05T13:11:05.143,535800,766.4,3.529,75.87
2026-10-05T13:11:05.251,535900,766.6,3.529,75.88
2026-10-05T13:11:05.352,536000,766.6,3.530,75.89
2026-10-05T13:11:05.453,536100,766.6,3.530,75.89
2026-10-05T13:11:05.550,536200,766.4,3.528,75.86
2026-10-05T13:11:05.645,536300,766.7,3.530,75.90
2026-10-05T13:11:05.747,536400,766.6,3.529,75.88
2026-10-05T13:11:05.851,536500,766.4,3.529,75.87
2026-10-05T13:11:05.946,536600,766.4,3.529,75.87
2026-10-05T13:11:06.043,536700,766.7,3.530,75.90
2026-10-05T13:11:06.141,536800,766.6,3.529,75.88
2026-10-05T13:11:06.251,536900,766.2,3.528,75.84
2026-10-05T13:11:06.342,537000,766.4,3.528,75.86
2026-10-05T13:11:06.450,537100,766.2,3.528,75.85
2026-10-05T13:11:06.542,537200,766.4,3.529,75.87
2026-10-05T13:11:06.651,537300,766.7,3.530,75.91
2026-10-05T13:11:06.742,537400,766.5,3.529,75.88
2026-10-05T13:11:06.842,537500,766.3,3.528,75.86
2026-10-05T13:11:06.949,537600,766.2,3.528,75.85
2026-10-05T13:11:07.051,537700,766.4,3.529,75.87
2026-10-05T13:11:07.151,537800,766.5,3.529,75.88
2026-10-05T13:11:07.242,537900,766.2,3.528,75.84
2026-10-05T13:11:07.341,538000,766.2,3.528,75.85
2026-10-05T13:11:07.441,538100,766.2,3.528,75.84
2026-10-05T13:11:07.541,538200,766.4,3.529,75.87
2026-10-05T13:11:07.641,538300,766.2,3.528,75.85
2026-10-05T13:11:07.740,538400,766.4,3.528,75.86
2026-10-05T13:11:07.841,538500,766.1,3.527,75.83
2026-10-05T13:11:07.941,538600,766.1,3.527,75.83
2026-10-05T13:11:08.041,538700,766.4,3.528,75.86
2026-10-05T13:11:08.141,538800,766.1,3.527,75.83
2026-10-05T13:11:08.240,538900,766.1,3.527,75.83
2026-10-05T13:11:08.341,539000,766.1,3.527,75.83
2026-10-05T13:11:08.441,539100,766.1,3.527,75.83
2026-10-05T13:11:08.541,539200,766.1,3.527,75.83
2026-10-05T13:11:08.641,539300,766.1,3.527,75.83
2026-10-05T13:11:08.742,539400,765.9,3.526,75.81
2026-10-05T13:11:08.840,539500,766.1,3.527,75.83
2026-10-05T13:11:08.941,539600,766.2,3.528,75.84
2026-10-05T13:11:09.041,539700,766.1,3.527,75.83
2026-10-05T13:11:09.140,539800,765.9,3.526,75.81
2026-10-05T13:11:09.240,539900,765.9,3.526,75.81
2026-10-05T13:11:09.340,540000,765.9,3.526,75.81
2026-10-05T13:11:09.449,540100,765.7,3.526,75.79
2026-10-05T13:11:09.544,540200,765.9,3.526,75.81
2026-10-05T13:11:09.640,540300,766.2,3.528,75.85
2026-10-05T13:11:09.740,540400,766.0,3.527,75.82
2026-10-05T13:11:09.839,540500,765.9,3.526,75.81
2026-10-05T13:11:09.940,540600,765.9,3.526,75.81
2026-10-05T13:11:10.040,540700,765.8,3.526,75.80
2026-10-05T13:11:10.147,540800,765.9,3.526,75.81
2026-10-05T13:11:10.240,540900,765.9,3.526,75.81
2026-10-05T13:11:10.341,541000,765.8,3.526,75.80
2026-10-05T13:11:10.448,541100,765.9,3.526,75.81
2026-10-05T13:11:10.539,541200,765.6,3.525,75.78
2026-10-05T13:11:10.641,541300,765.9,3.526,75.81
2026-10-05T13:11:10.739,541400,765.8,3.526,75.80
2026-10-05T13:11:10.839,541500,765.7,3.526,75.79
2026-10-05T13:11:10.939,541600,765.7,3.525,75.78
2026-10-05T13:11:11.047,541700,765.9,3.526,75.81
2026-10-05T13:11:11.147,541800,765.9,3.526,75.81
2026-10-05T13:11:11.239,541900,765.7,3.525,75.78
2026-10-05T13:11:11.339,542000,766.1,3.527,75.83
2026-10-05T13:11:11.439,542100,765.7,3.525,75.78
2026-10-05T13:11:11.539,542200,765.7,3.525,75.78
2026-10-05T13:11:11.639,542300,765.6,3.525,75.78
2026-10-05T13:11:11.746,542400,765.4,3.524,75.76
2026-10-05T13:11:11.838,542500,765.7,3.525,75.78
2026-10-05T13:11:11.946,542600,765.5,3.524,75.76
2026-10-05T13:11:12.038,542700,765.7,3.525,75.78
2026-10-05T13:11:12.138,542800,765.6,3.525,75.78
2026-10-05T13:11:12.244,542900,765.7,3.525,75.78
2026-10-05T13:11:12.338,543000,765.4,3.524,75.76
2026-10-05T13:11:12.438,543100,765.7,3.525,75.78
2026-10-05T13:11:12.546,543200,765.4,3.524,75.76
2026-10-05T13:11:12.638,543300,765.4,3.524,75.75
2026-10-05T13:11:12.738,543400,765.5,3.524,75.76
2026-10-05T13:11:12.838,543500,765.4,3.524,75.75
2026-10-05T13:11:12.938,543600,765.6,3.525,75.78
2026-10-05T13:11:13.045,543700,765.1,3.522,75.71
2026-10-05T13:11:13.139,543800,765.4,3.524,75.76
2026-10-05T13:11:13.238,543900,765.4,3.524,75.75
2026-10-05T13:11:13.338,544000,765.4,3.524,75.76
2026-10-05T13:11:13.437,544100,765.4,3.524,75.76
2026-10-05T13:11:13.545,544200,765.2,3.523,75.73
2026-10-05T13:11:13.638,544300,765.2,3.523,75.73
2026-10-05T13:11:13.744,544400,765.4,3.524,75.76
2026-10-05T13:11:13.837,544500,765.4,3.524,75.75
2026-10-05T13:11:13.937,544600,765.7,3.526,75.79
2026-10-05T13:11:14.038,544700,765.1,3.523,75.72
2026-10-05T13:11:14.137,544800,765.3,3.524,75.74
2026-10-05T13:11:14.241,544900,765.3,3.524,75.74
2026-10-05T13:11:14.343,545000,765.2,3.523,75.73
2026-10-05T13:11:14.437,545100,765.2,3.523,75.73
2026-10-05T13:11:14.537,545200,765.1,3.522,75.71
2026-10-05T13:11:14.638,545300,765.2,3.523,75.73
2026-10-05T13:11:14.743,545400,765.3,3.524,75.74
2026-10-05T13:11:14.837,545500,765.1,3.523,75.72
2026-10-05T13:11:14.937,545600,765.0,3.522,75.71
2026-10-05T13:11:15.037,545700,765.1,3.523,75.72
2026-10-05T13:11:15.135,545800,765.1,3.522,75.71
2026-10-05T13:11:15.238,545900,765.2,3.523,75.73
2026-10-05T13:11:15.337,546000,765.1,3.523,75.72
2026-10-05T13:11:15.438,546100,765.2,3.523,75.73
2026-10-05T13:11:15.537,546200,765.2,3.523,75.73
2026-10-05T13:11:15.637,546300,765.1,3.522,75.71
2026-10-05T13:11:15.736,546400,764.9,3.522,75.70
2026-10-05T13:11:15.843,546500,764.9,3.522,75.70
2026-10-05T13:11:15.943,546600,765.1,3.523,75.72
2026-10-05T13:11:16.042,546700,765.0,3.522,75.71
2026-10-05T13:11:16.142,546800,764.9,3.522,75.69
2026-10-05T13:11:16.238,546900,764.9,3.522,75.70
2026-10-05T13:11:16.336,547000,764.9,3.522,75.70
2026-10-05T13:11:16.436,547100,765.0,3.522,75.71
2026-10-05T13:11:16.536,547200,764.7,3.521,75.68
2026-10-05T13:11:16.636,547300,764.6,3.520,75.66
2026-10-05T13:11:16.741,547400,765.1,3.523,75.72
2026-10-05T13:11:16.837,547500,764.8,3.521,75.68
2026-10-05T13:11:16.936,547600,764.8,3.521,75.68
2026-10-05T13:11:17.036,547700,765.0,3.522,75.71
2026-10-05T13:11:17.135,547800,764.8,3.521,75.68
2026-10-05T13:11:17.241,547900,764.9,3.522,75.70
2026-10-05T13:11:17.336,548000,764.6,3.520,75.66
2026-10-05T13:11:17.436,548100,764.7,3.521,75.67
2026-10-05T13:11:17.535,548200,764.7,3.521,75.68
2026-10-05T13:11:17.636,548300,764.7,3.521,75.67
2026-10-05T13:11:17.736,548400,764.4,3.520,75.64
2026-10-05T13:11:17.841,548500,764.8,3.521,75.68
2026-10-05T13:11:17.935,548600,764.6,3.520,75.66
2026-10-05T13:11:18.035,548700,764.6,3.520,75.66
2026-10-05T13:11:18.135,548800,764.9,3.522,75.69
2026-10-05T13:11:18.235,548900,764.5,3.520,75.65
2026-10-05T13:11:18.335,549000,764.5,3.520,75.65
2026-10-05T13:11:18.435,549100,764.6,3.520,75.66
2026-10-05T13:11:18.535,549200,764.9,3.522,75.69
2026-10-05T13:11:18.635,549300,764.5,3.520,75.65
2026-10-05T13:11:18.735,549400,764.8,3.521,75.68
2026-10-05T13:11:18.840,549500,764.5,3.520,75.65
2026-10-05T13:11:18.938,549600,764.5,3.520,75.65
2026-10-05T13:11:19.035,549700,764.6,3.520,75.66
2026-10-05T13:11:19.135,549800,764.4,3.520,75.64
2026-10-05T13:11:19.235,549900,764.3,3.519,75.63
2026-10-05T13:11:19.335,550000,764.2,3.519,75.62
2026-10-05T13:11:19.439,550100,764.2,3.519,75.62
2026-10-05T13:11:19.535,550200,764.3,3.519,75.63
2026-10-05T13:11:19.635,550300,764.5,3.520,75.65
2026-10-05T13:11:19.734,550400,764.3,3.519,75.63
2026-10-05T13:11:19.837,550500,764.4,3.519,75.63
2026-10-05T13:11:19.933,550600,764.4,3.519,75.63
2026-10-05T13:11:20.036,550700,764.0,3.518,75.59
2026-10-05T13:11:20.134,550800,764.4,3.519,75.63
2026-10-05T13:11:20.234,550900,764.2,3.518,75.61
2026-10-05T13:11:20.333,551000,764.5,3.520,75.65
2026-10-05T13:11:20.435,551100,764.1,3.518,75.61
2026-10-05T13:11:20.534,551200,764.1,3.518,75.61
2026-10-05T13:11:20.634,551300,764.1,3.518,75.61
2026-10-05T13:11:20.734,551400,764.4,3.520,75.64
2026-10-05T13:11:20.834,551500,764.1,3.518,75.61
2026-10-05T13:11:20.937,551600,763.9,3.517,75.58
2026-10-05T13:11:21.035,551700,764.3,3.519,75.63
2026-10-05T13:11:21.133,551800,764.2,3.519,75.62
2026-10-05T13:11:21.233,551900,764.2,3.518,75.61
2026-10-05T13:11:21.333,552000,764.0,3.518,75.59
2026-10-05T13:11:21.437,552100,764.0,3.518,75.59
2026-10-05T13:11:21.534,552200,764.2,3.518,75.61
2026-10-05T13:11:21.634,552300,764.2,3.518,75.61
2026-10-05T13:11:21.734,552400,763.9,3.517,75.58
2026-10-05T13:11:21.836,552500,764.0,3.518,75.59
2026-10-05T13:11:21.934,552600,764.2,3.518,75.61
2026-10-05T13:11:22.034,552700,763.9,3.517,75.58
2026-10-05T13:11:22.134,552800,763.7,3.516,75.56
2026-10-05T13:11:22.234,552900,764.1,3.518,75.60
2026-10-05T13:11:22.335,553000,764.2,3.518,75.61
2026-10-05T13:11:22.434,553100,764.0,3.518,75.59
2026-10-05T13:11:22.536,553200,764.0,3.518,75.59
2026-10-05T13:11:22.634,553300,763.9,3.517,75.58
2026-10-05T13:11:22.734,553400,763.9,3.517,75.58
2026-10-05T13:11:22.834,553500,763.9,3.517,75.58
2026-10-05T13:11:22.934,553600,763.7,3.516,75.56
2026-10-05T13:11:23.035,553700,764.0,3.518,75.59
2026-10-05T13:11:23.135,553800,763.9,3.517,75.58
2026-10-05T13:11:23.235,553900,763.9,3.517,75.58
2026-10-05T13:11:23.335,554000,763.8,3.517,75.57
2026-10-05T13:11:23.435,554100,763.9,3.517,75.58
2026-10-05T13:11:23.535,554200,763.6,3.516,75.55
2026-10-05T13:11:23.635,554300,763.7,3.516,75.56
2026-10-05T13:11:23.735,554400,763.7,3.516,75.56
2026-10-05T13:11:23.834,554500,763.6,3.516,75.54
2026-10-05T13:11:23.935,554600,763.7,3.516,75.56
2026-10-05T13:11:24.032,554700,763.5,3.515,75.53
2026-10-05T13:11:24.134,554800,763.4,3.515,75.53
2026-10-05T13:11:24.231,554900,763.6,3.516,75.54
2026-10-05T13:11:24.333,555000,763.7,3.516,75.56
2026-10-05T13:11:24.432,555100,763.7,3.516,75.56
2026-10-05T13:11:24.532,555200,763.7,3.516,75.56
2026-10-05T13:11:24.632,555300,763.6,3.516,75.54
2026-10-05T13:11:24.734,555400,763.7,3.516,75.56
2026-10-05T13:11:24.831,555500,763.6,3.516,75.54
2026-10-05T13:11:24.932,555600,763.6,3.516,75.54
2026-10-05T13:11:25.031,555700,763.6,3.516,75.55
2026-10-05T13:11:25.132,555800,763.5,3.515,75.53
2026-10-05T13:11:25.231,555900,763.6,3.516,75.54
2026-10-05T13:11:25.333,556000,763.6,3.516,75.54
2026-10-05T13:11:25.431,556100,763.5,3.515,75.53
2026-10-05T13:11:25.532,556200,763.4,3.515,75.52
2026-10-05T13:11:25.632,556300,763.2,3.514,75.50
2026-10-05T13:11:25.731,556400,763.4,3.515,75.53
2026-10-05T13:11:25.832,556500,763.4,3.515,75.53
2026-10-05T13:11:25.931,556600,763.4,3.515,75.53
2026-10-05T13:11:26.031,556700,763.4,3.515,75.53
2026-10-05T13:11:26.131,556800,763.6,3.516,75.54
2026-10-05T13:11:26.232,556900,763.4,3.515,75.52
2026-10-05T13:11:26.331,557000,763.5,3.515,75.53
2026-10-05T13:11:26.430,557100,763.4,3.515,75.52
2026-10-05T13:11:26.532,557200,763.2,3.514,75.51
2026-10-05T13:11:26.631,557300,763.5,3.515,75.53
2026-10-05T13:11:26.731,557400,763.4,3.515,75.52
2026-10-05T13:11:26.831,557500,763.2,3.514,75.51
2026-10-05T13:11:26.931,557600,763.3,3.514,75.51
2026-10-05T13:11:27.031,557700,763.4,3.515,75.52
2026-10-05T13:11:27.131,557800,763.1,3.514,75.49
2026-10-05T13:11:27.230,557900,763.1,3.513,75.48
2026-10-05T13:11:27.332,558000,763.2,3.514,75.51
2026-10-05T13:11:27.431,558100,763.4,3.515,75.52
2026-10-05T13:11:27.530,558200,762.9,3.513,75.47
2026-10-05T13:11:27.630,558300,763.3,3.514,75.51
2026-10-05T13:11:27.731,558400,763.4,3.515,75.52
2026-10-05T13:11:27.832,558500,763.5,3.515,75.53
2026-10-05T13:11:27.930,558600,763.2,3.514,75.50
2026-10-05T13:11:28.030,558700,763.2,3.514,75.51
2026-10-05T13:11:28.130,558800,763.4,3.515,75.52
2026-10-05T13:11:28.230,558900,763.0,3.513,75.48
2026-10-05T13:11:28.330,559000,763.0,3.513,75.48
2026-10-05T13:11:28.431,559100,762.9,3.513,75.47
2026-10-05T13:11:28.530,559200,763.2,3.514,75.50
2026-10-05T13:11:28.630,559300,763.1,3.513,75.48
2026-10-05T13:11:28.730,559400,763.0,3.513,75.48
2026-10-05T13:11:28.830,559500,763.1,3.513,75.48
2026-10-05T13:11:28.930,559600,763.0,3.513,75.48
2026-10-05T13:11:29.030,559700,763.1,3.513,75.48
2026-10-05T13:11:29.129,559800,763.1,3.513,75.48
2026-10-05T13:11:29.230,559900,763.0,3.513,75.48
2026-10-05T13:11:29.329,560000,763.0,3.513,75.48
2026-10-05T13:11:29.430,560100,762.8,3.512,75.46
2026-10-05T13:11:29.529,560200,762.9,3.513,75.47
2026-10-05T13:11:29.630,560300,762.9,3.513,75.47
2026-10-05T13:11:29.729,560400,762.9,3.513,75.47
2026-10-05T13:11:29.829,560500,762.8,3.512,75.46
2026-10-05T13:11:29.913,560600,763.1,3.513,75.48
2026-10-05T13:11:30.030,560700,762.7,3.512,75.45
2026-10-05T13:11:30.129,560800,762.7,3.511,75.44
2026-10-05T13:11:30.229,560900,763.0,3.513,75.48
2026-10-05T13:11:30.329,561000,762.8,3.512,75.46
2026-10-05T13:11:30.428,561100,762.7,3.511,75.44
2026-10-05T13:11:30.528,561200,762.9,3.513,75.47
2026-10-05T13:11:30.629,561300,762.9,3.513,75.47
2026-10-05T13:11:30.729,561400,763.0,3.513,75.48
2026-10-05T13:11:30.828,561500,762.9,3.513,75.47
2026-10-05T13:11:30.928,561600,762.6,3.511,75.43
2026-10-05T13:11:31.029,561700,762.9,3.512,75.46
2026-10-05T13:11:31.127,561800,762.4,3.510,75.41
2026-10-05T13:11:31.228,561900,762.8,3.512,75.46
2026-10-05T13:11:31.329,562000,762.8,3.512,75.46
2026-10-05T13:11:31.412,562100,762.7,3.511,75.44
2026-10-05T13:11:31.529,562200,762.9,3.512,75.46
2026-10-05T13:11:31.628,562300,762.6,3.511,75.43
2026-10-05T13:11:31.712,562400,762.6,3.511,75.43
2026-10-05T13:11:31.828,562500,762.6,3.511,75.43
2026-10-05T13:11:31.928,562600,762.6,3.511,75.43
2026-10-05T13:11:32.012,562700,762.4,3.510,75.41
2026-10-05T13:11:32.127,562800,762.6,3.511,75.43
2026-10-05T13:11:32.228,562900,762.3,3.510,75.40
2026-10-05T13:11:32.327,563000,762.6,3.511,75.43
2026-10-05T13:11:32.428,563100,762.3,3.510,75.40
2026-10-05T13:11:32.512,563200,762.4,3.510,75.41
2026-10-05T13:11:32.626,563300,762.7,3.512,75.45
2026-10-05T13:11:32.726,563400,762.2,3.509,75.39
2026-10-05T13:11:32.812,563500,762.4,3.510,75.41
2026-10-05T13:11:32.912,563600,762.4,3.510,75.41
2026-10-05T13:11:33.012,563700,762.2,3.509,75.39
2026-10-05T13:11:33.112,563800,762.6,3.511,75.43
2026-10-05T13:11:33.211,563900,762.5,3.511,75.42
2026-10-05T13:11:33.311,564000,762.4,3.510,75.41
2026-10-05T13:11:33.411,564100,762.3,3.510,75.40
2026-10-05T13:11:33.512,564200,762.4,3.510,75.41
2026-10-05T13:11:33.611,564300,762.6,3.511,75.43
2026-10-05T13:11:33.711,564400,762.0,3.508,75.36
2026-10-05T13:11:33.811,564500,762.2,3.509,75.38
2026-10-05T13:11:33.911,564600,762.4,3.510,75.41
2026-10-05T13:11:34.011,564700,762.1,3.509,75.38
2026-10-05T13:11:34.111,564800,762.2,3.509,75.39
2026-10-05T13:11:34.226,564900,762.2,3.509,75.38
2026-10-05T13:11:34.325,565000,762.1,3.509,75.38
2026-10-05T13:11:34.425,565100,762.2,3.509,75.38
2026-10-05T13:11:34.511,565200,762.2,3.509,75.38
2026-10-05T13:11:34.611,565300,762.2,3.509,75.39
2026-10-05T13:11:34.710,565400,762.1,3.509,75.38
2026-10-05T13:11:34.811,565500,762.2,3.509,75.39
2026-10-05T13:11:34.911,565600,762.1,3.509,75.37
2026-10-05T13:11:35.011,565700,761.9,3.508,75.35
2026-10-05T13:11:35.110,565800,762.2,3.509,75.39
2026-10-05T13:11:35.210,565900,761.9,3.508,75.36
2026-10-05T13:11:35.324,566000,762.0,3.508,75.36
2026-10-05T13:11:35.410,566100,762.0,3.508,75.36
2026-10-05T13:11:35.510,566200,762.0,3.508,75.36
2026-10-05T13:11:35.610,566300,761.9,3.508,75.35
2026-10-05T13:11:35.710,566400,762.1,3.509,75.38
2026-10-05T13:11:35.810,566500,762.1,3.509,75.38
2026-10-05T13:11:35.910,566600,761.9,3.508,75.36
2026-10-05T13:11:36.010,566700,761.9,3.508,75.35
2026-10-05T13:11:36.110,566800,761.9,3.508,75.35
2026-10-05T13:11:36.210,566900,762.0,3.508,75.36
2026-10-05T13:11:36.322,567000,761.9,3.508,75.36
2026-10-05T13:11:36.423,567100,761.9,3.508,75.35
2026-10-05T13:11:36.510,567200,761.6,3.507,75.32
2026-10-05T13:11:36.610,567300,761.8,3.507,75.34
2026-10-05T13:11:36.710,567400,761.6,3.507,75.32
2026-10-05T13:11:36.810,567500,762.0,3.508,75.36
2026-10-05T13:11:36.909,567600,761.7,3.507,75.33
2026-10-05T13:11:37.010,567700,761.9,3.508,75.35
2026-10-05T13:11:37.109,567800,761.6,3.506,75.31
2026-10-05T13:11:37.209,567900,761.7,3.507,75.33
2026-10-05T13:11:37.309,568000,761.8,3.507,75.34
2026-10-05T13:11:37.409,568100,761.8,3.507,75.34
2026-10-05T13:11:37.522,568200,761.8,3.507,75.34
2026-10-05T13:11:37.609,568300,761.7,3.507,75.33
2026-10-05T13:11:37.709,568400,761.7,3.507,75.33
2026-10-05T13:11:37.809,568500,761.7,3.507,75.33
2026-10-05T13:11:37.909,568600,761.7,3.507,75.33
2026-10-05T13:11:38.009,568700,761.7,3.507,75.33
2026-10-05T13:11:38.109,568800,761.9,3.508,75.36
2026-10-05T13:11:38.209,568900,761.7,3.507,75.33
2026-10-05T13:11:38.309,569000,761.7,3.507,75.33
2026-10-05T13:11:38.409,569100,761.8,3.507,75.34
2026-10-05T13:11:38.509,569200,761.6,3.506,75.31
2026-10-05T13:11:38.609,569300,761.6,3.506,75.31
2026-10-05T13:11:38.709,569400,761.6,3.506,75.31
2026-10-05T13:11:38.808,569500,761.4,3.506,75.30
2026-10-05T13:11:38.909,569600,761.6,3.507,75.32
2026-10-05T13:11:39.008,569700,761.4,3.506,75.30
2026-10-05T13:11:39.108,569800,761.4,3.506,75.30
2026-10-05T13:11:39.208,569900,761.6,3.507,75.32
2026-10-05T13:11:39.308,570000,761.7,3.507,75.33
2026-10-05T13:11:39.408,570100,761.6,3.507,75.32
2026-10-05T13:11:39.508,570200,761.4,3.506,75.30
2026-10-05T13:11:39.621,570300,761.5,3.506,75.31
2026-10-05T13:11:39.708,570400,761.5,3.506,75.31
2026-10-05T13:11:39.808,570500,761.1,3.504,75.26
2026-10-05T13:11:39.908,570600,761.3,3.505,75.28
2026-10-05T13:11:40.008,570700,761.5,3.506,75.31
2026-10-05T13:11:40.120,570800,761.5,3.506,75.31
2026-10-05T13:11:40.207,570900,761.2,3.505,75.28
2026-10-05T13:11:40.320,571000,761.4,3.505,75.29
2026-10-05T13:11:40.408,571100,761.1,3.504,75.25
2026-10-05T13:11:40.508,571200,761.4,3.506,75.30
2026-10-05T13:11:40.620,571300,761.1,3.504,75.26
2026-10-05T13:11:40.707,571400,761.5,3.506,75.31
2026-10-05T13:11:40.807,571500,761.3,3.505,75.28
2026-10-05T13:11:40.908,571600,761.3,3.505,75.28
2026-10-05T13:11:41.007,571700,761.1,3.504,75.26
2026-10-05T13:11:41.108,571800,761.3,3.505,75.28
2026-10-05T13:11:41.219,571900,761.4,3.505,75.29
2026-10-05T13:11:41.307,572000,761.2,3.505,75.28
2026-10-05T13:11:41.419,572100,761.1,3.504,75.26
2026-10-05T13:11:41.506,572200,761.3,3.505,75.28
2026-10-05T13:11:41.618,572300,761.3,3.505,75.28
2026-10-05T13:11:41.707,572400,761.1,3.504,75.26
2026-10-05T13:11:41.807,572500,761.0,3.504,75.25
2026-10-05T13:11:41.907,572600,761.2,3.505,75.28
2026-10-05T13:11:42.007,572700,761.0,3.504,75.25
2026-10-05T13:11:42.107,572800,760.9,3.503,75.24
2026-10-05T13:11:42.218,572900,760.8,3.503,75.23
2026-10-05T13:11:42.307,573000,761.0,3.504,75.25
2026-10-05T13:11:42.406,573100,761.0,3.504,75.25
2026-10-05T13:11:42.506,573200,760.7,3.503,75.22
2026-10-05T13:11:42.607,573300,760.9,3.503,75.23
2026-10-05T13:11:42.716,573400,760.7,3.502,75.21
2026-10-05T13:11:42.806,573500,760.9,3.503,75.24
2026-10-05T13:11:42.906,573600,760.9,3.503,75.23
2026-10-05T13:11:43.006,573700,760.8,3.503,75.23
2026-10-05T13:11:43.117,573800,760.7,3.503,75.22
2026-10-05T13:11:43.218,573900,760.7,3.503,75.22
2026-10-05T13:11:43.316,574000,760.9,3.503,75.24
2026-10-05T13:11:43.405,574100,761.1,3.504,75.25
2026-10-05T13:11:43.517,574200,760.9,3.503,75.24
2026-10-05T13:11:43.613,574300,760.4,3.501,75.18
2026-10-05T13:11:43.709,574400,760.6,3.502,75.20
2026-10-05T13:11:43.816,574500,761.0,3.504,75.25
2026-10-05T13:11:43.906,574600,760.6,3.502,75.20
2026-10-05T13:11:44.005,574700,760.7,3.502,75.21
2026-10-05T13:11:44.116,574800,760.6,3.502,75.20
2026-10-05T13:11:44.206,574900,760.7,3.503,75.22
2026-10-05T13:11:44.304,575000,760.6,3.502,75.20
2026-10-05T13:11:44.416,575100,760.9,3.503,75.23
2026-10-05T13:11:44.506,575200,760.7,3.503,75.22
2026-10-05T13:11:44.604,575300,760.4,3.501,75.18
2026-10-05T13:11:44.705,575400,760.6,3.502,75.20
2026-10-05T13:11:44.815,575500,760.6,3.502,75.20
2026-10-05T13:11:44.906,575600,760.4,3.501,75.18
2026-10-05T13:11:45.015,575700,760.6,3.502,75.20
2026-10-05T13:11:45.105,575800,760.1,3.500,75.15
2026-10-05T13:11:45.205,575900,760.4,3.501,75.18
2026-10-05T13:11:45.304,576000,760.6,3.502,75.20
2026-10-05T13:11:45.415,576100,760.1,3.499,75.14
2026-10-05T13:11:45.506,576200,760.4,3.501,75.18
2026-10-05T13:11:45.604,576300,760.7,3.502,75.21
2026-10-05T13:11:45.704,576400,760.3,3.501,75.17
2026-10-05T13:11:45.815,576500,760.2,3.500,75.16
2026-10-05T13:11:45.913,576600,760.4,3.501,75.18
2026-10-05T13:11:46.014,576700,760.2,3.500,75.16
2026-10-05T13:11:46.104,576800,760.4,3.501,75.18
2026-10-05T13:11:46.204,576900,760.4,3.501,75.18
2026-10-05T13:11:46.304,577000,760.4,3.501,75.18
2026-10-05T13:11:46.403,577100,760.3,3.501,75.17
2026-10-05T13:11:46.504,577200,760.5,3.501,75.19
2026-10-05T13:11:46.604,577300,760.5,3.501,75.19
2026-10-05T13:11:46.709,577400,760.2,3.500,75.16
2026-10-05T13:11:46.803,577500,760.3,3.501,75.17
2026-10-05T13:11:46.905,577600,760.4,3.501,75.18
2026-10-05T13:11:47.004,577700,760.5,3.501,75.19
2026-10-05T13:11:47.103,577800,760.2,3.500,75.15
2026-10-05T13:11:47.203,577900,760.2,3.500,75.16
2026-10-05T13:11:47.303,578000,760.3,3.501,75.17
2026-10-05T13:11:47.413,578100,760.2,3.500,75.15
2026-10-05T13:11:47.513,578200,760.1,3.500,75.15
2026-10-05T13:11:47.603,578300,760.1,3.500,75.15
2026-10-05T13:11:47.703,578400,760.2,3.500,75.15
2026-10-05T13:11:47.813,578500,761.8,3.507,75.34
2026-10-05T13:11:47.903,578600,767.6,3.534,76.00
2026-10-05T13:11:48.003,578700,773.4,3.561,76.67
2026-10-05T13:11:48.112,578800,779.2,3.588,77.34
2026-10-05T13:11:48.203,578900,784.9,3.614,77.98
2026-10-05T13:11:48.303,579000,790.9,3.642,78.67
2026-10-05T13:11:48.403,579100,796.6,3.668,79.32
2026-10-05T13:11:48.503,579200,802.2,3.694,79.97
2026-10-05T13:11:48.603,579300,808.1,3.721,80.64
2026-10-05T13:11:48.702,579400,813.7,3.747,81.28
2026-10-05T13:11:48.803,579500,819.2,3.772,81.91
2026-10-05T13:11:48.902,579600,824.9,3.798,82.55
2026-10-05T13:11:49.003,579700,830.2,3.822,83.16
2026-10-05T13:11:49.111,579800,835.8,3.848,83.81
2026-10-05T13:11:49.203,579900,841.7,3.876,84.48
2026-10-05T13:11:49.302,580000,848.6,3.907,85.26
2026-10-05T13:11:49.410,580100,857.5,3.948,86.29
2026-10-05T13:11:49.502,580200,867.9,3.996,87.48
2026-10-05T13:11:49.601,580300,877.7,4.041,88.60
2026-10-05T13:11:49.703,580400,880.1,4.052,88.87
2026-10-05T13:11:49.802,580500,879.7,4.050,88.82
2026-10-05T13:11:49.902,580600,878.7,4.046,88.72
2026-10-05T13:11:50.001,580700,878.4,4.044,88.67
2026-10-05T13:11:50.110,580800,877.8,4.042,88.61
2026-10-05T13:11:50.202,580900,876.8,4.037,88.50
2026-10-05T13:11:50.302,581000,876.4,4.035,88.45
2026-10-05T13:11:50.402,581100,875.7,4.032,88.37
2026-10-05T13:11:50.502,581200,874.9,4.028,88.28
2026-10-05T13:11:50.610,581300,874.1,4.025,88.19
2026-10-05T13:11:50.710,581400,873.5,4.022,88.12
2026-10-05T13:11:50.810,581500,872.9,4.019,88.05
2026-10-05T13:11:50.905,581600,871.7,4.013,87.91
2026-10-05T13:11:51.001,581700,870.9,4.010,87.82
2026-10-05T13:11:51.101,581800,869.9,4.005,87.71
2026-10-05T13:11:51.200,581900,869.4,4.003,87.65
2026-10-05T13:11:51.302,582000,868.4,3.998,87.54
2026-10-05T13:11:51.401,582100,867.5,3.994,87.43
2026-10-05T13:11:51.501,582200,866.7,3.990,87.34
2026-10-05T13:11:51.601,582300,866.1,3.987,87.27
2026-10-05T13:11:51.700,582400,864.9,3.982,87.14
2026-10-05T13:11:51.801,582500,864.1,3.978,87.04
2026-10-05T13:11:51.901,582600,863.4,3.975,86.97
2026-10-05T13:11:52.001,582700,862.4,3.970,86.84
2026-10-05T13:11:52.101,582800,861.6,3.967,86.76
2026-10-05T13:11:52.201,582900,860.7,3.963,86.66
2026-10-05T13:11:52.300,583000,859.8,3.959,86.55
2026-10-05T13:11:52.401,583100,859.0,3.955,86.46
2026-10-05T13:11:52.500,583200,858.2,3.951,86.36
2026-10-05T13:11:52.607,583300,857.2,3.947,86.26
2026-10-05T13:11:52.700,583400,856.2,3.942,86.14
2026-10-05T13:11:52.800,583500,855.5,3.939,86.06
2026-10-05T13:11:52.900,583600,854.6,3.935,85.96
2026-10-05T13:11:53.000,583700,853.9,3.931,85.87
2026-10-05T13:11:53.100,583800,852.8,3.926,85.75
2026-10-05T13:11:53.200,583900,851.6,3.921,85.61
2026-10-05T13:11:53.299,584000,851.0,3.918,85.54
2026-10-05T13:11:53.401,584100,850.1,3.914,85.44
2026-10-05T13:11:53.500,584200,849.4,3.911,85.36
2026-10-05T13:11:53.600,584300,848.4,3.906,85.24
2026-10-05T13:11:53.700,584400,847.5,3.902,85.14
2026-10-05T13:11:53.801,584500,846.7,3.899,85.06
2026-10-05T13:11:53.900,584600,845.9,3.894,84.96
2026-10-05T13:11:54.000,584700,845.1,3.891,84.87
2026-10-05T13:11:54.106,584800,843.8,3.885,84.72
2026-10-05T13:11:54.199,584900,843.2,3.882,84.66
2026-10-05T13:11:54.299,585000,842.5,3.879,84.57
2026-10-05T13:11:54.399,585100,841.7,3.875,84.48
2026-10-05T13:11:54.499,585200,840.6,3.870,84.36
2026-10-05T13:11:54.600,585300,840.3,3.869,84.32
2026-10-05T13:11:54.700,585400,839.6,3.866,84.24
2026-10-05T13:11:54.799,585500,840.1,3.868,84.30
2026-10-05T13:11:54.899,585600,841.6,3.875,84.46
2026-10-05T13:11:55.000,585700,844.2,3.887,84.76
2026-10-05T13:11:55.100,585800,844.6,3.889,84.81
2026-10-05T13:11:55.200,585900,844.3,3.887,84.78
2026-10-05T13:11:55.299,586000,843.6,3.884,84.70
2026-10-05T13:11:55.405,586100,842.9,3.881,84.62
2026-10-05T13:11:55.505,586200,842.2,3.878,84.53
2026-10-05T13:11:55.605,586300,841.5,3.874,84.46
2026-10-05T13:11:55.699,586400,840.6,3.870,84.36
2026-10-05T13:11:55.799,586500,839.7,3.866,84.25
2026-10-05T13:11:55.899,586600,838.9,3.862,84.16
2026-10-05T13:11:55.999,586700,838.4,3.860,84.11
2026-10-05T13:11:56.099,586800,837.5,3.856,84.00
2026-10-05T13:11:56.203,586900,836.7,3.852,83.91
2026-10-05T13:11:56.299,587000,836.0,3.849,83.83
2026-10-05T13:11:56.399,587100,835.2,3.846,83.74
2026-10-05T13:11:56.499,587200,834.7,3.843,83.68
2026-10-05T13:11:56.599,587300,833.9,3.840,83.59
2026-10-05T13:11:56.698,587400,833.2,3.836,83.51
2026-10-05T13:11:56.798,587500,832.3,3.832,83.41
2026-10-05T13:11:56.899,587600,832.1,3.831,83.38
2026-10-05T13:11:57.003,587700,831.1,3.826,83.26
2026-10-05T13:11:57.099,587800,830.4,3.823,83.18
2026-10-05T13:11:57.199,587900,829.7,3.820,83.10
2026-10-05T13:11:57.298,588000,829.1,3.817,83.03
2026-10-05T13:11:57.398,588100,828.2,3.813,82.93
2026-10-05T13:11:57.499,588200,827.7,3.811,82.88
2026-10-05T13:11:57.600,588300,827.1,3.808,82.81
2026-10-05T13:11:57.698,588400,826.6,3.806,82.75
2026-10-05T13:11:57.798,588500,825.9,3.802,82.67
2026-10-05T13:11:57.898,588600,825.2,3.799,82.59
2026-10-05T13:11:57.998,588700,824.6,3.796,82.52
2026-10-05T13:11:58.097,588800,823.9,3.793,82.45
2026-10-05T13:11:58.198,588900,823.2,3.790,82.36
2026-10-05T13:11:58.298,589000,822.4,3.787,82.28
2026-10-05T13:11:58.398,589100,821.9,3.784,82.22
2026-10-05T13:11:58.497,589200,821.4,3.782,82.15
2026-10-05T13:11:58.597,589300,821.1,3.780,82.12
2026-10-05T13:11:58.698,589400,820.5,3.778,82.05
2026-10-05T13:11:58.798,589500,819.7,3.774,81.96
2026-10-05T13:11:58.900,589600,819.6,3.773,81.95
2026-10-05T13:11:58.998,589700,818.7,3.769,81.85
2026-10-05T13:11:59.099,589800,818.4,3.768,81.81
2026-10-05T13:11:59.197,589900,818.0,3.766,81.77
2026-10-05T13:11:59.297,590000,817.3,3.763,81.69
2026-10-05T13:11:59.397,590100,817.0,3.762,81.65
2026-10-05T13:11:59.502,590200,816.3,3.758,81.57
2026-10-05T13:11:59.597,590300,815.6,3.755,81.50
2026-10-05T13:11:59.701,590400,815.7,3.756,81.51
2026-10-05T13:11:59.797,590500,815.2,3.753,81.45
2026-10-05T13:11:59.901,590600,814.7,3.751,81.40
2026-10-05T13:11:59.996,590700,814.2,3.749,81.34
2026-10-05T13:12:00.097,590800,813.7,3.746,81.27
2026-10-05T13:12:00.200,590900,813.2,3.744,81.22
2026-10-05T13:12:00.301,591000,812.7,3.742,81.17
2026-10-05T13:12:00.397,591100,812.6,3.741,81.15
2026-10-05T13:12:00.497,591200,812.1,3.739,81.09
2026-10-05T13:12:00.597,591300,811.6,3.737,81.03
2026-10-05T13:12:00.701,591400,811.4,3.736,81.02
2026-10-05T13:12:00.797,591500,811.1,3.734,80.97
2026-10-05T13:12:00.896,591600,810.7,3.733,80.94
2026-10-05T13:12:00.997,591700,810.4,3.731,80.90
2026-10-05T13:12:01.096,591800,809.8,3.728,80.83
2026-10-05T13:12:01.196,591900,809.7,3.728,80.82
2026-10-05T13:12:01.299,592000,809.2,3.726,80.77
2026-10-05T13:12:01.396,592100,808.5,3.722,80.68
2026-10-05T13:12:01.496,592200,808.5,3.722,80.68
2026-10-05T13:12:01.597,592300,808.0,3.720,80.62
2026-10-05T13:12:01.696,592400,807.3,3.717,80.55
2026-10-05T13:12:01.799,592500,807.4,3.717,80.55
2026-10-05T13:12:01.896,592600,806.6,3.713,80.46
2026-10-05T13:12:01.998,592700,806.6,3.713,80.46
2026-10-05T13:12:02.096,592800,806.2,3.712,80.42
2026-10-05T13:12:02.196,592900,805.8,3.710,80.37
2026-10-05T13:12:02.299,593000,805.4,3.708,80.33
2026-10-05T13:12:02.396,593100,805.3,3.708,80.32
2026-10-05T13:12:02.496,593200,804.9,3.706,80.27
2026-10-05T13:12:02.599,593300,804.7,3.705,80.25
2026-10-05T13:12:02.697,593400,803.9,3.701,80.16
2026-10-05T13:12:02.796,593500,803.8,3.701,80.15
2026-10-05T13:12:02.896,593600,803.3,3.699,80.09
2026-10-05T13:12:02.995,593700,803.1,3.698,80.07
2026-10-05T13:12:03.095,593800,802.9,3.697,80.04
2026-10-05T13:12:03.195,593900,802.4,3.694,79.98
2026-10-05T13:12:03.295,594000,802.1,3.693,79.95
2026-10-05T13:12:03.394,594100,801.9,3.692,79.93
2026-10-05T13:12:03.495,594200,801.2,3.689,79.85
2026-10-05T13:12:03.595,594300,801.1,3.688,79.84
2026-10-05T13:12:03.694,594400,800.7,3.687,79.79
2026-10-05T13:12:03.795,594500,800.7,3.686,79.79
2026-10-05T13:12:03.895,594600,800.4,3.685,79.75
2026-10-05T13:12:03.997,594700,800.1,3.684,79.72
2026-10-05T13:12:04.095,594800,799.6,3.682,79.67
2026-10-05T13:12:04.195,594900,799.4,3.681,79.64
2026-10-05T13:12:04.294,595000,799.2,3.680,79.62
2026-10-05T13:12:04.395,595100,798.9,3.678,79.58
2026-10-05T13:12:04.494,595200,798.7,3.677,79.56
2026-10-05T13:12:04.596,595300,798.4,3.676,79.52
2026-10-05T13:12:04.694,595400,798.1,3.675,79.49
2026-10-05T13:12:04.794,595500,798.0,3.674,79.48
2026-10-05T13:12:04.894,595600,797.7,3.673,79.44
2026-10-05T13:12:04.995,595700,797.3,3.671,79.40
2026-10-05T13:12:05.094,595800,797.2,3.670,79.39
2026-10-05T13:12:05.196,595900,797.1,3.670,79.37
2026-10-05T13:12:05.296,596000,796.7,3.668,79.34
2026-10-05T13:12:05.394,596100,796.4,3.667,79.29
2026-10-05T13:12:05.494,596200,796.3,3.666,79.29
2026-10-05T13:12:05.595,596300,796.0,3.665,79.25
2026-10-05T13:12:05.694,596400,795.9,3.665,79.24
2026-10-05T13:12:05.794,596500,795.9,3.664,79.24
2026-10-05T13:12:05.896,596600,795.4,3.662,79.19
2026-10-05T13:12:05.995,596700,795.9,3.664,79.24
2026-10-05T13:12:06.094,596800,795.4,3.662,79.19
2026-10-05T13:12:06.192,596900,795.2,3.661,79.16
2026-10-05T13:12:06.294,597000,795.2,3.661,79.16
2026-10-05T13:12:06.394,597100,795.1,3.661,79.14
2026-10-05T13:12:06.494,597200,794.9,3.660,79.12
2026-10-05T13:12:06.594,597300,794.7,3.659,79.10
2026-10-05T13:12:06.694,597400,794.6,3.659,79.09
2026-10-05T13:12:06.793,597500,794.3,3.657,79.06
2026-10-05T13:12:06.893,597600,794.3,3.657,79.06
2026-10-05T13:12:06.993,597700,794.4,3.657,79.07
2026-10-05T13:12:07.092,597800,794.1,3.656,79.03
2026-10-05T13:12:07.193,597900,794.1,3.656,79.03
2026-10-05T13:12:07.293,598000,793.7,3.655,78.99
2026-10-05T13:12:07.395,598100,793.9,3.655,79.02
2026-10-05T13:12:07.493,598200,793.7,3.654,78.99
2026-10-05T13:12:07.594,598300,793.6,3.654,78.97
2026-10-05T13:12:07.693,598400,793.7,3.654,78.99
2026-10-05T13:12:07.793,598500,793.6,3.654,78.98
2026-10-05T13:12:07.892,598600,793.6,3.654,78.97
2026-10-05T13:12:07.993,598700,793.4,3.653,78.95
2026-10-05T13:12:08.093,598800,793.4,3.653,78.95
2026-10-05T13:12:08.193,598900,793.1,3.652,78.92
2026-10-05T13:12:08.293,599000,793.1,3.651,78.92
2026-10-05T13:12:08.393,599100,793.2,3.652,78.93
2026-10-05T13:12:08.493,599200,792.9,3.651,78.90
2026-10-05T13:12:08.592,599300,792.7,3.650,78.88
2026-10-05T13:12:08.690,599400,792.6,3.649,78.86
2026-10-05T13:12:08.792,599500,792.7,3.650,78.88
2026-10-05T13:12:08.892,599600,792.7,3.650,78.87
2026-10-05T13:12:08.992,599700,792.6,3.649,78.86
2026-10-05T13:12:09.092,599800,792.5,3.649,78.85
2026-10-05T13:12:09.192,599900,792.4,3.648,78.84
2026-10-05T13:12:09.293,600000,792.2,3.648,78.82
2026-10-05T13:12:09.392,600100,792.4,3.648,78.84
2026-10-05T13:12:09.492,600200,792.3,3.648,78.83
2026-10-05T13:12:09.592,600300,792.1,3.647,78.81
2026-10-05T13:12:09.692,600400,792.2,3.647,78.82
2026-10-05T13:12:09.792,600500,791.9,3.646,78.78
2026-10-05T13:12:09.892,600600,791.9,3.646,78.78
2026-10-05T13:12:09.992,600700,791.9,3.646,78.78
2026-10-05T13:12:10.092,600800,791.8,3.646,78.77
2026-10-05T13:12:10.192,600900,791.7,3.645,78.76
2026-10-05T13:12:10.291,601000,791.7,3.645,78.77
2026-10-05T13:12:10.392,601100,791.6,3.644,78.74
2026-10-05T13:12:10.492,601200,791.3,3.643,78.72
2026-10-05T13:12:10.592,601300,791.6,3.645,78.75
2026-10-05T13:12:10.676,601400,791.6,3.644,78.74
2026-10-05T13:12:10.791,601500,791.5,3.644,78.74
2026-10-05T13:12:10.877,601600,791.4,3.644,78.73
2026-10-05T13:12:10.976,601700,791.7,3.645,78.76
2026-10-05T13:12:11.091,601800,791.7,3.645,78.76
2026-10-05T13:12:11.177,601900,791.3,3.643,78.72
2026-10-05T13:12:11.291,602000,791.3,3.643,78.72
2026-10-05T13:12:11.391,602100,791.4,3.644,78.73
2026-10-05T13:12:11.477,602200,791.6,3.644,78.74
2026-10-05T13:12:11.577,602300,791.4,3.644,78.73
2026-10-05T13:12:11.690,602400,791.5,3.644,78.74
2026-10-05T13:12:11.778,602500,791.6,3.644,78.74
2026-10-05T13:12:11.890,602600,791.2,3.643,78.71
2026-10-05T13:12:11.990,602700,791.3,3.643,78.72
2026-10-05T13:12:12.088,602800,791.4,3.644,78.73
2026-10-05T13:12:12.190,602900,791.4,3.644,78.72
2026-10-05T13:12:12.290,603000,791.4,3.644,78.73
