pc_time,millis,raw_adc,voltage_V,pressure_bar
2026-09-30T16:39:49.023,100,101.9,0.476,0.00
2026-09-30T16:39:49.123,200,101.8,0.475,0.00
2026-09-30T16:39:49.223,300,101.9,0.476,0.00
2026-09-30T16:39:49.323,400,101.5,0.474,0.00
2026-09-30T16:39:49.422,500,101.6,0.475,0.00
2026-09-30T16:39:49.522,600,101.4,0.474,0.00
2026-09-30T16:39:49.622,700,101.7,0.475,0.00
2026-09-30T16:39:49.723,800,101.9,0.476,0.00
2026-09-30T16:39:49.822,900,101.9,0.476,0.00
2026-09-30T16:39:49.923,1000,101.6,0.475,0.00
2026-09-30T16:39:50.023,1100,101.8,0.476,0.00
2026-09-30T16:39:50.122,1200,101.6,0.475,0.00
2026-09-30T16:39:50.222,1300,101.8,0.476,0.00
2026-09-30T16:39:50.319,1400,101.6,0.475,0.00
2026-09-30T16:39:50.411,1500,101.8,0.475,0.00
2026-09-30T16:39:50.521,1600,101.7,0.475,0.00
2026-09-30T16:39:50.619,1700,101.8,0.475,0.00
2026-09-30T16:39:50.715,1800,102.1,0.477,0.00
2026-09-30T16:39:50.821,1900,101.8,0.475,0.00
2026-09-30T16:39:50.923,2000,101.9,0.476,0.00
2026-09-30T16:39:51.012,2100,101.1,0.473,0.00
2026-09-30T16:39:51.121,2200,101.6,0.475,0.00
2026-09-30T16:39:51.212,2300,101.6,0.475,0.00
2026-09-30T16:39:51.319,2400,102.3,0.478,0.00
2026-09-30T16:39:51.413,2500,101.5,0.474,0.00
2026-09-30T16:39:51.513,2600,102.1,0.477,0.00
2026-09-30T16:39:51.613,2700,101.7,0.475,0.00
2026-09-30T16:39:51.713,2800,101.3,0.473,0.00
2026-09-30T16:39:51.813,2900,101.6,0.475,0.00
2026-09-30T16:39:51.913,3000,101.7,0.475,0.00
2026-09-30T16:39:52.022,3100,101.6,0.475,0.00
2026-09-30T16:39:52.120,3200,101.8,0.475,0.00
2026-09-30T16:39:52.221,3300,101.5,0.474,0.00
2026-09-30T16:39:52.314,3400,101.7,0.475,0.00
2026-09-30T16:39:52.417,3500,101.6,0.475,0.00
2026-09-30T16:39:52.514,3600,101.8,0.475,0.00
2026-09-30T16:39:52.615,3700,101.8,0.476,0.00
2026-09-30T16:39:52.720,3800,101.6,0.475,0.00
2026-09-30T16:39:52.820,3900,101.4,0.474,0.00
2026-09-30T16:39:52.915,4000,101.7,0.475,0.00
2026-09-30T16:39:53.015,4100,101.8,0.475,0.00
2026-09-30T16:39:53.116,4200,101.9,0.476,0.00
2026-09-30T16:39:53.216,4300,101.4,0.474,0.00
2026-09-30T16:39:53.316,4400,101.5,0.474,0.00
2026-09-30T16:39:53.417,4500,101.6,0.475,0.00
2026-09-30T16:39:53.516,4600,101.9,0.476,0.00
2026-09-30T16:39:53.616,4700,101.7,0.475,0.00
2026-09-30T16:39:53.717,4800,101.6,0.475,0.00
2026-09-30T16:39:53.817,4900,101.5,0.474,0.00
2026-09-30T16:39:53.917,5000,101.6,0.475,0.00
2026-09-30T16:39:54.017,5100,101.5,0.474,0.00
2026-09-30T16:39:54.117,5200,101.6,0.475,0.00
2026-09-30T16:39:54.217,5300,101.6,0.475,0.00
2026-09-30T16:39:54.317,5400,101.8,0.475,0.00
2026-09-30T16:39:54.417,5500,101.4,0.474,0.00
2026-09-30T16:39:54.517,5600,101.6,0.475,0.00
2026-09-30T16:39:54.617,5700,101.6,0.475,0.00
2026-09-30T16:39:54.718,5800,101.4,0.474,0.00
2026-09-30T16:39:54.818,5900,101.6,0.475,0.00
2026-09-30T16:39:54.918,6000,101.3,0.473,0.00
2026-09-30T16:39:55.019,6100,101.5,0.474,0.00
2026-09-30T16:39:55.118,6200,101.4,0.474,0.00
2026-09-30T16:39:55.218,6300,101.8,0.476,0.00
2026-09-30T16:39:55.313,6400,101.6,0.475,0.00
2026-09-30T16:39:55.408,6500,101.6,0.475,0.00
2026-09-30T16:39:55.508,6600,101.6,0.475,0.00
2026-09-30T16:39:55.616,6700,101.6,0.475,0.00
2026-09-30T16:39:55.713,6800,101.6,0.475,0.00
2026-09-30T16:39:55.811,6900,101.7,0.475,0.00
2026-09-30T16:39:55.908,7000,101.8,0.476,0.00
2026-09-30T16:39:56.013,7100,101.9,0.476,0.00
2026-09-30T16:39:56.110,7200,101.9,0.476,0.00
2026-09-30T16:39:56.207,7300,101.9,0.476,0.00
2026-09-30T16:39:56.313,7400,101.6,0.475,0.00
2026-09-30T16:39:56.410,7500,101.8,0.475,0.00
2026-09-30T16:39:56.516,7600,101.4,0.474,0.00
2026-09-30T16:39:56.605,7700,101.7,0.475,0.00
2026-09-30T16:39:56.714,7800,102.0,0.477,0.00
2026-09-30T16:39:56.812,7900,101.8,0.476,0.00
2026-09-30T16:39:56.910,8000,101.5,0.474,0.00
2026-09-30T16:39:57.016,8100,101.3,0.473,0.00
2026-09-30T16:39:57.115,8200,101.8,0.476,0.00
2026-09-30T16:39:57.209,8300,101.8,0.476,0.00
2026-09-30T16:39:57.311,8400,101.6,0.475,0.00
2026-09-30T16:39:57.415,8500,101.6,0.475,0.00
2026-09-30T16:39:57.506,8600,101.6,0.475,0.00
2026-09-30T16:39:57.614,8700,101.5,0.474,0.00
2026-09-30T16:39:57.711,8800,101.5,0.474,0.00
2026-09-30T16:39:57.807,8900,101.7,0.475,0.00
2026-09-30T16:39:57.913,9000,101.8,0.476,0.00
2026-09-30T16:39:58.010,9100,101.6,0.475,0.00
2026-09-30T16:39:58.107,9200,101.6,0.475,0.00
2026-09-30T16:39:58.205,9300,101.8,0.475,0.00
2026-09-30T16:39:58.313,9400,101.7,0.475,0.00
2026-09-30T16:39:58.404,9500,101.7,0.475,0.00
2026-09-30T16:39:58.513,9600,101.6,0.475,0.00
2026-09-30T16:39:58.613,9700,101.7,0.475,0.00
2026-09-30T16:39:58.713,9800,101.8,0.475,0.00
2026-09-30T16:39:58.814,9900,101.6,0.475,0.00
2026-09-30T16:39:58.909,10000,101.3,0.473,0.00
2026-09-30T16:39:59.006,10100,101.4,0.474,0.00
2026-09-30T16:39:59.111,10200,101.6,0.475,0.00
2026-09-30T16:39:59.213,10300,101.7,0.475,0.00
2026-09-30T16:39:59.312,10400,101.7,0.475,0.00
2026-09-30T16:39:59.414,10500,101.8,0.475,0.00
2026-09-30T16:39:59.513,10600,101.8,0.476,0.00
2026-09-30T16:39:59.610,10700,102.1,0.477,0.00
2026-09-30T16:39:59.706,10800,101.8,0.475,0.00
2026-09-30T16:39:59.814,10900,101.6,0.475,0.00
2026-09-30T16:39:59.911,11000,101.5,0.474,0.00
2026-09-30T16:40:00.013,11100,101.8,0.475,0.00
2026-09-30T16:40:00.103,11200,101.4,0.474,0.00
2026-09-30T16:40:00.212,11300,101.7,0.475,0.00
2026-09-30T16:40:00.312,11400,101.8,0.475,0.00
2026-09-30T16:40:00.412,11500,101.9,0.476,0.00
2026-09-30T16:40:00.513,11600,101.7,0.475,0.00
2026-09-30T16:40:00.612,11700,101.6,0.475,0.00
2026-09-30T16:40:00.709,11800,101.8,0.475,0.00
2026-09-30T16:40:00.807,11900,101.6,0.475,0.00
2026-09-30T16:40:00.904,12000,101.7,0.475,0.00
2026-09-30T16:40:01.009,12100,101.4,0.474,0.00
2026-09-30T16:40:01.108,12200,101.7,0.475,0.00
2026-09-30T16:40:01.204,12300,101.6,0.475,0.00
2026-09-30T16:40:01.310,12400,101.8,0.476,0.00
2026-09-30T16:40:01.413,12500,101.5,0.474,0.00
2026-09-30T16:40:01.512,12600,101.6,0.475,0.00
2026-09-30T16:40:01.607,12700,101.5,0.474,0.00
2026-09-30T16:40:01.703,12800,101.8,0.475,0.00
2026-09-30T16:40:01.811,12900,101.6,0.475,0.00
2026-09-30T16:40:01.900,13000,101.6,0.475,0.00
2026-09-30T16:40:02.005,13100,101.8,0.476,0.00
2026-09-30T16:40:02.110,13200,101.6,0.475,0.00
2026-09-30T16:40:02.208,13300,101.4,0.474,0.00
2026-09-30T16:40:02.310,13400,101.7,0.475,0.00
2026-09-30T16:40:02.410,13500,101.6,0.475,0.00
2026-09-30T16:40:02.509,13600,101.4,0.474,0.00
2026-09-30T16:40:02.607,13700,101.6,0.475,0.00
2026-09-30T16:40:02.710,13800,101.8,0.475,0.00
2026-09-30T16:40:02.808,13900,101.8,0.475,0.00
2026-09-30T16:40:02.906,14000,101.6,0.475,0.00
2026-09-30T16:40:03.011,14100,101.8,0.475,0.00
2026-09-30T16:40:03.106,14200,101.7,0.475,0.00
2026-09-30T16:40:03.210,14300,101.9,0.476,0.00
2026-09-30T16:40:03.311,14400,101.6,0.475,0.00
2026-09-30T16:40:03.411,14500,101.6,0.475,0.00
2026-09-30T16:40:03.503,14600,101.9,0.476,0.00
2026-09-30T16:40:03.605,14700,101.6,0.475,0.00
2026-09-30T16:40:03.703,14800,101.8,0.475,0.00
2026-09-30T16:40:03.809,14900,101.9,0.476,0.00
2026-09-30T16:40:03.907,15000,101.6,0.475,0.00
2026-09-30T16:40:04.006,15100,101.6,0.475,0.00
2026-09-30T16:40:04.103,15200,101.7,0.475,0.00
2026-09-30T16:40:04.210,15300,101.8,0.475,0.00
2026-09-30T16:40:04.307,15400,101.7,0.475,0.00
2026-09-30T16:40:04.408,15500,102.0,0.477,0.00
2026-09-30T16:40:04.505,15600,101.8,0.475,0.00
2026-09-30T16:40:04.602,15700,101.7,0.475,0.00
2026-09-30T16:40:04.708,15800,101.5,0.474,0.00
2026-09-30T16:40:04.806,15900,101.8,0.475,0.00
2026-09-30T16:40:04.902,16000,101.7,0.475,0.00
2026-09-30T16:40:05.007,16100,101.8,0.475,0.00
2026-09-30T16:40:05.096,16200,101.9,0.476,0.00
2026-09-30T16:40:05.206,16300,101.7,0.475,0.00
2026-09-30T16:40:05.294,16400,101.7,0.475,0.00
2026-09-30T16:40:05.408,16500,101.8,0.476,0.00
2026-09-30T16:40:05.506,16600,101.5,0.474,0.00
2026-09-30T16:40:05.602,16700,101.8,0.476,0.00
2026-09-30T16:40:05.704,16800,101.6,0.475,0.00
2026-09-30T16:40:05.801,16900,101.6,0.475,0.00
2026-09-30T16:40:05.907,17000,101.6,0.475,0.00
2026-09-30T16:40:06.007,17100,101.8,0.476,0.00
2026-09-30T16:40:06.108,17200,101.8,0.476,0.00
2026-09-30T16:40:06.208,17300,101.4,0.474,0.00
2026-09-30T16:40:06.308,17400,101.4,0.474,0.00
2026-09-30T16:40:06.407,17500,101.8,0.476,0.00
2026-09-30T16:40:06.508,17600,101.9,0.476,0.00
2026-09-30T16:40:06.606,17700,101.6,0.475,0.00
2026-09-30T16:40:06.705,17800,101.7,0.475,0.00
2026-09-30T16:40:06.801,17900,101.9,0.476,0.00
2026-09-30T16:40:06.901,18000,101.6,0.475,0.00
2026-09-30T16:40:06.992,18100,101.8,0.476,0.00
2026-09-30T16:40:07.106,18200,101.9,0.476,0.00
2026-09-30T16:40:07.206,18300,101.9,0.476,0.00
2026-09-30T16:40:07.299,18400,101.8,0.475,0.00
2026-09-30T16:40:07.404,18500,101.8,0.476,0.00
2026-09-30T16:40:07.505,18600,101.8,0.476,0.00
2026-09-30T16:40:07.607,18700,101.8,0.475,0.00
2026-09-30T16:40:07.705,18800,101.6,0.475,0.00
2026-09-30T16:40:07.805,18900,101.7,0.475,0.00
2026-09-30T16:40:07.906,19000,101.8,0.475,0.00
2026-09-30T16:40:08.006,19100,101.9,0.476,0.00
2026-09-30T16:40:08.104,19200,101.8,0.476,0.00
2026-09-30T16:40:08.205,19300,101.8,0.475,0.00
2026-09-30T16:40:08.306,19400,101.6,0.475,0.00
2026-09-30T16:40:08.405,19500,101.8,0.475,0.00
2026-09-30T16:40:08.504,19600,101.6,0.475,0.00
2026-09-30T16:40:08.605,19700,101.5,0.474,0.00
2026-09-30T16:40:08.704,19800,101.6,0.475,0.00
2026-09-30T16:40:08.797,19900,102.0,0.477,0.00
2026-09-30T16:40:08.906,20000,101.6,0.475,0.00
2026-09-30T16:40:08.995,20100,101.4,0.474,0.00
2026-09-30T16:40:09.105,20200,101.4,0.474,0.00
2026-09-30T16:40:09.201,20300,101.8,0.476,0.00
2026-09-30T16:40:09.302,20400,101.8,0.476,0.00
2026-09-30T16:40:09.403,20500,101.4,0.474,0.00
2026-09-30T16:40:09.504,20600,101.3,0.473,0.00
2026-09-30T16:40:09.602,20700,101.4,0.474,0.00
2026-09-30T16:40:09.704,20800,101.9,0.476,0.00
2026-09-30T16:40:09.805,20900,101.6,0.475,0.00
2026-09-30T16:40:09.900,21000,101.6,0.475,0.00
2026-09-30T16:40:09.991,21100,101.9,0.476,0.00
2026-09-30T16:40:10.105,21200,101.5,0.474,0.00
2026-09-30T16:40:10.191,21300,101.9,0.476,0.00
2026-09-30T16:40:10.289,21400,101.9,0.476,0.00
2026-09-30T16:40:10.394,21500,101.6,0.475,0.00
2026-09-30T16:40:10.499,21600,102.3,0.478,0.00
2026-09-30T16:40:10.589,21700,101.7,0.475,0.00
2026-09-30T16:40:10.703,21800,101.5,0.474,0.00
2026-09-30T16:40:10.800,21900,101.4,0.474,0.00
2026-09-30T16:40:10.903,22000,101.3,0.473,0.00
2026-09-30T16:40:11.000,22100,101.4,0.474,0.00
2026-09-30T16:40:11.101,22200,101.8,0.476,0.00
2026-09-30T16:40:11.202,22300,101.9,0.476,0.00
2026-09-30T16:40:11.302,22400,101.8,0.476,0.00
2026-09-30T16:40:11.403,22500,101.9,0.476,0.00
2026-09-30T16:40:11.503,22600,101.8,0.475,0.00
2026-09-30T16:40:11.601,22700,101.9,0.476,0.00
2026-09-30T16:40:11.701,22800,101.8,0.476,0.00
2026-09-30T16:40:11.803,22900,101.8,0.475,0.00
2026-09-30T16:40:11.902,23000,101.8,0.476,0.00
2026-09-30T16:40:12.003,23100,101.6,0.475,0.00
2026-09-30T16:40:12.100,23200,101.7,0.475,0.00
2026-09-30T16:40:12.201,23300,101.8,0.475,0.00
2026-09-30T16:40:12.301,23400,101.7,0.475,0.00
2026-09-30T16:40:12.402,23500,101.9,0.476,0.00
2026-09-30T16:40:12.500,23600,101.8,0.476,0.00
2026-09-30T16:40:12.602,23700,101.8,0.476,0.00
2026-09-30T16:40:12.701,23800,101.8,0.475,0.00
2026-09-30T16:40:12.801,23900,101.5,0.474,0.00
2026-09-30T16:40:12.902,24000,101.7,0.475,0.00
2026-09-30T16:40:13.000,24100,101.4,0.474,0.00
2026-09-30T16:40:13.100,24200,101.4,0.474,0.00
2026-09-30T16:40:13.186,24300,101.8,0.475,0.00
2026-09-30T16:40:13.297,24400,101.4,0.474,0.00
2026-09-30T16:40:13.389,24500,101.8,0.476,0.00
2026-09-30T16:40:13.501,24600,101.8,0.476,0.00
2026-09-30T16:40:13.599,24700,103.7,0.484,0.00
2026-09-30T16:40:13.689,24800,103.0,0.481,0.00
2026-09-30T16:40:13.801,24900,101.8,0.475,0.00
2026-09-30T16:40:13.897,25000,102.4,0.478,0.00
2026-09-30T16:40:13.999,25100,101.9,0.476,0.00
2026-09-30T16:40:14.100,25200,102.2,0.477,0.00
2026-09-30T16:40:14.200,25300,102.1,0.477,0.00
2026-09-30T16:40:14.298,25400,102.1,0.477,0.00
2026-09-30T16:40:14.388,25500,102.1,0.477,0.00
2026-09-30T16:40:14.485,25600,101.4,0.474,0.00
2026-09-30T16:40:14.599,25700,101.9,0.476,0.00
2026-09-30T16:40:14.697,25800,101.9,0.476,0.00
2026-09-30T16:40:14.789,25900,102.3,0.478,0.00
2026-09-30T16:40:14.886,26000,102.7,0.480,0.00
2026-09-30T16:40:14.999,26100,102.9,0.481,0.00
2026-09-30T16:40:15.098,26200,102.8,0.480,0.00
2026-09-30T16:40:15.200,26300,103.9,0.485,0.00
2026-09-30T16:40:15.298,26400,104.6,0.489,0.00
2026-09-30T16:40:15.393,26500,104.4,0.488,0.00
2026-09-30T16:40:15.498,26600,104.9,0.490,0.00
2026-09-30T16:40:15.598,26700,105.1,0.491,0.00
2026-09-30T16:40:15.692,26800,105.1,0.491,0.00
2026-09-30T16:40:15.798,26900,105.5,0.493,0.00
2026-09-30T16:40:15.887,27000,105.3,0.492,0.00
2026-09-30T16:40:15.985,27100,105.3,0.492,0.00
2026-09-30T16:40:16.099,27200,105.3,0.492,0.00
2026-09-30T16:40:16.197,27300,105.2,0.491,0.00
2026-09-30T16:40:16.298,27400,105.2,0.491,0.00
2026-09-30T16:40:16.398,27500,105.4,0.492,0.00
2026-09-30T16:40:16.486,27600,105.3,0.492,0.00
2026-09-30T16:40:16.583,27700,105.5,0.493,0.00
2026-09-30T16:40:16.687,27800,105.4,0.492,0.00
2026-09-30T16:40:16.787,27900,105.3,0.492,0.00
2026-09-30T16:40:16.888,28000,105.5,0.493,0.00
2026-09-30T16:40:16.997,28100,106.2,0.496,0.00
2026-09-30T16:40:17.087,28200,106.8,0.499,0.00
2026-09-30T16:40:17.184,28300,106.9,0.500,0.00
2026-09-30T16:40:17.289,28400,107.2,0.501,0.02
2026-09-30T16:40:17.395,28500,107.4,0.502,0.05
2026-09-30T16:40:17.486,28600,107.9,0.504,0.10
2026-09-30T16:40:17.582,28700,108.6,0.507,0.18
2026-09-30T16:40:17.687,28800,108.8,0.508,0.20
2026-09-30T16:40:17.796,28900,108.9,0.509,0.23
2026-09-30T16:40:17.884,29000,109.1,0.510,0.24
2026-09-30T16:40:17.981,29100,109.2,0.510,0.25
2026-09-30T16:40:18.086,29200,108.6,0.508,0.19
2026-09-30T16:40:18.184,29300,109.2,0.510,0.25
2026-09-30T16:40:18.283,29400,109.1,0.510,0.25
2026-09-30T16:40:18.386,29500,108.9,0.509,0.22
2026-09-30T16:40:18.492,29600,108.9,0.509,0.23
2026-09-30T16:40:18.595,29700,108.9,0.509,0.22
2026-09-30T16:40:18.683,29800,109.6,0.512,0.30
2026-09-30T16:40:18.796,29900,109.9,0.514,0.34
2026-09-30T16:40:18.885,30000,110.6,0.517,0.42
2026-09-30T16:40:18.990,30100,111.2,0.520,0.49
2026-09-30T16:40:19.086,30200,111.5,0.521,0.52
2026-09-30T16:40:19.183,30300,111.5,0.521,0.52
2026-09-30T16:40:19.281,30400,111.0,0.519,0.47
2026-09-30T16:40:19.392,30500,111.5,0.521,0.52
2026-09-30T16:40:19.494,30600,111.6,0.522,0.54
2026-09-30T16:40:19.584,30700,111.2,0.520,0.49
2026-09-30T16:40:19.694,30800,111.6,0.521,0.53
2026-09-30T16:40:19.786,30900,111.4,0.520,0.51
2026-09-30T16:40:19.884,31000,111.6,0.521,0.53
2026-09-30T16:40:19.986,31100,112.3,0.524,0.61
2026-09-30T16:40:20.086,31200,112.9,0.528,0.69
2026-09-30T16:40:20.185,31300,112.9,0.527,0.69
2026-09-30T16:40:20.283,31400,113.1,0.529,0.71
2026-09-30T16:40:20.379,31500,113.1,0.528,0.71
2026-09-30T16:40:20.492,31600,113.2,0.529,0.72
2026-09-30T16:40:20.581,31700,113.0,0.528,0.70
2026-09-30T16:40:20.680,31800,112.9,0.528,0.69
2026-09-30T16:40:20.785,31900,113.0,0.528,0.70
2026-09-30T16:40:20.883,32000,113.0,0.528,0.70
2026-09-30T16:40:20.987,32100,113.1,0.528,0.71
2026-09-30T16:40:21.085,32200,112.8,0.527,0.67
2026-09-30T16:40:21.182,32300,112.9,0.528,0.69
2026-09-30T16:40:21.280,32400,113.1,0.528,0.71
2026-09-30T16:40:21.394,32500,113.3,0.529,0.73
2026-09-30T16:40:21.491,32600,113.0,0.528,0.70
2026-09-30T16:40:21.594,32700,112.9,0.527,0.69
2026-09-30T16:40:21.684,32800,113.1,0.529,0.71
2026-09-30T16:40:21.793,32900,113.1,0.529,0.71
2026-09-30T16:40:21.890,33000,113.0,0.528,0.70
2026-09-30T16:40:21.988,33100,113.2,0.529,0.72
2026-09-30T16:40:22.084,33200,112.8,0.527,0.68
2026-09-30T16:40:22.192,33300,113.0,0.528,0.70
2026-09-30T16:40:22.284,33400,113.1,0.529,0.71
2026-09-30T16:40:22.381,33500,112.8,0.527,0.67
2026-09-30T16:40:22.485,33600,113.3,0.529,0.73
2026-09-30T16:40:22.593,33700,112.8,0.527,0.68
2026-09-30T16:40:22.677,33800,112.9,0.528,0.69
2026-09-30T16:40:22.781,33900,113.1,0.529,0.71
2026-09-30T16:40:22.893,34000,113.1,0.528,0.71
2026-09-30T16:40:22.984,34100,112.8,0.527,0.67
2026-09-30T16:40:23.089,34200,113.2,0.529,0.72
2026-09-30T16:40:23.179,34300,113.2,0.529,0.72
2026-09-30T16:40:23.277,34400,113.3,0.529,0.74
2026-09-30T16:40:23.382,34500,113.1,0.528,0.71
2026-09-30T16:40:23.484,34600,112.8,0.527,0.68
2026-09-30T16:40:23.588,34700,113.0,0.528,0.70
2026-09-30T16:40:23.678,34800,113.3,0.529,0.73
2026-09-30T16:40:23.783,34900,113.0,0.528,0.70
2026-09-30T16:40:23.881,35000,112.9,0.528,0.69
2026-09-30T16:40:23.978,35100,113.0,0.528,0.70
2026-09-30T16:40:24.083,35200,113.4,0.530,0.74
2026-09-30T16:40:24.180,35300,113.3,0.529,0.73
2026-09-30T16:40:24.278,35400,113.0,0.528,0.70
2026-09-30T16:40:24.383,35500,112.4,0.525,0.63
2026-09-30T16:40:24.490,35600,111.3,0.520,0.50
2026-09-30T16:40:24.576,35700,110.4,0.516,0.40
2026-09-30T16:40:24.688,35800,110.2,0.515,0.37
2026-09-30T16:40:24.789,35900,108.8,0.508,0.21
2026-09-30T16:40:24.883,36000,108.8,0.508,0.21
2026-09-30T16:40:24.990,36100,108.8,0.508,0.21
2026-09-30T16:40:25.076,36200,108.8,0.508,0.21
2026-09-30T16:40:25.184,36300,108.7,0.508,0.20
2026-09-30T16:40:25.281,36400,108.6,0.508,0.19
2026-09-30T16:40:25.390,36500,108.9,0.509,0.23
2026-09-30T16:40:25.489,36600,108.8,0.508,0.20
2026-09-30T16:40:25.590,36700,108.8,0.508,0.21
2026-09-30T16:40:25.679,36800,108.9,0.509,0.23
2026-09-30T16:40:25.789,36900,108.8,0.508,0.20
2026-09-30T16:40:25.879,37000,109.6,0.512,0.31
2026-09-30T16:40:25.977,37100,109.7,0.513,0.31
2026-09-30T16:40:26.082,37200,109.7,0.513,0.31
2026-09-30T16:40:26.179,37300,109.6,0.512,0.30
2026-09-30T16:40:26.288,37400,110.6,0.517,0.42
2026-09-30T16:40:26.382,37500,110.6,0.517,0.42
2026-09-30T16:40:26.487,37600,110.9,0.518,0.46
2026-09-30T16:40:26.576,37700,110.6,0.517,0.42
2026-09-30T16:40:26.676,37800,110.8,0.517,0.44
2026-09-30T16:40:26.777,37900,110.6,0.517,0.42
2026-09-30T16:40:26.880,38000,110.6,0.517,0.42
2026-09-30T16:40:26.988,38100,110.5,0.516,0.41
2026-09-30T16:40:27.088,38200,110.6,0.517,0.42
2026-09-30T16:40:27.180,38300,110.6,0.517,0.42
2026-09-30T16:40:27.277,38400,110.9,0.518,0.46
2026-09-30T16:40:27.381,38500,110.6,0.517,0.42
2026-09-30T16:40:27.483,38600,110.6,0.517,0.42
2026-09-30T16:40:27.578,38700,110.6,0.517,0.42
2026-09-30T16:40:27.681,38800,110.6,0.517,0.42
2026-09-30T16:40:27.777,38900,110.5,0.516,0.41
2026-09-30T16:40:27.883,39000,110.5,0.516,0.41
2026-09-30T16:40:27.987,39100,110.9,0.518,0.45
2026-09-30T16:40:28.086,39200,110.6,0.517,0.42
2026-09-30T16:40:28.178,39300,110.6,0.517,0.42
2026-09-30T16:40:28.279,39400,110.4,0.516,0.39
2026-09-30T16:40:28.382,39500,110.5,0.516,0.41
2026-09-30T16:40:28.479,39600,110.6,0.517,0.42
2026-09-30T16:40:28.585,39700,110.8,0.518,0.44
2026-09-30T16:40:28.679,39800,110.8,0.518,0.44
2026-09-30T16:40:28.785,39900,110.9,0.518,0.46
2026-09-30T16:40:28.885,40000,110.5,0.516,0.41
2026-09-30T16:40:28.986,40100,110.8,0.518,0.44
2026-09-30T16:40:29.085,40200,110.5,0.516,0.41
2026-09-30T16:40:29.186,40300,110.7,0.517,0.43
2026-09-30T16:40:29.281,40400,110.7,0.517,0.43
2026-09-30T16:40:29.385,40500,110.8,0.518,0.44
2026-09-30T16:40:29.481,40600,110.3,0.515,0.39
2026-09-30T16:40:29.582,40700,110.6,0.517,0.42
2026-09-30T16:40:29.682,40800,110.9,0.518,0.45
2026-09-30T16:40:29.786,40900,110.9,0.518,0.45
2026-09-30T16:40:29.882,41000,110.6,0.517,0.42
2026-09-30T16:40:29.985,41100,110.4,0.516,0.40
2026-09-30T16:40:30.083,41200,110.6,0.517,0.42
2026-09-30T16:40:30.183,41300,110.7,0.517,0.43
2026-09-30T16:40:30.285,41400,110.5,0.516,0.41
2026-09-30T16:40:30.383,41500,109.8,0.513,0.33
2026-09-30T16:40:30.485,41600,106.4,0.497,0.00
2026-09-30T16:40:30.584,41700,103.2,0.482,0.00
2026-09-30T16:40:30.684,41800,102.2,0.477,0.00
2026-09-30T16:40:30.784,41900,101.9,0.476,0.00
2026-09-30T16:40:30.884,42000,101.4,0.474,0.00
2026-09-30T16:40:30.985,42100,101.7,0.475,0.00
2026-09-30T16:40:31.072,42200,101.9,0.476,0.00
2026-09-30T16:40:31.185,42300,102.3,0.478,0.00
2026-09-30T16:40:31.276,42400,102.5,0.479,0.00
2026-09-30T16:40:31.378,42500,102.8,0.480,0.00
2026-09-30T16:40:31.475,42600,103.1,0.482,0.00
2026-09-30T16:40:31.579,42700,103.0,0.481,0.00
2026-09-30T16:40:31.679,42800,103.1,0.482,0.00
2026-09-30T16:40:31.783,42900,102.9,0.481,0.00
2026-09-30T16:40:31.874,43000,102.6,0.480,0.00
2026-09-30T16:40:31.979,43100,102.4,0.479,0.00
2026-09-30T16:40:32.076,43200,102.3,0.478,0.00
2026-09-30T16:40:32.173,43300,102.3,0.478,0.00
2026-09-30T16:40:32.279,43400,102.3,0.478,0.00
2026-09-30T16:40:32.381,43500,102.4,0.479,0.00
2026-09-30T16:40:32.484,43600,102.6,0.480,0.00
2026-09-30T16:40:32.571,43700,102.8,0.480,0.00
2026-09-30T16:40:32.676,43800,103.1,0.482,0.00
2026-09-30T16:40:32.773,43900,102.8,0.480,0.00
2026-09-30T16:40:32.878,44000,102.3,0.478,0.00
2026-09-30T16:40:32.974,44100,102.4,0.479,0.00
2026-09-30T16:40:33.079,44200,102.7,0.480,0.00
2026-09-30T16:40:33.171,44300,102.5,0.479,0.00
2026-09-30T16:40:33.272,44400,102.4,0.479,0.00
2026-09-30T16:40:33.372,44500,102.2,0.477,0.00
2026-09-30T16:40:33.481,44600,102.4,0.478,0.00
2026-09-30T16:40:33.582,44700,102.4,0.478,0.00
2026-09-30T16:40:33.682,44800,102.7,0.480,0.00
2026-09-30T16:40:33.782,44900,102.7,0.480,0.00
2026-09-30T16:40:33.871,45000,102.5,0.479,0.00
2026-09-30T16:40:33.980,45100,102.8,0.480,0.00
2026-09-30T16:40:34.075,45200,102.4,0.478,0.00
2026-09-30T16:40:34.178,45300,102.7,0.480,0.00
2026-09-30T16:40:34.276,45400,102.3,0.478,0.00
2026-09-30T16:40:34.380,45500,102.6,0.480,0.00
2026-09-30T16:40:34.477,45600,102.6,0.479,0.00
2026-09-30T16:40:34.574,45700,102.6,0.479,0.00
2026-09-30T16:40:34.670,45800,102.6,0.479,0.00
2026-09-30T16:40:34.780,45900,102.6,0.479,0.00
2026-09-30T16:40:34.879,46000,102.8,0.480,0.00
2026-09-30T16:40:34.970,46100,102.6,0.479,0.00
2026-09-30T16:40:35.072,46200,102.8,0.480,0.00
2026-09-30T16:40:35.180,46300,102.8,0.480,0.00
2026-09-30T16:40:35.280,46400,102.6,0.480,0.00
2026-09-30T16:40:35.370,46500,102.8,0.480,0.00
2026-09-30T16:40:35.480,46600,102.8,0.480,0.00
2026-09-30T16:40:35.570,46700,102.4,0.479,0.00
2026-09-30T16:40:35.672,46800,102.7,0.480,0.00
2026-09-30T16:40:35.779,46900,102.8,0.480,0.00
2026-09-30T16:40:35.872,47000,102.8,0.480,0.00
2026-09-30T16:40:35.980,47100,102.8,0.480,0.00
2026-09-30T16:40:36.069,47200,102.3,0.478,0.00
2026-09-30T16:40:36.180,47300,102.8,0.480,0.00
2026-09-30T16:40:36.280,47400,102.8,0.480,0.00
2026-09-30T16:40:36.380,47500,102.9,0.481,0.00
2026-09-30T16:40:36.477,47600,102.4,0.479,0.00
2026-09-30T16:40:36.575,47700,102.6,0.479,0.00
2026-09-30T16:40:36.679,47800,102.8,0.480,0.00
2026-09-30T16:40:36.778,47900,102.6,0.480,0.00
2026-09-30T16:40:36.878,48000,102.9,0.481,0.00
2026-09-30T16:40:36.976,48100,102.6,0.480,0.00
2026-09-30T16:40:37.072,48200,102.6,0.480,0.00
2026-09-30T16:40:37.175,48300,102.6,0.480,0.00
2026-09-30T16:40:37.276,48400,102.9,0.481,0.00
2026-09-30T16:40:37.378,48500,102.7,0.480,0.00
2026-09-30T16:40:37.479,48600,102.5,0.479,0.00
2026-09-30T16:40:37.576,48700,102.5,0.479,0.00
2026-09-30T16:40:37.673,48800,102.7,0.480,0.00
2026-09-30T16:40:37.776,48900,102.6,0.480,0.00
2026-09-30T16:40:37.875,49000,102.7,0.480,0.00
2026-09-30T16:40:37.978,49100,102.6,0.480,0.00
2026-09-30T16:40:38.075,49200,102.8,0.480,0.00
2026-09-30T16:40:38.176,49300,102.8,0.480,0.00
2026-09-30T16:40:38.275,49400,102.7,0.480,0.00
2026-09-30T16:40:38.375,49500,102.6,0.480,0.00
2026-09-30T16:40:38.475,49600,102.6,0.479,0.00
2026-09-30T16:40:38.577,49700,103.0,0.481,0.00
2026-09-30T16:40:38.676,49800,102.6,0.479,0.00
2026-09-30T16:40:38.773,49900,102.6,0.479,0.00
2026-09-30T16:40:38.870,50000,102.8,0.480,0.00
2026-09-30T16:40:38.976,50100,102.8,0.480,0.00
2026-09-30T16:40:39.070,50200,102.6,0.480,0.00
2026-09-30T16:40:39.167,50300,102.6,0.480,0.00
2026-09-30T16:40:39.275,50400,102.7,0.480,0.00
2026-09-30T16:40:39.375,50500,102.9,0.481,0.00
2026-09-30T16:40:39.472,50600,102.8,0.480,0.00
2026-09-30T16:40:39.570,50700,102.8,0.480,0.00
2026-09-30T16:40:39.677,50800,102.6,0.480,0.00
2026-09-30T16:40:39.776,50900,102.6,0.480,0.00
2026-09-30T16:40:39.876,51000,102.6,0.480,0.00
2026-09-30T16:40:39.974,51100,102.4,0.479,0.00
2026-09-30T16:40:40.071,51200,102.8,0.480,0.00
2026-09-30T16:40:40.175,51300,102.7,0.480,0.00
2026-09-30T16:40:40.267,51400,102.6,0.480,0.00
2026-09-30T16:40:40.374,51500,102.7,0.480,0.00
2026-09-30T16:40:40.467,51600,102.8,0.480,0.00
2026-09-30T16:40:40.575,51700,102.6,0.479,0.00
2026-09-30T16:40:40.674,51800,102.7,0.480,0.00
2026-09-30T16:40:40.775,51900,102.6,0.480,0.00
2026-09-30T16:40:40.870,52000,102.6,0.480,0.00
2026-09-30T16:40:40.973,52100,102.8,0.480,0.00
2026-09-30T16:40:41.067,52200,102.9,0.481,0.00
2026-09-30T16:40:41.167,52300,102.6,0.480,0.00
2026-09-30T16:40:41.274,52400,102.6,0.480,0.00
2026-09-30T16:40:41.368,52500,102.7,0.480,0.00
2026-09-30T16:40:41.475,52600,102.6,0.479,0.00
2026-09-30T16:40:41.574,52700,102.6,0.479,0.00
2026-09-30T16:40:41.665,52800,102.4,0.478,0.00
2026-09-30T16:40:41.774,52900,102.7,0.480,0.00
2026-09-30T16:40:41.872,53000,102.6,0.479,0.00
2026-09-30T16:40:41.974,53100,102.6,0.480,0.00
2026-09-30T16:40:42.074,53200,102.6,0.480,0.00
2026-09-30T16:40:42.173,53300,102.5,0.479,0.00
2026-09-30T16:40:42.273,53400,102.8,0.480,0.00
2026-09-30T16:40:42.374,53500,102.6,0.480,0.00
2026-09-30T16:40:42.473,53600,102.7,0.480,0.00
2026-09-30T16:40:42.566,53700,102.4,0.479,0.00
2026-09-30T16:40:42.674,53800,102.6,0.479,0.00
2026-09-30T16:40:42.767,53900,102.6,0.480,0.00
2026-09-30T16:40:42.866,54000,102.6,0.480,0.00
2026-09-30T16:40:42.965,54100,102.6,0.480,0.00
2026-09-30T16:40:43.071,54200,102.5,0.479,0.00
2026-09-30T16:40:43.173,54300,102.4,0.479,0.00
2026-09-30T16:40:43.272,54400,102.3,0.478,0.00
2026-09-30T16:40:43.373,54500,102.5,0.479,0.00
2026-09-30T16:40:43.466,54600,102.7,0.480,0.00
2026-09-30T16:40:43.572,54700,102.4,0.479,0.00
2026-09-30T16:40:43.671,54800,102.4,0.478,0.00
2026-09-30T16:40:43.773,54900,102.9,0.481,0.00
2026-09-30T16:40:43.865,55000,102.4,0.479,0.00
2026-09-30T16:40:43.966,55100,102.4,0.479,0.00
2026-09-30T16:40:44.073,55200,102.4,0.478,0.00
2026-09-30T16:40:44.164,55300,102.6,0.480,0.00
2026-09-30T16:40:44.269,55400,102.3,0.478,0.00
2026-09-30T16:40:44.364,55500,102.8,0.480,0.00
2026-09-30T16:40:44.465,55600,102.6,0.480,0.00
2026-09-30T16:40:44.568,55700,102.8,0.480,0.00
2026-09-30T16:40:44.665,55800,102.6,0.479,0.00
2026-09-30T16:40:44.760,55900,102.8,0.480,0.00
2026-09-30T16:40:44.865,56000,102.6,0.480,0.00
2026-09-30T16:40:44.972,56100,102.4,0.479,0.00
2026-09-30T16:40:45.071,56200,102.8,0.480,0.00
2026-09-30T16:40:45.171,56300,102.6,0.479,0.00
2026-09-30T16:40:45.271,56400,102.6,0.480,0.00
2026-09-30T16:40:45.357,56500,102.4,0.479,0.00
2026-09-30T16:40:45.456,56600,102.6,0.479,0.00
2026-09-30T16:40:45.569,56700,102.6,0.479,0.00
2026-09-30T16:40:45.671,56800,102.7,0.480,0.00
2026-09-30T16:40:45.771,56900,102.4,0.478,0.00
2026-09-30T16:40:45.870,57000,102.3,0.478,0.00
2026-09-30T16:40:45.966,57100,102.4,0.479,0.00
2026-09-30T16:40:46.063,57200,102.6,0.480,0.00
2026-09-30T16:40:46.169,57300,102.4,0.479,0.00
2026-09-30T16:40:46.268,57400,102.3,0.478,0.00
2026-09-30T16:40:46.371,57500,102.6,0.479,0.00
2026-09-30T16:40:46.464,57600,102.9,0.481,0.00
2026-09-30T16:40:46.555,57700,102.4,0.479,0.00
2026-09-30T16:40:46.656,57800,102.7,0.480,0.00
2026-09-30T16:40:46.769,57900,102.6,0.479,0.00
2026-09-30T16:40:46.865,58000,102.5,0.479,0.00
2026-09-30T16:40:46.964,58100,102.8,0.480,0.00
2026-09-30T16:40:47.065,58200,102.6,0.479,0.00
2026-09-30T16:40:47.163,58300,102.9,0.481,0.00
2026-09-30T16:40:47.267,58400,102.6,0.479,0.00
2026-09-30T16:40:47.365,58500,102.6,0.480,0.00
2026-09-30T16:40:47.469,58600,102.4,0.479,0.00
2026-09-30T16:40:47.565,58700,102.4,0.479,0.00
2026-09-30T16:40:47.663,58800,102.4,0.478,0.00
2026-09-30T16:40:47.764,58900,102.9,0.481,0.00
2026-09-30T16:40:47.868,59000,102.4,0.479,0.00
2026-09-30T16:40:47.967,59100,102.6,0.479,0.00
2026-09-30T16:40:48.066,59200,102.6,0.480,0.00
2026-09-30T16:40:48.157,59300,102.8,0.480,0.00
2026-09-30T16:40:48.254,59400,102.7,0.480,0.00
2026-09-30T16:40:48.355,59500,102.4,0.479,0.00
2026-09-30T16:40:48.468,59600,102.1,0.477,0.00
2026-09-30T16:40:48.565,59700,102.7,0.480,0.00
2026-09-30T16:40:48.663,59800,102.7,0.480,0.00
2026-09-30T16:40:48.762,59900,102.6,0.479,0.00
2026-09-30T16:40:48.863,60000,102.6,0.480,0.00
2026-09-30T16:40:48.964,60100,102.8,0.480,0.00
2026-09-30T16:40:49.068,60200,102.9,0.481,0.00
2026-09-30T16:40:49.162,60300,102.5,0.479,0.00
2026-09-30T16:40:49.267,60400,102.6,0.479,0.00
2026-09-30T16:40:49.360,60500,102.6,0.480,0.00
2026-09-30T16:40:49.467,60600,102.7,0.480,0.00
2026-09-30T16:40:49.566,60700,102.4,0.479,0.00
2026-09-30T16:40:49.660,60800,102.5,0.479,0.00
2026-09-30T16:40:49.760,60900,102.6,0.480,0.00
2026-09-30T16:40:49.863,61000,102.6,0.480,0.00
2026-09-30T16:40:49.962,61100,102.6,0.479,0.00
2026-09-30T16:40:50.062,61200,102.7,0.480,0.00
2026-09-30T16:40:50.166,61300,102.4,0.478,0.00
2026-09-30T16:40:50.265,61400,102.9,0.481,0.00
2026-09-30T16:40:50.363,61500,102.8,0.480,0.00
2026-09-30T16:40:50.463,61600,102.6,0.479,0.00
2026-09-30T16:40:50.565,61700,102.3,0.478,0.00
2026-09-30T16:40:50.664,61800,102.8,0.480,0.00
2026-09-30T16:40:50.764,61900,102.6,0.480,0.00
2026-09-30T16:40:50.864,62000,102.6,0.480,0.00
2026-09-30T16:40:50.964,62100,102.4,0.478,0.00
2026-09-30T16:40:51.067,62200,102.6,0.479,0.00
2026-09-30T16:40:51.165,62300,102.6,0.479,0.00
2026-09-30T16:40:51.265,62400,102.8,0.480,0.00
2026-09-30T16:40:51.365,62500,102.6,0.480,0.00
2026-09-30T16:40:51.464,62600,102.4,0.478,0.00
2026-09-30T16:40:51.561,62700,102.8,0.480,0.00
2026-09-30T16:40:51.665,62800,102.4,0.478,0.00
2026-09-30T16:40:51.765,62900,102.6,0.480,0.00
2026-09-30T16:40:51.863,63000,102.5,0.479,0.00
2026-09-30T16:40:51.964,63100,102.4,0.479,0.00
2026-09-30T16:40:52.062,63200,102.6,0.479,0.00
2026-09-30T16:40:52.161,63300,102.6,0.479,0.00
2026-09-30T16:40:52.264,63400,102.4,0.479,0.00
2026-09-30T16:40:52.363,63500,102.8,0.480,0.00
2026-09-30T16:40:52.464,63600,102.3,0.478,0.00
2026-09-30T16:40:52.559,63700,102.6,0.479,0.00
2026-09-30T16:40:52.664,63800,102.3,0.478,0.00
2026-09-30T16:40:52.761,63900,102.6,0.480,0.00
2026-09-30T16:40:52.850,64000,102.5,0.479,0.00
2026-09-30T16:40:52.961,64100,102.4,0.479,0.00
2026-09-30T16:40:53.060,64200,102.5,0.479,0.00
2026-09-30T16:40:53.160,64300,102.5,0.479,0.00
2026-09-30T16:40:53.260,64400,102.7,0.480,0.00
2026-09-30T16:40:53.362,64500,102.6,0.480,0.00
2026-09-30T16:40:53.460,64600,102.5,0.479,0.00
2026-09-30T16:40:53.561,64700,102.4,0.479,0.00
2026-09-30T16:40:53.660,64800,102.5,0.479,0.00
2026-09-30T16:40:53.750,64900,102.5,0.479,0.00
2026-09-30T16:40:53.852,65000,102.5,0.479,0.00
2026-09-30T16:40:53.963,65100,102.9,0.481,0.00
2026-09-30T16:40:54.055,65200,102.6,0.480,0.00
2026-09-30T16:40:54.151,65300,102.8,0.480,0.00
2026-09-30T16:40:54.251,65400,102.5,0.479,0.00
2026-09-30T16:40:54.360,65500,102.5,0.479,0.00
2026-09-30T16:40:54.453,65600,102.4,0.479,0.00
2026-09-30T16:40:54.552,65700,102.8,0.480,0.00
2026-09-30T16:40:54.647,65800,102.6,0.480,0.00
2026-09-30T16:40:54.760,65900,102.5,0.479,0.00
2026-09-30T16:40:54.861,66000,102.8,0.480,0.00
2026-09-30T16:40:54.959,66100,102.5,0.479,0.00
2026-09-30T16:40:55.060,66200,102.6,0.479,0.00
2026-09-30T16:40:55.159,66300,102.5,0.479,0.00
2026-09-30T16:40:55.259,66400,102.7,0.480,0.00
2026-09-30T16:40:55.361,66500,102.6,0.479,0.00
2026-09-30T16:40:55.450,66600,102.4,0.479,0.00
2026-09-30T16:40:55.547,66700,102.4,0.478,0.00
2026-09-30T16:40:55.661,66800,102.5,0.479,0.00
2026-09-30T16:40:55.760,66900,102.4,0.479,0.00
2026-09-30T16:40:55.858,67000,102.5,0.479,0.00
2026-09-30T16:40:55.960,67100,102.4,0.479,0.00
2026-09-30T16:40:56.060,67200,102.3,0.478,0.00
2026-09-30T16:40:56.157,67300,102.4,0.479,0.00
2026-09-30T16:40:56.258,67400,102.5,0.479,0.00
2026-09-30T16:40:56.351,67500,102.4,0.479,0.00
2026-09-30T16:40:56.459,67600,102.8,0.480,0.00
2026-09-30T16:40:56.549,67700,106.1,0.496,0.00
2026-09-30T16:40:56.659,67800,106.5,0.498,0.00
2026-09-30T16:40:56.757,67900,103.8,0.485,0.00
2026-09-30T16:40:56.847,68000,102.2,0.477,0.00
2026-09-30T16:40:56.944,68100,101.8,0.475,0.00
2026-09-30T16:40:57.060,68200,101.3,0.473,0.00
2026-09-30T16:40:57.154,68300,101.4,0.474,0.00
2026-09-30T16:40:57.248,68400,102.1,0.477,0.00
2026-09-30T16:40:57.359,68500,102.4,0.478,0.00
2026-09-30T16:40:57.455,68600,102.8,0.480,0.00
2026-09-30T16:40:57.559,68700,103.0,0.481,0.00
2026-09-30T16:40:57.647,68800,102.9,0.481,0.00
2026-09-30T16:40:57.747,68900,102.7,0.480,0.00
2026-09-30T16:40:57.859,69000,102.3,0.478,0.00
2026-09-30T16:40:57.959,69100,101.9,0.476,0.00
2026-09-30T16:40:58.059,69200,101.9,0.476,0.00
2026-09-30T16:40:58.151,69300,102.0,0.477,0.00
2026-09-30T16:40:58.259,69400,102.3,0.478,0.00
2026-09-30T16:40:58.359,69500,102.2,0.477,0.00
2026-09-30T16:40:58.451,69600,102.3,0.478,0.00
2026-09-30T16:40:58.558,69700,102.6,0.480,0.00
2026-09-30T16:40:58.657,69800,102.8,0.480,0.00
2026-09-30T16:40:58.755,69900,102.5,0.479,0.00
2026-09-30T16:40:58.848,70000,102.6,0.479,0.00
2026-09-30T16:40:58.958,70100,102.3,0.478,0.00
2026-09-30T16:40:59.056,70200,102.3,0.478,0.00
2026-09-30T16:40:59.149,70300,102.2,0.477,0.00
2026-09-30T16:40:59.247,70400,102.4,0.479,0.00
2026-09-30T16:40:59.350,70500,102.1,0.477,0.00
2026-09-30T16:40:59.448,70600,102.5,0.479,0.00
2026-09-30T16:40:59.557,70700,102.5,0.479,0.00
2026-09-30T16:40:59.657,70800,102.3,0.478,0.00
2026-09-30T16:40:59.756,70900,102.6,0.480,0.00
2026-09-30T16:40:59.846,71000,102.6,0.479,0.00
2026-09-30T16:40:59.956,71100,102.6,0.480,0.00
2026-09-30T16:41:00.048,71200,102.6,0.479,0.00
2026-09-30T16:41:00.156,71300,102.6,0.479,0.00
2026-09-30T16:41:00.243,71400,102.7,0.480,0.00
2026-09-30T16:41:00.344,71500,102.6,0.479,0.00
2026-09-30T16:41:00.448,71600,102.4,0.479,0.00
2026-09-30T16:41:00.556,71700,102.7,0.480,0.00
2026-09-30T16:41:00.647,71800,102.4,0.479,0.00
2026-09-30T16:41:00.751,71900,102.6,0.480,0.00
2026-09-30T16:41:00.857,72000,102.6,0.480,0.00
2026-09-30T16:41:00.942,72100,102.8,0.480,0.00
2026-09-30T16:41:01.055,72200,102.5,0.479,0.00
2026-09-30T16:41:01.155,72300,102.6,0.480,0.00
2026-09-30T16:41:01.256,72400,102.4,0.478,0.00
2026-09-30T16:41:01.348,72500,102.3,0.478,0.00
2026-09-30T16:41:01.455,72600,102.6,0.480,0.00
2026-09-30T16:41:01.546,72700,102.4,0.478,0.00
2026-09-30T16:41:01.655,72800,102.6,0.479,0.00
2026-09-30T16:41:01.757,72900,102.5,0.479,0.00
2026-09-30T16:41:01.856,73000,102.5,0.479,0.00
2026-09-30T16:41:01.947,73100,102.6,0.480,0.00
2026-09-30T16:41:02.055,73200,102.6,0.480,0.00
2026-09-30T16:41:02.145,73300,102.5,0.479,0.00
2026-09-30T16:41:02.251,73400,102.6,0.479,0.00
2026-09-30T16:41:02.347,73500,102.6,0.479,0.00
2026-09-30T16:41:02.453,73600,102.9,0.481,0.00
2026-09-30T16:41:02.547,73700,102.6,0.480,0.00
2026-09-30T16:41:02.651,73800,102.3,0.478,0.00
2026-09-30T16:41:02.754,73900,102.7,0.480,0.00
2026-09-30T16:41:02.856,74000,102.5,0.479,0.00
2026-09-30T16:41:02.947,74100,102.6,0.479,0.00
2026-09-30T16:41:03.039,74200,102.8,0.480,0.00
2026-09-30T16:41:03.154,74300,102.3,0.478,0.00
2026-09-30T16:41:03.241,74400,102.8,0.480,0.00
2026-09-30T16:41:03.352,74500,102.4,0.478,0.00
2026-09-30T16:41:03.453,74600,102.5,0.479,0.00
2026-09-30T16:41:03.547,74700,102.5,0.479,0.00
2026-09-30T16:41:03.645,74800,102.4,0.479,0.00
2026-09-30T16:41:03.744,74900,102.8,0.480,0.00
2026-09-30T16:41:03.839,75000,102.6,0.480,0.00
2026-09-30T16:41:03.950,75100,102.4,0.478,0.00
2026-09-30T16:41:04.052,75200,102.5,0.479,0.00
2026-09-30T16:41:04.145,75300,102.5,0.479,0.00
2026-09-30T16:41:04.252,75400,102.2,0.477,0.00
2026-09-30T16:41:04.346,75500,102.6,0.480,0.00
2026-09-30T16:41:04.453,75600,102.5,0.479,0.00
2026-09-30T16:41:04.546,75700,102.7,0.480,0.00
2026-09-30T16:41:04.644,75800,102.4,0.478,0.00
2026-09-30T16:41:04.751,75900,102.6,0.479,0.00
2026-09-30T16:41:04.837,76000,102.7,0.480,0.00
2026-09-30T16:41:04.952,76100,102.6,0.479,0.00
2026-09-30T16:41:05.040,76200,102.3,0.478,0.00
2026-09-30T16:41:05.140,76300,102.8,0.480,0.00
2026-09-30T16:41:05.245,76400,102.8,0.480,0.00
2026-09-30T16:41:05.339,76500,102.4,0.479,0.00
2026-09-30T16:41:05.440,76600,102.6,0.479,0.00
2026-09-30T16:41:05.552,76700,102.6,0.479,0.00
2026-09-30T16:41:05.641,76800,102.3,0.478,0.00
2026-09-30T16:41:05.751,76900,102.6,0.480,0.00
2026-09-30T16:41:05.852,77000,102.6,0.479,0.00
2026-09-30T16:41:05.942,77100,102.3,0.478,0.00
2026-09-30T16:41:06.051,77200,102.6,0.479,0.00
2026-09-30T16:41:06.145,77300,102.6,0.480,0.00
2026-09-30T16:41:06.242,77400,102.5,0.479,0.00
2026-09-30T16:41:06.345,77500,102.4,0.479,0.00
2026-09-30T16:41:06.437,77600,102.6,0.479,0.00
2026-09-30T16:41:06.541,77700,102.4,0.479,0.00
2026-09-30T16:41:06.650,77800,102.5,0.479,0.00
2026-09-30T16:41:06.750,77900,102.4,0.479,0.00
2026-09-30T16:41:06.847,78000,102.4,0.478,0.00
2026-09-30T16:41:06.950,78100,102.7,0.480,0.00
2026-09-30T16:41:07.038,78200,102.7,0.480,0.00
2026-09-30T16:41:07.140,78300,102.2,0.477,0.00
2026-09-30T16:41:07.245,78400,102.4,0.478,0.00
2026-09-30T16:41:07.345,78500,102.4,0.478,0.00
2026-09-30T16:41:07.444,78600,102.4,0.478,0.00
2026-09-30T16:41:07.538,78700,102.5,0.479,0.00
2026-09-30T16:41:07.644,78800,102.3,0.478,0.00
2026-09-30T16:41:07.741,78900,102.4,0.479,0.00
2026-09-30T16:41:07.846,79000,102.4,0.478,0.00
2026-09-30T16:41:07.945,79100,102.5,0.479,0.00
2026-09-30T16:41:08.049,79200,102.4,0.479,0.00
2026-09-30T16:41:08.148,79300,102.5,0.479,0.00
2026-09-30T16:41:08.249,79400,102.3,0.478,0.00
2026-09-30T16:41:08.344,79500,102.5,0.479,0.00
2026-09-30T16:41:08.444,79600,102.6,0.479,0.00
2026-09-30T16:41:08.548,79700,102.6,0.479,0.00
2026-09-30T16:41:08.645,79800,102.7,0.480,0.00
2026-09-30T16:41:08.745,79900,102.6,0.479,0.00
2026-09-30T16:41:08.845,80000,102.4,0.479,0.00
2026-09-30T16:41:08.945,80100,102.5,0.479,0.00
2026-09-30T16:41:09.046,80200,102.4,0.479,0.00
2026-09-30T16:41:09.147,80300,102.6,0.479,0.00
2026-09-30T16:41:09.248,80400,102.3,0.478,0.00
2026-09-30T16:41:09.348,80500,102.4,0.478,0.00
2026-09-30T16:41:09.448,80600,102.5,0.479,0.00
2026-09-30T16:41:09.548,80700,102.6,0.479,0.00
2026-09-30T16:41:09.648,80800,102.4,0.479,0.00
2026-09-30T16:41:09.748,80900,102.7,0.480,0.00
2026-09-30T16:41:09.848,81000,102.5,0.479,0.00
2026-09-30T16:41:09.949,81100,102.4,0.478,0.00
2026-09-30T16:41:10.040,81200,102.3,0.478,0.00
2026-09-30T16:41:10.140,81300,102.6,0.479,0.00
2026-09-30T16:41:10.239,81400,102.3,0.478,0.00
2026-09-30T16:41:10.347,81500,102.6,0.479,0.00
2026-09-30T16:41:10.443,81600,102.5,0.479,0.00
2026-09-30T16:41:10.535,81700,102.4,0.479,0.00
2026-09-30T16:41:10.637,81800,102.5,0.479,0.00
2026-09-30T16:41:10.735,81900,102.6,0.479,0.00
2026-09-30T16:41:10.847,82000,102.7,0.480,0.00
2026-09-30T16:41:10.943,82100,102.5,0.479,0.00
2026-09-30T16:41:11.046,82200,102.3,0.478,0.00
2026-09-30T16:41:11.146,82300,102.6,0.479,0.00
2026-09-30T16:41:11.246,82400,102.3,0.478,0.00
2026-09-30T16:41:11.335,82500,102.6,0.479,0.00
2026-09-30T16:41:11.446,82600,102.3,0.478,0.00
2026-09-30T16:41:11.545,82700,102.3,0.478,0.00
2026-09-30T16:41:11.635,82800,102.4,0.479,0.00
2026-09-30T16:41:11.736,82900,102.3,0.478,0.00
2026-09-30T16:41:11.838,83000,102.7,0.480,0.00
2026-09-30T16:41:11.941,83100,102.4,0.478,0.00
2026-09-30T16:41:12.043,83200,102.4,0.478,0.00
2026-09-30T16:41:12.140,83300,102.6,0.480,0.00
2026-09-30T16:41:12.237,83400,102.5,0.479,0.00
2026-09-30T16:41:12.336,83500,102.5,0.479,0.00
2026-09-30T16:41:12.439,83600,102.4,0.479,0.00
2026-09-30T16:41:12.545,83700,102.3,0.478,0.00
2026-09-30T16:41:12.636,83800,102.4,0.478,0.00
2026-09-30T16:41:12.744,83900,102.4,0.479,0.00
2026-09-30T16:41:12.840,84000,102.4,0.479,0.00
2026-09-30T16:41:12.929,84100,102.3,0.478,0.00
2026-09-30T16:41:13.034,84200,102.4,0.478,0.00
2026-09-30T16:41:13.141,84300,102.7,0.480,0.00
2026-09-30T16:41:13.243,84400,102.5,0.479,0.00
2026-09-30T16:41:13.344,84500,102.7,0.480,0.00
2026-09-30T16:41:13.444,84600,102.3,0.478,0.00
2026-09-30T16:41:13.543,84700,102.3,0.478,0.00
2026-09-30T16:41:13.641,84800,102.8,0.480,0.00
2026-09-30T16:41:13.740,84900,102.4,0.479,0.00
2026-09-30T16:41:13.839,85000,102.3,0.478,0.00
2026-09-30T16:41:13.942,85100,102.3,0.478,0.00
2026-09-30T16:41:14.040,85200,102.2,0.477,0.00
2026-09-30T16:41:14.140,85300,102.3,0.478,0.00
2026-09-30T16:41:14.235,85400,102.3,0.478,0.00
2026-09-30T16:41:14.336,85500,102.3,0.478,0.00
2026-09-30T16:41:14.434,85600,102.2,0.477,0.00
2026-09-30T16:41:14.540,85700,102.4,0.478,0.00
2026-09-30T16:41:14.633,85800,102.4,0.479,0.00
2026-09-30T16:41:14.732,85900,102.6,0.479,0.00
2026-09-30T16:41:14.833,86000,102.4,0.478,0.00
2026-09-30T16:41:14.943,86100,102.5,0.479,0.00
2026-09-30T16:41:15.042,86200,102.7,0.480,0.00
2026-09-30T16:41:15.136,86300,102.7,0.480,0.00
2026-09-30T16:41:15.240,86400,102.3,0.478,0.00
2026-09-30T16:41:15.338,86500,102.6,0.480,0.00
2026-09-30T16:41:15.432,86600,102.7,0.480,0.00
2026-09-30T16:41:15.536,86700,102.4,0.479,0.00
2026-09-30T16:41:15.632,86800,102.3,0.478,0.00
2026-09-30T16:41:15.731,86900,102.3,0.478,0.00
2026-09-30T16:41:15.841,87000,102.3,0.478,0.00
2026-09-30T16:41:15.941,87100,102.3,0.478,0.00
2026-09-30T16:41:16.037,87200,102.6,0.480,0.00
2026-09-30T16:41:16.141,87300,102.4,0.478,0.00
2026-09-30T16:41:16.232,87400,102.4,0.479,0.00
2026-09-30T16:41:16.338,87500,102.4,0.478,0.00
2026-09-30T16:41:16.439,87600,102.6,0.480,0.00
2026-09-30T16:41:16.536,87700,102.6,0.480,0.00
2026-09-30T16:41:16.637,87800,102.1,0.477,0.00
2026-09-30T16:41:16.736,87900,102.1,0.477,0.00
2026-09-30T16:41:16.837,88000,102.5,0.479,0.00
2026-09-30T16:41:16.932,88100,102.4,0.479,0.00
2026-09-30T16:41:17.041,88200,102.3,0.478,0.00
2026-09-30T16:41:17.135,88300,102.4,0.478,0.00
2026-09-30T16:41:17.235,88400,102.4,0.479,0.00
2026-09-30T16:41:17.339,88500,102.2,0.477,0.00
2026-09-30T16:41:17.433,88600,102.4,0.479,0.00
2026-09-30T16:41:17.531,88700,102.4,0.478,0.00
2026-09-30T16:41:17.635,88800,102.3,0.478,0.00
2026-09-30T16:41:17.740,88900,102.4,0.479,0.00
2026-09-30T16:41:17.837,89000,102.6,0.479,0.00
2026-09-30T16:41:17.931,89100,102.2,0.477,0.00
2026-09-30T16:41:18.040,89200,102.4,0.478,0.00
2026-09-30T16:41:18.140,89300,102.0,0.477,0.00
2026-09-30T16:41:18.234,89400,102.6,0.479,0.00
2026-09-30T16:41:18.340,89500,102.4,0.479,0.00
2026-09-30T16:41:18.439,89600,102.3,0.478,0.00
2026-09-30T16:41:18.539,89700,102.4,0.478,0.00
2026-09-30T16:41:18.630,89800,102.3,0.478,0.00
2026-09-30T16:41:18.734,89900,102.4,0.478,0.00
2026-09-30T16:41:18.839,90000,102.6,0.480,0.00
2026-09-30T16:41:18.930,90100,102.3,0.478,0.00
2026-09-30T16:41:19.037,90200,102.5,0.479,0.00
2026-09-30T16:41:19.139,90300,102.2,0.477,0.00
2026-09-30T16:41:19.236,90400,102.2,0.477,0.00
2026-09-30T16:41:19.339,90500,102.3,0.478,0.00
2026-09-30T16:41:19.437,90600,102.4,0.479,0.00
2026-09-30T16:41:19.538,90700,102.1,0.477,0.00
2026-09-30T16:41:19.637,90800,102.1,0.477,0.00
2026-09-30T16:41:19.738,90900,102.5,0.479,0.00
2026-09-30T16:41:19.837,91000,102.3,0.478,0.00
2026-09-30T16:41:19.930,91100,102.7,0.480,0.00
2026-09-30T16:41:20.037,91200,102.3,0.478,0.00
2026-09-30T16:41:20.136,91300,102.3,0.478,0.00
2026-09-30T16:41:20.237,91400,102.6,0.479,0.00
2026-09-30T16:41:20.337,91500,102.5,0.479,0.00
2026-09-30T16:41:20.430,91600,102.3,0.478,0.00
2026-09-30T16:41:20.537,91700,102.3,0.478,0.00
2026-09-30T16:41:20.638,91800,102.4,0.478,0.00
2026-09-30T16:41:20.733,91900,102.5,0.479,0.00
2026-09-30T16:41:20.838,92000,102.4,0.479,0.00
2026-09-30T16:41:20.936,92100,102.3,0.478,0.00
2026-09-30T16:41:21.032,92200,102.7,0.480,0.00
2026-09-30T16:41:21.136,92300,102.4,0.478,0.00
2026-09-30T16:41:21.232,92400,102.3,0.478,0.00
2026-09-30T16:41:21.336,92500,102.1,0.477,0.00
2026-09-30T16:41:21.436,92600,102.4,0.478,0.00
2026-09-30T16:41:21.535,92700,102.5,0.479,0.00
2026-09-30T16:41:21.625,92800,102.4,0.478,0.00
2026-09-30T16:41:21.729,92900,102.3,0.478,0.00
2026-09-30T16:41:21.829,93000,102.5,0.479,0.00
2026-09-30T16:41:21.927,93100,102.4,0.478,0.00
2026-09-30T16:41:22.036,93200,102.2,0.477,0.00
2026-09-30T16:41:22.136,93300,102.5,0.479,0.00
2026-09-30T16:41:22.236,93400,102.4,0.478,0.00
2026-09-30T16:41:22.335,93500,102.4,0.478,0.00
2026-09-30T16:41:22.436,93600,102.3,0.478,0.00
2026-09-30T16:41:22.529,93700,102.4,0.479,0.00
2026-09-30T16:41:22.634,93800,102.4,0.478,0.00
2026-09-30T16:41:22.736,93900,102.1,0.477,0.00
2026-09-30T16:41:22.835,94000,102.1,0.477,0.00
2026-09-30T16:41:22.935,94100,102.6,0.479,0.00
2026-09-30T16:41:23.035,94200,102.4,0.478,0.00
2026-09-30T16:41:23.135,94300,102.2,0.477,0.00
2026-09-30T16:41:23.235,94400,102.2,0.477,0.00
2026-09-30T16:41:23.331,94500,102.4,0.478,0.00
2026-09-30T16:41:23.427,94600,102.2,0.477,0.00
2026-09-30T16:41:23.534,94700,102.5,0.479,0.00
2026-09-30T16:41:23.628,94800,102.3,0.478,0.00
2026-09-30T16:41:23.730,94900,101.9,0.476,0.00
2026-09-30T16:41:23.831,95000,102.3,0.478,0.00
2026-09-30T16:41:23.934,95100,102.4,0.479,0.00
2026-09-30T16:41:24.034,95200,102.3,0.478,0.00
2026-09-30T16:41:24.131,95300,102.4,0.478,0.00
2026-09-30T16:41:24.228,95400,102.3,0.478,0.00
2026-09-30T16:41:24.328,95500,102.1,0.477,0.00
2026-09-30T16:41:24.426,95600,102.1,0.477,0.00
2026-09-30T16:41:24.534,95700,102.4,0.478,0.00
2026-09-30T16:41:24.628,95800,102.6,0.480,0.00
2026-09-30T16:41:24.735,95900,102.4,0.479,0.00
2026-09-30T16:41:24.819,96000,102.4,0.478,0.00
2026-09-30T16:41:24.932,96100,102.3,0.478,0.00
2026-09-30T16:41:25.019,96200,102.5,0.479,0.00
2026-09-30T16:41:25.123,96300,102.2,0.477,0.00
2026-09-30T16:41:25.228,96400,102.3,0.478,0.00
2026-09-30T16:41:25.333,96500,102.4,0.479,0.00
2026-09-30T16:41:25.426,96600,102.4,0.479,0.00
2026-09-30T16:41:25.525,96700,102.2,0.477,0.00
2026-09-30T16:41:25.632,96800,102.3,0.478,0.00
2026-09-30T16:41:25.727,96900,102.1,0.477,0.00
2026-09-30T16:41:25.826,97000,102.5,0.479,0.00
2026-09-30T16:41:25.926,97100,102.1,0.477,0.00
2026-09-30T16:41:26.027,97200,102.2,0.477,0.00
2026-09-30T16:41:26.128,97300,102.3,0.478,0.00
2026-09-30T16:41:26.227,97400,102.4,0.479,0.00
2026-09-30T16:41:26.331,97500,102.1,0.477,0.00
2026-09-30T16:41:26.427,97600,102.1,0.477,0.00
2026-09-30T16:41:26.527,97700,102.3,0.478,0.00
2026-09-30T16:41:26.631,97800,102.2,0.477,0.00
2026-09-30T16:41:26.727,97900,102.5,0.479,0.00
2026-09-30T16:41:26.827,98000,102.4,0.479,0.00
2026-09-30T16:41:26.927,98100,102.5,0.479,0.00
2026-09-30T16:41:27.031,98200,102.1,0.477,0.00
2026-09-30T16:41:27.132,98300,102.1,0.477,0.00
2026-09-30T16:41:27.228,98400,102.4,0.479,0.00
2026-09-30T16:41:27.328,98500,102.3,0.478,0.00
2026-09-30T16:41:27.431,98600,102.2,0.477,0.00
2026-09-30T16:41:27.530,98700,102.1,0.477,0.00
2026-09-30T16:41:27.630,98800,102.3,0.478,0.00
2026-09-30T16:41:27.730,98900,102.3,0.478,0.00
2026-09-30T16:41:27.831,99000,102.6,0.479,0.00
2026-09-30T16:41:27.930,99100,102.4,0.479,0.00
2026-09-30T16:41:28.031,99200,102.1,0.477,0.00
2026-09-30T16:41:28.129,99300,102.3,0.478,0.00
2026-09-30T16:41:28.224,99400,102.4,0.479,0.00
2026-09-30T16:41:28.324,99500,102.2,0.477,0.00
2026-09-30T16:41:28.429,99600,102.3,0.478,0.00
2026-09-30T16:41:28.517,99700,102.3,0.478,0.00
2026-09-30T16:41:28.617,99800,102.4,0.479,0.00
2026-09-30T16:41:28.724,99900,102.3,0.478,0.00
2026-09-30T16:41:28.823,100000,102.1,0.477,0.00
2026-09-30T16:41:28.929,100100,102.4,0.479,0.00
2026-09-30T16:41:29.029,100200,102.3,0.478,0.00
2026-09-30T16:41:29.128,100300,102.3,0.478,0.00
2026-09-30T16:41:29.216,100400,102.6,0.479,0.00
2026-09-30T16:41:29.326,100500,102.6,0.479,0.00
2026-09-30T16:41:29.425,100600,102.5,0.479,0.00
2026-09-30T16:41:29.524,100700,102.3,0.478,0.00
2026-09-30T16:41:29.625,100800,102.3,0.478,0.00
2026-09-30T16:41:29.724,100900,102.3,0.478,0.00
2026-09-30T16:41:29.814,101000,102.4,0.478,0.00
2026-09-30T16:41:29.924,101100,101.9,0.476,0.00
2026-09-30T16:41:30.029,101200,102.3,0.478,0.00
2026-09-30T16:41:30.127,101300,102.5,0.479,0.00
2026-09-30T16:41:30.217,101400,102.3,0.478,0.00
2026-09-30T16:41:30.318,101500,102.0,0.477,0.00
2026-09-30T16:41:30.428,101600,102.3,0.478,0.00
2026-09-30T16:41:30.525,101700,102.4,0.478,0.00
2026-09-30T16:41:30.628,101800,102.4,0.478,0.00
2026-09-30T16:41:30.723,101900,102.5,0.479,0.00
2026-09-30T16:41:30.823,102000,102.4,0.478,0.00
2026-09-30T16:41:30.928,102100,102.4,0.479,0.00
2026-09-30T16:41:31.027,102200,102.3,0.478,0.00
2026-09-30T16:41:31.127,102300,102.5,0.479,0.00
2026-09-30T16:41:31.222,102400,102.4,0.478,0.00
2026-09-30T16:41:31.324,102500,102.4,0.479,0.00
2026-09-30T16:41:31.423,102600,102.3,0.478,0.00
2026-09-30T16:41:31.521,102700,102.4,0.478,0.00
2026-09-30T16:41:31.615,102800,102.4,0.479,0.00
2026-09-30T16:41:31.714,102900,102.2,0.477,0.00
2026-09-30T16:41:31.823,103000,102.1,0.477,0.00
2026-09-30T16:41:31.923,103100,102.6,0.479,0.00
2026-09-30T16:41:32.022,103200,102.1,0.477,0.00
2026-09-30T16:41:32.126,103300,102.7,0.480,0.00
2026-09-30T16:41:32.223,103400,102.1,0.477,0.00
2026-09-30T16:41:32.313,103500,102.3,0.478,0.00
2026-09-30T16:41:32.411,103600,102.2,0.477,0.00
2026-09-30T16:41:32.526,103700,102.4,0.479,0.00
2026-09-30T16:41:32.624,103800,102.4,0.478,0.00
2026-09-30T16:41:32.722,103900,102.4,0.479,0.00
2026-09-30T16:41:32.824,104000,102.2,0.477,0.00
2026-09-30T16:41:32.925,104100,102.4,0.479,0.00
2026-09-30T16:41:33.024,104200,102.3,0.478,0.00
2026-09-30T16:41:33.124,104300,102.4,0.479,0.00
2026-09-30T16:41:33.225,104400,101.9,0.476,0.00
2026-09-30T16:41:33.321,104500,102.3,0.478,0.00
2026-09-30T16:41:33.423,104600,102.5,0.479,0.00
2026-09-30T16:41:33.512,104700,102.7,0.480,0.00
2026-09-30T16:41:33.622,104800,102.2,0.477,0.00
2026-09-30T16:41:33.714,104900,102.3,0.478,0.00
2026-09-30T16:41:33.825,105000,102.3,0.478,0.00
2026-09-30T16:41:33.914,105100,102.2,0.477,0.00
2026-09-30T16:41:34.014,105200,102.7,0.480,0.00
2026-09-30T16:41:34.121,105300,102.1,0.477,0.00
2026-09-30T16:41:34.210,105400,102.1,0.477,0.00
2026-09-30T16:41:34.325,105500,102.3,0.478,0.00
2026-09-30T16:41:34.410,105600,102.4,0.479,0.00
2026-09-30T16:41:34.524,105700,102.4,0.478,0.00
2026-09-30T16:41:34.624,105800,102.3,0.478,0.00
2026-09-30T16:41:34.716,105900,102.4,0.478,0.00
2026-09-30T16:41:34.810,106000,102.4,0.478,0.00
2026-09-30T16:41:34.925,106100,102.4,0.479,0.00
2026-09-30T16:41:35.011,106200,102.6,0.479,0.00
2026-09-30T16:41:35.123,106300,102.1,0.477,0.00
2026-09-30T16:41:35.222,106400,102.5,0.479,0.00
2026-09-30T16:41:35.313,106500,102.3,0.478,0.00
2026-09-30T16:41:35.421,106600,102.3,0.478,0.00
2026-09-30T16:41:35.520,106700,102.5,0.479,0.00
2026-09-30T16:41:35.622,106800,102.4,0.478,0.00
2026-09-30T16:41:35.718,106900,102.5,0.479,0.00
2026-09-30T16:41:35.823,107000,102.3,0.478,0.00
2026-09-30T16:41:35.913,107100,102.4,0.478,0.00
2026-09-30T16:41:36.015,107200,102.1,0.477,0.00
2026-09-30T16:41:36.119,107300,102.6,0.479,0.00
2026-09-30T16:41:36.222,107400,102.4,0.478,0.00
2026-09-30T16:41:36.323,107500,102.4,0.479,0.00
2026-09-30T16:41:36.422,107600,102.3,0.478,0.00
2026-09-30T16:41:36.522,107700,102.1,0.477,0.00
2026-09-30T16:41:36.615,107800,102.1,0.477,0.00
2026-09-30T16:41:36.713,107900,102.5,0.479,0.00
2026-09-30T16:41:36.822,108000,102.1,0.477,0.00
2026-09-30T16:41:36.922,108100,102.3,0.478,0.00
2026-09-30T16:41:37.021,108200,102.3,0.478,0.00
2026-09-30T16:41:37.108,108300,102.3,0.478,0.00
2026-09-30T16:41:37.212,108400,102.2,0.477,0.00
2026-09-30T16:41:37.317,108500,102.3,0.478,0.00
2026-09-30T16:41:37.421,108600,102.1,0.477,0.00
2026-09-30T16:41:37.511,108700,102.3,0.478,0.00
2026-09-30T16:41:37.620,108800,102.3,0.478,0.00
2026-09-30T16:41:37.719,108900,102.4,0.478,0.00
2026-09-30T16:41:37.821,109000,102.4,0.478,0.00
2026-09-30T16:41:37.910,109100,102.0,0.477,0.00
2026-09-30T16:41:38.010,109200,102.3,0.478,0.00
2026-09-30T16:41:38.111,109300,102.4,0.478,0.00
2026-09-30T16:41:38.213,109400,102.4,0.479,0.00
2026-09-30T16:41:38.321,109500,102.3,0.478,0.00
2026-09-30T16:41:38.412,109600,102.4,0.478,0.00
2026-09-30T16:41:38.520,109700,102.0,0.477,0.00
2026-09-30T16:41:38.621,109800,102.3,0.478,0.00
2026-09-30T16:41:38.720,109900,102.4,0.478,0.00
2026-09-30T16:41:38.820,110000,101.7,0.475,0.00
2026-09-30T16:41:38.920,110100,102.5,0.479,0.00
2026-09-30T16:41:39.012,110200,102.4,0.479,0.00
2026-09-30T16:41:39.121,110300,102.5,0.479,0.00
2026-09-30T16:41:39.218,110400,102.5,0.479,0.00
2026-09-30T16:41:39.308,110500,102.1,0.477,0.00
2026-09-30T16:41:39.419,110600,102.4,0.478,0.00
2026-09-30T16:41:39.519,110700,102.2,0.477,0.00
2026-09-30T16:41:39.620,110800,102.2,0.477,0.00
2026-09-30T16:41:39.715,110900,102.3,0.478,0.00
2026-09-30T16:41:39.812,111000,102.3,0.478,0.00
2026-09-30T16:41:39.920,111100,102.3,0.478,0.00
2026-09-30T16:41:40.006,111200,102.3,0.478,0.00
2026-09-30T16:41:40.119,111300,102.2,0.477,0.00
2026-09-30T16:41:40.208,111400,102.3,0.478,0.00
2026-09-30T16:41:40.318,111500,102.2,0.477,0.00
2026-09-30T16:41:40.420,111600,102.4,0.479,0.00
2026-09-30T16:41:40.518,111700,102.6,0.479,0.00
2026-09-30T16:41:40.618,111800,102.2,0.477,0.00
2026-09-30T16:41:40.705,111900,102.6,0.479,0.00
2026-09-30T16:41:40.805,112000,102.3,0.478,0.00
2026-09-30T16:41:40.920,112100,102.6,0.479,0.00
2026-09-30T16:41:41.020,112200,102.3,0.478,0.00
2026-09-30T16:41:41.118,112300,102.1,0.477,0.00
2026-09-30T16:41:41.211,112400,101.8,0.476,0.00
2026-09-30T16:41:41.304,112500,102.4,0.478,0.00
2026-09-30T16:41:41.413,112600,102.4,0.479,0.00
2026-09-30T16:41:41.518,112700,102.2,0.477,0.00
2026-09-30T16:41:41.618,112800,102.1,0.477,0.00
2026-09-30T16:41:41.712,112900,101.9,0.476,0.00
2026-09-30T16:41:41.809,113000,102.2,0.477,0.00
2026-09-30T16:41:41.917,113100,102.4,0.478,0.00
2026-09-30T16:41:42.003,113200,102.4,0.479,0.00
2026-09-30T16:41:42.117,113300,102.3,0.478,0.00
2026-09-30T16:41:42.210,113400,102.3,0.478,0.00
2026-09-30T16:41:42.319,113500,102.4,0.478,0.00
2026-09-30T16:41:42.417,113600,102.3,0.478,0.00
2026-09-30T16:41:42.517,113700,102.4,0.478,0.00
2026-09-30T16:41:42.616,113800,102.4,0.478,0.00
2026-09-30T16:41:42.705,113900,102.6,0.479,0.00
2026-09-30T16:41:42.809,114000,102.3,0.478,0.00
2026-09-30T16:41:42.916,114100,102.4,0.479,0.00
2026-09-30T16:41:43.004,114200,102.3,0.478,0.00
2026-09-30T16:41:43.117,114300,102.3,0.478,0.00
2026-09-30T16:41:43.215,114400,102.4,0.478,0.00
2026-09-30T16:41:43.309,114500,102.1,0.477,0.00
2026-09-30T16:41:43.416,114600,102.1,0.477,0.00
2026-09-30T16:41:43.505,114700,102.3,0.478,0.00
2026-09-30T16:41:43.602,114800,102.2,0.477,0.00
2026-09-30T16:41:43.703,114900,102.2,0.477,0.00
2026-09-30T16:41:43.808,115000,102.6,0.479,0.00
2026-09-30T16:41:43.917,115100,102.4,0.479,0.00
2026-09-30T16:41:44.015,115200,102.1,0.477,0.00
2026-09-30T16:41:44.107,115300,102.1,0.477,0.00
2026-09-30T16:41:44.215,115400,102.5,0.479,0.00
2026-09-30T16:41:44.315,115500,102.6,0.480,0.00
2026-09-30T16:41:44.407,115600,102.4,0.478,0.00
2026-09-30T16:41:44.505,115700,102.3,0.478,0.00
2026-09-30T16:41:44.605,115800,102.4,0.479,0.00
2026-09-30T16:41:44.714,115900,102.3,0.478,0.00
2026-09-30T16:41:44.815,116000,102.2,0.477,0.00
2026-09-30T16:41:44.908,116100,102.3,0.478,0.00
2026-09-30T16:41:45.009,116200,102.4,0.478,0.00
2026-09-30T16:41:45.109,116300,102.3,0.478,0.00
2026-09-30T16:41:45.211,116400,102.6,0.479,0.00
2026-09-30T16:41:45.310,116500,102.3,0.478,0.00
2026-09-30T16:41:45.415,116600,102.3,0.478,0.00
2026-09-30T16:41:45.510,116700,102.3,0.478,0.00
2026-09-30T16:41:45.613,116800,102.1,0.477,0.00
2026-09-30T16:41:45.711,116900,102.4,0.478,0.00
2026-09-30T16:41:45.812,117000,102.1,0.477,0.00
2026-09-30T16:41:45.913,117100,102.7,0.480,0.00
2026-09-30T16:41:46.013,117200,102.4,0.479,0.00
2026-09-30T16:41:46.113,117300,102.4,0.478,0.00
2026-09-30T16:41:46.213,117400,102.1,0.477,0.00
2026-09-30T16:41:46.314,117500,102.1,0.477,0.00
2026-09-30T16:41:46.403,117600,102.1,0.477,0.00
2026-09-30T16:41:46.511,117700,102.4,0.478,0.00
2026-09-30T16:41:46.614,117800,102.4,0.479,0.00
2026-09-30T16:41:46.708,117900,102.4,0.478,0.00
2026-09-30T16:41:46.808,118000,102.3,0.478,0.00
2026-09-30T16:41:46.900,118100,102.3,0.478,0.00
2026-09-30T16:41:47.003,118200,102.4,0.479,0.00
2026-09-30T16:41:47.101,118300,102.3,0.478,0.00
2026-09-30T16:41:47.211,118400,102.3,0.478,0.00
2026-09-30T16:41:47.309,118500,102.3,0.478,0.00
2026-09-30T16:41:47.412,118600,102.2,0.477,0.00
2026-09-30T16:41:47.501,118700,102.4,0.478,0.00
2026-09-30T16:41:47.599,118800,102.6,0.480,0.00
2026-09-30T16:41:47.705,118900,102.2,0.477,0.00
2026-09-30T16:41:47.811,119000,102.3,0.478,0.00
2026-09-30T16:41:47.911,119100,102.1,0.477,0.00
2026-09-30T16:41:48.011,119200,102.2,0.477,0.00
2026-09-30T16:41:48.110,119300,102.4,0.479,0.00
2026-09-30T16:41:48.198,119400,102.4,0.479,0.00
2026-09-30T16:41:48.299,119500,102.4,0.479,0.00
2026-09-30T16:41:48.399,119600,102.4,0.479,0.00
2026-09-30T16:41:48.499,119700,102.2,0.477,0.00
2026-09-30T16:41:48.599,119800,102.3,0.478,0.00
2026-09-30T16:41:48.705,119900,102.3,0.478,0.00
2026-09-30T16:41:48.808,120000,102.5,0.479,0.00
2026-09-30T16:41:48.897,120100,102.6,0.479,0.00
2026-09-30T16:41:49.010,120200,102.3,0.478,0.00
2026-09-30T16:41:49.110,120300,102.4,0.479,0.00
2026-09-30T16:41:49.203,120400,102.3,0.478,0.00
2026-09-30T16:41:49.300,120500,102.5,0.479,0.00
2026-09-30T16:41:49.404,120600,102.3,0.478,0.00
2026-09-30T16:41:49.498,120700,102.3,0.478,0.00
2026-09-30T16:41:49.598,120800,102.4,0.478,0.00
2026-09-30T16:41:49.709,120900,102.1,0.477,0.00
2026-09-30T16:41:49.806,121000,102.4,0.478,0.00
2026-09-30T16:41:49.899,121100,102.5,0.479,0.00
2026-09-30T16:41:50.009,121200,102.4,0.479,0.00
2026-09-30T16:41:50.098,121300,102.3,0.478,0.00
2026-09-30T16:41:50.199,121400,102.3,0.478,0.00
2026-09-30T16:41:50.302,121500,102.3,0.478,0.00
2026-09-30T16:41:50.397,121600,102.5,0.479,0.00
2026-09-30T16:41:50.506,121700,102.4,0.479,0.00
2026-09-30T16:41:50.600,121800,102.4,0.479,0.00
2026-09-30T16:41:50.705,121900,102.1,0.477,0.00
2026-09-30T16:41:50.808,122000,102.3,0.478,0.00
2026-09-30T16:41:50.902,122100,102.1,0.477,0.00
2026-09-30T16:41:50.996,122200,102.6,0.479,0.00
2026-09-30T16:41:51.101,122300,102.4,0.479,0.00
2026-09-30T16:41:51.208,122400,102.1,0.477,0.00
2026-09-30T16:41:51.303,122500,102.4,0.478,0.00
2026-09-30T16:41:51.396,122600,102.0,0.477,0.00
2026-09-30T16:41:51.508,122700,102.2,0.477,0.00
2026-09-30T16:41:51.597,122800,102.3,0.478,0.00
2026-09-30T16:41:51.704,122900,102.4,0.479,0.00
2026-09-30T16:41:51.804,123000,102.2,0.477,0.00
2026-09-30T16:41:51.899,123100,102.2,0.477,0.00
2026-09-30T16:41:51.996,123200,102.4,0.478,0.00
2026-09-30T16:41:52.103,123300,102.3,0.478,0.00
2026-09-30T16:41:52.204,123400,102.4,0.478,0.00
2026-09-30T16:41:52.304,123500,102.4,0.479,0.00
2026-09-30T16:41:52.395,123600,102.4,0.478,0.00
2026-09-30T16:41:52.499,123700,102.3,0.478,0.00
2026-09-30T16:41:52.607,123800,102.3,0.478,0.00
2026-09-30T16:41:52.693,123900,102.4,0.479,0.00
2026-09-30T16:41:52.807,124000,102.4,0.478,0.00
2026-09-30T16:41:52.903,124100,102.3,0.478,0.00
2026-09-30T16:41:53.003,124200,102.2,0.477,0.00
2026-09-30T16:41:53.095,124300,102.1,0.477,0.00
2026-09-30T16:41:53.207,124400,102.1,0.477,0.00
2026-09-30T16:41:53.296,124500,102.3,0.478,0.00
2026-09-30T16:41:53.396,124600,102.6,0.479,0.00
2026-09-30T16:41:53.499,124700,101.9,0.476,0.00
2026-09-30T16:41:53.603,124800,102.1,0.477,0.00
2026-09-30T16:41:53.702,124900,102.3,0.478,0.00
2026-09-30T16:41:53.803,125000,102.6,0.479,0.00
2026-09-30T16:41:53.905,125100,102.0,0.477,0.00
2026-09-30T16:41:53.996,125200,102.0,0.477,0.00
2026-09-30T16:41:54.096,125300,102.2,0.477,0.00
2026-09-30T16:41:54.195,125400,102.2,0.477,0.00
2026-09-30T16:41:54.293,125500,102.3,0.478,0.00
2026-09-30T16:41:54.395,125600,102.1,0.477,0.00
2026-09-30T16:41:54.497,125700,102.0,0.477,0.00
2026-09-30T16:41:54.596,125800,102.0,0.477,0.00
2026-09-30T16:41:54.703,125900,102.3,0.478,0.00
2026-09-30T16:41:54.804,126000,102.2,0.477,0.00
2026-09-30T16:41:54.895,126100,102.1,0.477,0.00
2026-09-30T16:41:55.005,126200,102.3,0.478,0.00
2026-09-30T16:41:55.100,126300,102.3,0.478,0.00
2026-09-30T16:41:55.196,126400,102.1,0.477,0.00
2026-09-30T16:41:55.305,126500,102.1,0.477,0.00
2026-09-30T16:41:55.403,126600,102.4,0.479,0.00
2026-09-30T16:41:55.496,126700,102.1,0.477,0.00
2026-09-30T16:41:55.599,126800,102.1,0.477,0.00
2026-09-30T16:41:55.696,126900,102.4,0.478,0.00
2026-09-30T16:41:55.802,127000,102.4,0.478,0.00
2026-09-30T16:41:55.898,127100,102.4,0.478,0.00
2026-09-30T16:41:55.994,127200,101.9,0.476,0.00
2026-09-30T16:41:56.095,127300,102.3,0.478,0.00
2026-09-30T16:41:56.199,127400,102.1,0.477,0.00
2026-09-30T16:41:56.302,127500,102.1,0.477,0.00
2026-09-30T16:41:56.393,127600,102.5,0.479,0.00
2026-09-30T16:41:56.503,127700,102.2,0.477,0.00
2026-09-30T16:41:56.594,127800,102.3,0.478,0.00
2026-09-30T16:41:56.701,127900,102.6,0.479,0.00
2026-09-30T16:41:56.794,128000,102.3,0.478,0.00
2026-09-30T16:41:56.902,128100,102.2,0.477,0.00
2026-09-30T16:41:57.000,128200,102.8,0.480,0.00
2026-09-30T16:41:57.102,128300,103.6,0.484,0.00
2026-09-30T16:41:57.201,128400,103.9,0.486,0.00
2026-09-30T16:41:57.300,128500,103.8,0.485,0.00
2026-09-30T16:41:57.402,128600,103.3,0.483,0.00
2026-09-30T16:41:57.502,128700,103.3,0.483,0.00
2026-09-30T16:41:57.593,128800,103.4,0.483,0.00
2026-09-30T16:41:57.700,128900,103.5,0.484,0.00
2026-09-30T16:41:57.800,129000,103.3,0.483,0.00
2026-09-30T16:41:57.896,129100,103.8,0.485,0.00
2026-09-30T16:41:57.991,129200,103.4,0.483,0.00
2026-09-30T16:41:58.092,129300,103.6,0.484,0.00
2026-09-30T16:41:58.191,129400,103.3,0.483,0.00
2026-09-30T16:41:58.301,129500,103.8,0.485,0.00
2026-09-30T16:41:58.394,129600,103.5,0.484,0.00
2026-09-30T16:41:58.500,129700,103.7,0.484,0.00
2026-09-30T16:41:58.599,129800,103.8,0.485,0.00
2026-09-30T16:41:58.700,129900,104.3,0.487,0.00
2026-09-30T16:41:58.797,130000,104.2,0.487,0.00
2026-09-30T16:41:58.895,130100,104.3,0.487,0.00
2026-09-30T16:41:59.001,130200,104.3,0.487,0.00
2026-09-30T16:41:59.095,130300,104.4,0.488,0.00
2026-09-30T16:41:59.194,130400,104.6,0.489,0.00
2026-09-30T16:41:59.300,130500,104.6,0.489,0.00
2026-09-30T16:41:59.399,130600,104.4,0.488,0.00
2026-09-30T16:41:59.497,130700,104.6,0.489,0.00
2026-09-30T16:41:59.596,130800,104.8,0.489,0.00
2026-09-30T16:41:59.699,130900,104.9,0.490,0.00
2026-09-30T16:41:59.795,131000,104.8,0.489,0.00
2026-09-30T16:41:59.892,131100,104.9,0.490,0.00
2026-09-30T16:41:59.999,131200,105.1,0.491,0.00
2026-09-30T16:42:00.092,131300,105.1,0.491,0.00
2026-09-30T16:42:00.200,131400,104.9,0.490,0.00
2026-09-30T16:42:00.300,131500,105.0,0.491,0.00
2026-09-30T16:42:00.391,131600,104.9,0.490,0.00
2026-09-30T16:42:00.497,131700,104.9,0.490,0.00
2026-09-30T16:42:00.593,131800,105.0,0.491,0.00
2026-09-30T16:42:00.694,131900,105.1,0.491,0.00
2026-09-30T16:42:00.791,132000,104.8,0.490,0.00
2026-09-30T16:42:00.899,132100,104.9,0.490,0.00
2026-09-30T16:42:00.998,132200,105.0,0.491,0.00
2026-09-30T16:42:01.091,132300,104.9,0.490,0.00
2026-09-30T16:42:01.196,132400,104.9,0.490,0.00
2026-09-30T16:42:01.291,132500,105.1,0.491,0.00
2026-09-30T16:42:01.394,132600,105.2,0.491,0.00
2026-09-30T16:42:01.498,132700,104.7,0.489,0.00
2026-09-30T16:42:01.592,132800,105.3,0.492,0.00
2026-09-30T16:42:01.692,132900,105.3,0.492,0.00
2026-09-30T16:42:01.795,133000,105.1,0.491,0.00
2026-09-30T16:42:01.893,133100,105.1,0.491,0.00
2026-09-30T16:42:01.989,133200,105.4,0.492,0.00
2026-09-30T16:42:02.097,133300,105.1,0.491,0.00
2026-09-30T16:42:02.194,133400,105.2,0.491,0.00
2026-09-30T16:42:02.291,133500,105.3,0.492,0.00
2026-09-30T16:42:02.392,133600,105.1,0.491,0.00
2026-09-30T16:42:02.497,133700,105.1,0.491,0.00
2026-09-30T16:42:02.592,133800,105.4,0.492,0.00
2026-09-30T16:42:02.689,133900,105.1,0.491,0.00
2026-09-30T16:42:02.796,134000,105.2,0.491,0.00
2026-09-30T16:42:02.893,134100,105.3,0.492,0.00
2026-09-30T16:42:02.997,134200,105.9,0.495,0.00
2026-09-30T16:42:03.096,134300,106.2,0.496,0.00
2026-09-30T16:42:03.196,134400,106.5,0.498,0.00
2026-09-30T16:42:03.290,134500,106.7,0.499,0.00
2026-09-30T16:42:03.396,134600,106.5,0.498,0.00
2026-09-30T16:42:03.492,134700,106.8,0.499,0.00
2026-09-30T16:42:03.597,134800,106.9,0.499,0.00
2026-09-30T16:42:03.697,134900,106.9,0.500,0.00
2026-09-30T16:42:03.791,135000,107.1,0.500,0.01
2026-09-30T16:42:03.895,135100,107.5,0.502,0.06
2026-09-30T16:42:03.991,135200,107.9,0.504,0.10
2026-09-30T16:42:04.095,135300,108.5,0.507,0.17
2026-09-30T16:42:04.191,135400,108.4,0.507,0.17
2026-09-30T16:42:04.297,135500,108.4,0.507,0.17
2026-09-30T16:42:04.392,135600,108.9,0.509,0.23
2026-09-30T16:42:04.496,135700,109.6,0.512,0.30
2026-09-30T16:42:04.594,135800,110.0,0.514,0.35
2026-09-30T16:42:04.692,135900,109.9,0.514,0.34
2026-09-30T16:42:04.793,136000,110.0,0.514,0.35
2026-09-30T16:42:04.893,136100,110.1,0.515,0.36
2026-09-30T16:42:04.995,136200,110.4,0.516,0.39
2026-09-30T16:42:05.095,136300,110.6,0.517,0.42
2026-09-30T16:42:05.195,136400,110.9,0.518,0.45
2026-09-30T16:42:05.295,136500,110.6,0.517,0.42
2026-09-30T16:42:05.395,136600,110.9,0.518,0.46
2026-09-30T16:42:05.495,136700,110.8,0.518,0.44
2026-09-30T16:42:05.589,136800,111.1,0.519,0.48
2026-09-30T16:42:05.687,136900,110.8,0.518,0.44
2026-09-30T16:42:05.790,137000,111.0,0.519,0.47
2026-09-30T16:42:05.894,137100,111.1,0.519,0.47
2026-09-30T16:42:05.995,137200,111.1,0.519,0.47
2026-09-30T16:42:06.080,137300,111.0,0.519,0.47
2026-09-30T16:42:06.195,137400,110.9,0.518,0.45
2026-09-30T16:42:06.289,137500,111.3,0.520,0.50
2026-09-30T16:42:06.389,137600,110.8,0.518,0.44
2026-09-30T16:42:06.491,137700,111.1,0.519,0.48
2026-09-30T16:42:06.592,137800,110.9,0.518,0.46
2026-09-30T16:42:06.689,137900,110.5,0.516,0.41
2026-09-30T16:42:06.792,138000,110.9,0.518,0.45
2026-09-30T16:42:06.880,138100,110.8,0.517,0.44
2026-09-30T16:42:06.990,138200,110.9,0.518,0.46
2026-09-30T16:42:07.088,138300,110.8,0.517,0.44
2026-09-30T16:42:07.194,138400,110.8,0.518,0.44
2026-09-30T16:42:07.291,138500,110.8,0.517,0.44
2026-09-30T16:42:07.381,138600,110.6,0.517,0.42
2026-09-30T16:42:07.494,138700,110.7,0.517,0.43
2026-09-30T16:42:07.589,138800,111.0,0.519,0.47
2026-09-30T16:42:07.690,138900,110.9,0.518,0.45
2026-09-30T16:42:07.793,139000,110.9,0.518,0.46
2026-09-30T16:42:07.884,139100,110.6,0.517,0.42
2026-09-30T16:42:07.990,139200,111.6,0.521,0.53
2026-09-30T16:42:08.093,139300,111.7,0.522,0.55
2026-09-30T16:42:08.191,139400,112.4,0.525,0.63
2026-09-30T16:42:08.288,139500,112.6,0.526,0.66
2026-09-30T16:42:08.387,139600,112.9,0.528,0.69
2026-09-30T16:42:08.488,139700,113.0,0.528,0.70
2026-09-30T16:42:08.579,139800,113.2,0.529,0.72
2026-09-30T16:42:08.680,139900,113.2,0.529,0.72
2026-09-30T16:42:08.788,140000,113.0,0.528,0.70
2026-09-30T16:42:08.879,140100,112.9,0.527,0.69
2026-09-30T16:42:08.991,140200,112.9,0.527,0.69
2026-09-30T16:42:09.092,140300,113.4,0.530,0.75
2026-09-30T16:42:09.192,140400,113.2,0.529,0.72
2026-09-30T16:42:09.279,140500,113.1,0.528,0.71
2026-09-30T16:42:09.378,140600,113.0,0.528,0.70
2026-09-30T16:42:09.490,140700,113.3,0.529,0.73
2026-09-30T16:42:09.589,140800,113.0,0.528,0.70
2026-09-30T16:42:09.687,140900,113.2,0.529,0.72
2026-09-30T16:42:09.782,141000,113.1,0.529,0.71
2026-09-30T16:42:09.890,141100,112.9,0.527,0.69
2026-09-30T16:42:09.990,141200,113.2,0.529,0.72
2026-09-30T16:42:10.090,141300,112.9,0.528,0.69
2026-09-30T16:42:10.180,141400,113.2,0.529,0.72
2026-09-30T16:42:10.289,141500,113.1,0.528,0.71
2026-09-30T16:42:10.387,141600,113.2,0.529,0.72
2026-09-30T16:42:10.477,141700,113.4,0.530,0.75
2026-09-30T16:42:10.589,141800,114.2,0.534,0.84
2026-09-30T16:42:10.691,141900,114.3,0.534,0.85
2026-09-30T16:42:10.788,142000,114.2,0.534,0.84
2026-09-30T16:42:10.885,142100,114.0,0.533,0.82
2026-09-30T16:42:10.988,142200,114.2,0.534,0.84
2026-09-30T16:42:11.078,142300,114.2,0.534,0.84
2026-09-30T16:42:11.189,142400,113.9,0.532,0.81
2026-09-30T16:42:11.283,142500,113.8,0.532,0.79
2026-09-30T16:42:11.384,142600,114.0,0.533,0.82
2026-09-30T16:42:11.489,142700,113.8,0.532,0.79
2026-09-30T16:42:11.586,142800,114.1,0.533,0.83
2026-09-30T16:42:11.678,142900,113.8,0.532,0.79
2026-09-30T16:42:11.788,143000,113.9,0.532,0.81
2026-09-30T16:42:11.888,143100,114.1,0.533,0.83
2026-09-30T16:42:11.977,143200,114.3,0.534,0.85
2026-09-30T16:42:12.087,143300,113.8,0.532,0.79
2026-09-30T16:42:12.189,143400,114.0,0.533,0.82
2026-09-30T16:42:12.288,143500,114.2,0.534,0.84
2026-09-30T16:42:12.386,143600,114.0,0.533,0.82
2026-09-30T16:42:12.485,143700,114.0,0.533,0.82
2026-09-30T16:42:12.585,143800,114.3,0.534,0.85
2026-09-30T16:42:12.686,143900,114.1,0.533,0.82
2026-09-30T16:42:12.788,144000,113.9,0.532,0.80
2026-09-30T16:42:12.884,144100,113.8,0.532,0.79
2026-09-30T16:42:12.984,144200,113.9,0.532,0.80
2026-09-30T16:42:13.087,144300,114.1,0.533,0.82
2026-09-30T16:42:13.186,144400,114.1,0.533,0.83
2026-09-30T16:42:13.281,144500,113.9,0.532,0.80
2026-09-30T16:42:13.386,144600,113.9,0.532,0.80
2026-09-30T16:42:13.483,144700,114.0,0.533,0.82
2026-09-30T16:42:13.584,144800,114.1,0.533,0.82
2026-09-30T16:42:13.684,144900,113.9,0.532,0.81
2026-09-30T16:42:13.776,145000,114.1,0.533,0.83
2026-09-30T16:42:13.884,145100,114.1,0.533,0.83
2026-09-30T16:42:13.984,145200,114.1,0.533,0.83
2026-09-30T16:42:14.076,145300,114.0,0.533,0.82
2026-09-30T16:42:14.175,145400,113.9,0.532,0.81
2026-09-30T16:42:14.286,145500,114.1,0.533,0.83
2026-09-30T16:42:14.385,145600,114.2,0.534,0.84
2026-09-30T16:42:14.483,145700,114.2,0.534,0.84
2026-09-30T16:42:14.585,145800,114.3,0.534,0.85
2026-09-30T16:42:14.684,145900,114.2,0.534,0.84
2026-09-30T16:42:14.775,146000,113.9,0.532,0.81
2026-09-30T16:42:14.875,146100,114.1,0.533,0.83
2026-09-30T16:42:14.985,146200,114.6,0.535,0.88
2026-09-30T16:42:15.084,146300,118.2,0.552,1.31
2026-09-30T16:42:15.185,146400,125.8,0.588,2.20
2026-09-30T16:42:15.270,146500,130.0,0.607,2.69
2026-09-30T16:42:15.383,146600,132.0,0.617,2.92
2026-09-30T16:42:15.480,146700,133.6,0.624,3.11
2026-09-30T16:42:15.583,146800,133.8,0.625,3.12
2026-09-30T16:42:15.686,146900,134.4,0.628,3.20
2026-09-30T16:42:15.783,147000,134.8,0.630,3.25
2026-09-30T16:42:15.883,147100,134.9,0.630,3.26
2026-09-30T16:42:15.984,147200,135.1,0.631,3.28
2026-09-30T16:42:16.072,147300,135.3,0.632,3.30
2026-09-30T16:42:16.177,147400,135.4,0.633,3.32
2026-09-30T16:42:16.271,147500,135.4,0.633,3.32
2026-09-30T16:42:16.370,147600,135.4,0.633,3.32
2026-09-30T16:42:16.486,147700,135.6,0.634,3.34
2026-09-30T16:42:16.584,147800,135.6,0.634,3.34
2026-09-30T16:42:16.683,147900,135.9,0.635,3.37
2026-09-30T16:42:16.784,148000,136.1,0.636,3.39
2026-09-30T16:42:16.883,148100,135.8,0.634,3.36
2026-09-30T16:42:16.983,148200,136.0,0.635,3.39
2026-09-30T16:42:17.075,148300,136.1,0.636,3.39
2026-09-30T16:42:17.172,148400,136.1,0.636,3.40
2026-09-30T16:42:17.283,148500,136.0,0.635,3.39
2026-09-30T16:42:17.383,148600,136.0,0.635,3.39
2026-09-30T16:42:17.471,148700,136.3,0.637,3.42
2026-09-30T16:42:17.575,148800,135.9,0.635,3.38
2026-09-30T16:42:17.684,148900,136.3,0.637,3.42
2026-09-30T16:42:17.773,149000,136.3,0.637,3.42
2026-09-30T16:42:17.875,149100,136.3,0.637,3.42
2026-09-30T16:42:17.979,149200,136.5,0.638,3.45
2026-09-30T16:42:18.082,149300,136.3,0.637,3.42
2026-09-30T16:42:18.182,149400,136.6,0.638,3.45
2026-09-30T16:42:18.282,149500,136.5,0.638,3.45
2026-09-30T16:42:18.383,149600,136.4,0.637,3.43
2026-09-30T16:42:18.473,149700,136.4,0.637,3.43
2026-09-30T16:42:18.570,149800,136.5,0.638,3.45
2026-09-30T16:42:18.681,149900,136.4,0.638,3.44
2026-09-30T16:42:18.784,150000,136.3,0.637,3.42
2026-09-30T16:42:18.874,150100,136.3,0.637,3.42
2026-09-30T16:42:18.982,150200,136.5,0.638,3.45
2026-09-30T16:42:19.080,150300,136.6,0.638,3.46
2026-09-30T16:42:19.180,150400,136.6,0.638,3.46
2026-09-30T16:42:19.272,150500,136.2,0.636,3.41
2026-09-30T16:42:19.368,150600,136.4,0.638,3.44
2026-09-30T16:42:19.475,150700,136.4,0.638,3.44
2026-09-30T16:42:19.571,150800,136.4,0.637,3.43
2026-09-30T16:42:19.681,150900,136.5,0.638,3.45
2026-09-30T16:42:19.781,151000,136.1,0.636,3.40
2026-09-30T16:42:19.869,151100,136.3,0.637,3.42
2026-09-30T16:42:19.981,151200,136.3,0.637,3.42
2026-09-30T16:42:20.080,151300,136.6,0.638,3.46
2026-09-30T16:42:20.168,151400,136.5,0.638,3.45
2026-09-30T16:42:20.281,151500,136.4,0.637,3.43
2026-09-30T16:42:20.380,151600,136.3,0.637,3.42
2026-09-30T16:42:20.472,151700,136.6,0.638,3.46
2026-09-30T16:42:20.576,151800,136.3,0.637,3.42
2026-09-30T16:42:20.672,151900,136.4,0.637,3.43
2026-09-30T16:42:20.780,152000,136.4,0.637,3.43
2026-09-30T16:42:20.881,152100,136.3,0.637,3.42
2026-09-30T16:42:20.972,152200,136.4,0.638,3.44
2026-09-30T16:42:21.071,152300,136.4,0.638,3.44
2026-09-30T16:42:21.181,152400,136.4,0.638,3.44
2026-09-30T16:42:21.279,152500,136.4,0.637,3.43
2026-09-30T16:42:21.381,152600,136.3,0.637,3.42
2026-09-30T16:42:21.475,152700,136.4,0.638,3.44
2026-09-30T16:42:21.581,152800,136.3,0.637,3.42
2026-09-30T16:42:21.675,152900,136.3,0.637,3.42
2026-09-30T16:42:21.772,153000,136.2,0.636,3.41
2026-09-30T16:42:21.875,153100,136.4,0.637,3.43
2026-09-30T16:42:21.976,153200,136.2,0.636,3.41
2026-09-30T16:42:22.079,153300,136.3,0.637,3.42
2026-09-30T16:42:22.179,153400,136.0,0.635,3.39
2026-09-30T16:42:22.278,153500,136.4,0.637,3.43
2026-09-30T16:42:22.378,153600,136.5,0.638,3.45
2026-09-30T16:42:22.479,153700,136.5,0.638,3.45
2026-09-30T16:42:22.579,153800,136.1,0.636,3.40
2026-09-30T16:42:22.679,153900,136.3,0.637,3.42
2026-09-30T16:42:22.779,154000,136.3,0.637,3.42
2026-09-30T16:42:22.879,154100,136.3,0.637,3.42
2026-09-30T16:42:22.979,154200,136.3,0.637,3.42
2026-09-30T16:42:23.078,154300,136.1,0.636,3.40
2026-09-30T16:42:23.179,154400,136.3,0.637,3.42
2026-09-30T16:42:23.269,154500,136.1,0.636,3.40
2026-09-30T16:42:23.378,154600,136.3,0.637,3.42
2026-09-30T16:42:23.479,154700,136.0,0.635,3.39
2026-09-30T16:42:23.576,154800,136.4,0.637,3.43
2026-09-30T16:42:23.669,154900,136.3,0.637,3.42
2026-09-30T16:42:23.778,155000,136.5,0.638,3.45
2026-09-30T16:42:23.871,155100,136.2,0.636,3.41
2026-09-30T16:42:23.969,155200,136.1,0.636,3.39
2026-09-30T16:42:24.071,155300,136.1,0.636,3.40
2026-09-30T16:42:24.168,155400,136.3,0.637,3.42
2026-09-30T16:42:24.266,155500,136.5,0.638,3.45
2026-09-30T16:42:24.375,155600,136.3,0.637,3.42
2026-09-30T16:42:24.474,155700,136.5,0.638,3.45
2026-09-30T16:42:24.565,155800,136.3,0.637,3.42
2026-09-30T16:42:24.676,155900,136.4,0.638,3.44
2026-09-30T16:42:24.774,156000,136.3,0.637,3.42
2026-09-30T16:42:24.864,156100,136.1,0.636,3.40
2026-09-30T16:42:24.976,156200,136.4,0.637,3.43
2026-09-30T16:42:25.066,156300,136.2,0.636,3.41
2026-09-30T16:42:25.170,156400,136.4,0.638,3.44
2026-09-30T16:42:25.270,156500,136.2,0.636,3.41
2026-09-30T16:42:25.374,156600,136.2,0.636,3.41
2026-09-30T16:42:25.470,156700,136.3,0.637,3.42
2026-09-30T16:42:25.572,156800,136.1,0.636,3.40
2026-09-30T16:42:25.668,156900,136.3,0.637,3.42
2026-09-30T16:42:25.776,157000,136.4,0.638,3.44
2026-09-30T16:42:25.867,157100,136.4,0.637,3.43
2026-09-30T16:42:25.975,157200,136.6,0.638,3.45
2026-09-30T16:42:26.069,157300,136.4,0.637,3.43
2026-09-30T16:42:26.175,157400,136.5,0.638,3.45
2026-09-30T16:42:26.268,157500,136.5,0.638,3.45
2026-09-30T16:42:26.375,157600,136.5,0.638,3.45
2026-09-30T16:42:26.468,157700,136.5,0.638,3.45
2026-09-30T16:42:26.574,157800,136.6,0.638,3.45
2026-09-30T16:42:26.666,157900,136.6,0.638,3.45
2026-09-30T16:42:26.773,158000,136.9,0.640,3.49
2026-09-30T16:42:26.873,158100,136.9,0.640,3.49
2026-09-30T16:42:26.976,158200,136.9,0.640,3.50
2026-09-30T16:42:27.074,158300,136.7,0.639,3.47
2026-09-30T16:42:27.174,158400,136.9,0.640,3.50
2026-09-30T16:42:27.262,158500,136.9,0.640,3.49
2026-09-30T16:42:27.373,158600,136.8,0.639,3.48
2026-09-30T16:42:27.473,158700,136.8,0.639,3.48
2026-09-30T16:42:27.573,158800,136.6,0.638,3.46
2026-09-30T16:42:27.668,158900,136.7,0.639,3.47
2026-09-30T16:42:27.774,159000,136.8,0.639,3.47
2026-09-30T16:42:27.874,159100,137.2,0.641,3.53
2026-09-30T16:42:27.973,159200,137.1,0.640,3.51
2026-09-30T16:42:28.073,159300,137.1,0.640,3.51
2026-09-30T16:42:28.167,159400,136.9,0.640,3.49
2026-09-30T16:42:28.267,159500,136.9,0.640,3.49
2026-09-30T16:42:28.364,159600,137.1,0.640,3.51
2026-09-30T16:42:28.461,159700,137.4,0.642,3.55
2026-09-30T16:42:28.561,159800,136.9,0.640,3.50
2026-09-30T16:42:28.667,159900,137.0,0.640,3.50
2026-09-30T16:42:28.767,160000,137.1,0.640,3.51
2026-09-30T16:42:28.866,160100,137.3,0.642,3.54
2026-09-30T16:42:28.971,160200,137.1,0.641,3.52
2026-09-30T16:42:29.067,160300,137.2,0.641,3.53
2026-09-30T16:42:29.164,160400,137.2,0.641,3.53
2026-09-30T16:42:29.268,160500,137.1,0.641,3.52
2026-09-30T16:42:29.371,160600,137.2,0.641,3.53
2026-09-30T16:42:29.461,160700,137.1,0.640,3.51
2026-09-30T16:42:29.567,160800,137.2,0.641,3.53
2026-09-30T16:42:29.670,160900,137.1,0.640,3.51
2026-09-30T16:42:29.766,161000,137.2,0.641,3.53
2026-09-30T16:42:29.870,161100,137.4,0.642,3.55
2026-09-30T16:42:29.970,161200,137.2,0.641,3.53
2026-09-30T16:42:30.069,161300,137.2,0.641,3.53
2026-09-30T16:42:30.171,161400,137.3,0.642,3.54
2026-09-30T16:42:30.267,161500,137.4,0.642,3.55
2026-09-30T16:42:30.360,161600,137.5,0.642,3.56
2026-09-30T16:42:30.466,161700,137.3,0.641,3.53
2026-09-30T16:42:30.566,161800,137.6,0.643,3.57
2026-09-30T16:42:30.662,161900,137.2,0.641,3.53
2026-09-30T16:42:30.761,162000,137.4,0.642,3.55
2026-09-30T16:42:30.870,162100,137.5,0.642,3.56
2026-09-30T16:42:30.970,162200,137.4,0.642,3.55
2026-09-30T16:42:31.071,162300,137.3,0.642,3.54
2026-09-30T16:42:31.161,162400,137.4,0.642,3.55
2026-09-30T16:42:31.268,162500,137.3,0.642,3.54
2026-09-30T16:42:31.369,162600,137.6,0.643,3.58
2026-09-30T16:42:31.465,162700,137.3,0.641,3.53
2026-09-30T16:42:31.568,162800,137.2,0.641,3.53
2026-09-30T16:42:31.664,162900,137.6,0.643,3.58
2026-09-30T16:42:31.770,163000,137.3,0.641,3.53
2026-09-30T16:42:31.866,163100,137.6,0.643,3.58
2026-09-30T16:42:31.966,163200,137.6,0.643,3.57
2026-09-30T16:42:32.070,163300,137.9,0.645,3.61
2026-09-30T16:42:32.169,163400,137.6,0.643,3.58
2026-09-30T16:42:32.266,163500,137.8,0.644,3.59
2026-09-30T16:42:32.369,163600,137.6,0.643,3.58
2026-09-30T16:42:32.468,163700,137.3,0.642,3.54
2026-09-30T16:42:32.557,163800,137.5,0.642,3.56
2026-09-30T16:42:32.659,163900,137.4,0.642,3.55
2026-09-30T16:42:32.764,164000,137.5,0.642,3.56
2026-09-30T16:42:32.861,164100,137.4,0.642,3.55
2026-09-30T16:42:32.969,164200,137.6,0.643,3.57
2026-09-30T16:42:33.065,164300,137.6,0.643,3.57
2026-09-30T16:42:33.167,164400,137.8,0.644,3.59
2026-09-30T16:42:33.267,164500,137.9,0.644,3.61
2026-09-30T16:42:33.368,164600,137.7,0.643,3.58
2026-09-30T16:42:33.463,164700,137.6,0.643,3.58
2026-09-30T16:42:33.564,164800,137.6,0.643,3.57
2026-09-30T16:42:33.667,164900,137.4,0.642,3.55
2026-09-30T16:42:33.768,165000,137.3,0.642,3.54
2026-09-30T16:42:33.863,165100,137.4,0.642,3.55
2026-09-30T16:42:33.966,165200,137.7,0.643,3.58
2026-09-30T16:42:34.063,165300,137.6,0.643,3.57
2026-09-30T16:42:34.163,165400,137.6,0.643,3.58
2026-09-30T16:42:34.264,165500,137.5,0.642,3.56
2026-09-30T16:42:34.361,165600,137.6,0.643,3.57
2026-09-30T16:42:34.459,165700,137.5,0.642,3.56
2026-09-30T16:42:34.557,165800,137.7,0.643,3.58
2026-09-30T16:42:34.664,165900,137.6,0.643,3.57
2026-09-30T16:42:34.759,166000,137.5,0.642,3.56
2026-09-30T16:42:34.864,166100,137.4,0.642,3.55
2026-09-30T16:42:34.965,166200,137.4,0.642,3.55
2026-09-30T16:42:35.066,166300,137.6,0.643,3.57
2026-09-30T16:42:35.159,166400,137.7,0.643,3.58
2026-09-30T16:42:35.264,166500,137.4,0.642,3.55
2026-09-30T16:42:35.361,166600,137.7,0.643,3.58
2026-09-30T16:42:35.461,166700,137.4,0.642,3.55
2026-09-30T16:42:35.566,166800,137.4,0.642,3.55
2026-09-30T16:42:35.666,166900,137.4,0.642,3.55
2026-09-30T16:42:35.761,167000,137.4,0.642,3.55
2026-09-30T16:42:35.859,167100,137.4,0.642,3.55
2026-09-30T16:42:35.964,167200,137.6,0.643,3.58
2026-09-30T16:42:36.065,167300,137.6,0.643,3.57
2026-09-30T16:42:36.166,167400,137.6,0.643,3.58
2026-09-30T16:42:36.265,167500,137.6,0.643,3.57
2026-09-30T16:42:36.363,167600,137.4,0.642,3.55
2026-09-30T16:42:36.465,167700,137.6,0.643,3.58
2026-09-30T16:42:36.563,167800,137.6,0.643,3.58
2026-09-30T16:42:36.660,167900,137.7,0.643,3.58
2026-09-30T16:42:36.765,168000,137.7,0.643,3.58
2026-09-30T16:42:36.865,168100,137.6,0.643,3.58
2026-09-30T16:42:36.963,168200,137.3,0.642,3.54
2026-09-30T16:42:37.062,168300,137.5,0.642,3.56
2026-09-30T16:42:37.164,168400,137.6,0.643,3.58
2026-09-30T16:42:37.255,168500,137.7,0.643,3.58
2026-09-30T16:42:37.354,168600,137.6,0.643,3.57
2026-09-30T16:42:37.461,168700,137.4,0.642,3.55
2026-09-30T16:42:37.559,168800,137.6,0.643,3.57
2026-09-30T16:42:37.663,168900,137.6,0.643,3.57
2026-09-30T16:42:37.760,169000,137.7,0.643,3.58
2026-09-30T16:42:37.857,169100,137.8,0.644,3.60
2026-09-30T16:42:37.956,169200,137.4,0.642,3.55
2026-09-30T16:42:38.057,169300,137.8,0.644,3.59
2026-09-30T16:42:38.164,169400,137.7,0.643,3.58
2026-09-30T16:42:38.258,169500,137.7,0.643,3.58
2026-09-30T16:42:38.360,169600,137.8,0.644,3.59
2026-09-30T16:42:38.455,169700,137.9,0.644,3.61
2026-09-30T16:42:38.563,169800,137.6,0.643,3.57
2026-09-30T16:42:38.661,169900,137.4,0.642,3.55
2026-09-30T16:42:38.763,170000,138.0,0.645,3.62
2026-09-30T16:42:38.860,170100,137.9,0.645,3.61
2026-09-30T16:42:38.955,170200,137.6,0.643,3.58
2026-09-30T16:42:39.055,170300,137.6,0.643,3.57
2026-09-30T16:42:39.161,170400,137.9,0.644,3.61
2026-09-30T16:42:39.259,170500,137.6,0.643,3.58
2026-09-30T16:42:39.357,170600,137.8,0.644,3.59
2026-09-30T16:42:39.462,170700,137.5,0.642,3.56
2026-09-30T16:42:39.559,170800,137.7,0.643,3.58
2026-09-30T16:42:39.647,170900,137.6,0.643,3.57
2026-09-30T16:42:39.762,171000,137.7,0.643,3.58
2026-09-30T16:42:39.862,171100,137.7,0.643,3.58
2026-09-30T16:42:39.959,171200,137.5,0.642,3.56
2026-09-30T16:42:40.057,171300,137.6,0.643,3.57
2026-09-30T16:42:40.161,171400,137.6,0.643,3.58
2026-09-30T16:42:40.257,171500,138.2,0.646,3.64
2026-09-30T16:42:40.362,171600,137.6,0.643,3.57
2026-09-30T16:42:40.462,171700,137.8,0.644,3.60
2026-09-30T16:42:40.562,171800,138.0,0.645,3.62
2026-09-30T16:42:40.662,171900,138.1,0.645,3.63
2026-09-30T16:42:40.753,172000,138.1,0.645,3.63
2026-09-30T16:42:40.859,172100,137.7,0.643,3.58
2026-09-30T16:42:40.962,172200,138.0,0.645,3.62
2026-09-30T16:42:41.054,172300,138.2,0.646,3.64
2026-09-30T16:42:41.160,172400,138.6,0.648,3.69
2026-09-30T16:42:41.261,172500,138.6,0.647,3.69
2026-09-30T16:42:41.360,172600,138.5,0.647,3.68
2026-09-30T16:42:41.452,172700,138.6,0.648,3.69
2026-09-30T16:42:41.552,172800,138.7,0.648,3.70
2026-09-30T16:42:41.655,172900,138.5,0.647,3.68
2026-09-30T16:42:41.760,173000,138.7,0.648,3.70
2026-09-30T16:42:41.855,173100,138.5,0.647,3.68
2026-09-30T16:42:41.960,173200,139.0,0.649,3.74
2026-09-30T16:42:42.060,173300,138.8,0.648,3.71
2026-09-30T16:42:42.154,173400,138.9,0.649,3.72
2026-09-30T16:42:42.254,173500,139.1,0.650,3.74
2026-09-30T16:42:42.352,173600,139.3,0.651,3.77
2026-09-30T16:42:42.459,173700,139.2,0.650,3.76
2026-09-30T16:42:42.552,173800,139.1,0.650,3.75
2026-09-30T16:42:42.653,173900,139.2,0.650,3.76
2026-09-30T16:42:42.744,174000,139.1,0.650,3.75
2026-09-30T16:42:42.854,174100,139.4,0.651,3.78
2026-09-30T16:42:42.952,174200,139.4,0.651,3.78
2026-09-30T16:42:43.057,174300,139.3,0.651,3.77
2026-09-30T16:42:43.156,174400,139.6,0.652,3.81
2026-09-30T16:42:43.260,174500,139.4,0.651,3.78
2026-09-30T16:42:43.353,174600,139.5,0.652,3.80
2026-09-30T16:42:43.456,174700,139.6,0.652,3.81
2026-09-30T16:42:43.553,174800,140.0,0.654,3.85
2026-09-30T16:42:43.653,174900,139.8,0.653,3.83
2026-09-30T16:42:43.759,175000,140.1,0.655,3.87
2026-09-30T16:42:43.854,175100,139.9,0.654,3.84
2026-09-30T16:42:43.954,175200,139.9,0.654,3.85
2026-09-30T16:42:44.055,175300,140.0,0.654,3.85
2026-09-30T16:42:44.156,175400,139.9,0.654,3.85
2026-09-30T16:42:44.257,175500,140.1,0.654,3.86
2026-09-30T16:42:44.358,175600,140.1,0.655,3.87
2026-09-30T16:42:44.459,175700,140.4,0.656,3.90
2026-09-30T16:42:44.557,175800,140.2,0.655,3.88
2026-09-30T16:42:44.659,175900,140.4,0.656,3.90
2026-09-30T16:42:44.757,176000,140.4,0.656,3.90
2026-09-30T16:42:44.851,176100,140.7,0.657,3.93
2026-09-30T16:42:44.957,176200,140.4,0.656,3.90
2026-09-30T16:42:45.055,176300,140.6,0.657,3.93
2026-09-30T16:42:45.151,176400,140.4,0.656,3.90
2026-09-30T16:42:45.257,176500,140.6,0.657,3.93
2026-09-30T16:42:45.351,176600,140.3,0.656,3.89
2026-09-30T16:42:45.451,176700,140.9,0.658,3.96
2026-09-30T16:42:45.546,176800,140.8,0.658,3.94
2026-09-30T16:42:45.651,176900,140.6,0.657,3.93
2026-09-30T16:42:45.757,177000,140.8,0.658,3.95
2026-09-30T16:42:45.843,177100,141.0,0.659,3.97
2026-09-30T16:42:45.955,177200,141.0,0.659,3.97
2026-09-30T16:42:46.052,177300,140.9,0.658,3.96
2026-09-30T16:42:46.157,177400,141.1,0.659,3.98
2026-09-30T16:42:46.252,177500,140.8,0.658,3.94
2026-09-30T16:42:46.355,177600,141.2,0.660,3.99
2026-09-30T16:42:46.455,177700,141.1,0.659,3.99
2026-09-30T16:42:46.556,177800,141.0,0.659,3.97
2026-09-30T16:42:46.655,177900,141.1,0.659,3.98
2026-09-30T16:42:46.755,178000,141.4,0.661,4.02
2026-09-30T16:42:46.855,178100,141.5,0.661,4.03
2026-09-30T16:42:46.942,178200,141.8,0.662,4.06
2026-09-30T16:42:47.050,178300,141.5,0.661,4.03
2026-09-30T16:42:47.146,178400,141.8,0.662,4.06
2026-09-30T16:42:47.255,178500,141.7,0.662,4.05
2026-09-30T16:42:47.354,178600,141.9,0.663,4.08
2026-09-30T16:42:47.452,178700,141.8,0.662,4.06
2026-09-30T16:42:47.552,178800,142.0,0.663,4.09
2026-09-30T16:42:47.655,178900,141.8,0.663,4.07
2026-09-30T16:42:47.742,179000,141.8,0.663,4.07
2026-09-30T16:42:47.841,179100,142.0,0.663,4.09
2026-09-30T16:42:47.941,179200,141.9,0.663,4.08
2026-09-30T16:42:48.039,179300,142.0,0.663,4.09
2026-09-30T16:42:48.149,179400,142.1,0.664,4.10
2026-09-30T16:42:48.252,179500,142.1,0.664,4.09
2026-09-30T16:42:48.343,179600,142.2,0.664,4.11
2026-09-30T16:42:48.443,179700,142.1,0.664,4.10
2026-09-30T16:42:48.554,179800,142.1,0.664,4.10
2026-09-30T16:42:48.641,179900,142.2,0.664,4.11
2026-09-30T16:42:48.752,180000,142.3,0.665,4.12
2026-09-30T16:42:48.849,180100,142.3,0.665,4.12
2026-09-30T16:42:48.943,180200,142.4,0.666,4.14
2026-09-30T16:42:49.053,180300,142.4,0.666,4.14
2026-09-30T16:42:49.152,180400,142.4,0.665,4.13
2026-09-30T16:42:49.250,180500,142.4,0.665,4.13
2026-09-30T16:42:49.350,180600,142.1,0.664,4.09
2026-09-30T16:42:49.440,180700,142.6,0.666,4.15
2026-09-30T16:42:49.551,180800,142.6,0.666,4.15
2026-09-30T16:42:49.642,180900,142.8,0.667,4.18
2026-09-30T16:42:49.744,181000,142.6,0.666,4.16
2026-09-30T16:42:49.844,181100,142.6,0.666,4.15
2026-09-30T16:42:49.949,181200,142.7,0.667,4.17
2026-09-30T16:42:50.052,181300,142.8,0.667,4.18
2026-09-30T16:42:50.152,181400,142.9,0.668,4.20
2026-09-30T16:42:50.249,181500,143.0,0.668,4.20
2026-09-30T16:42:50.352,181600,142.9,0.668,4.19
2026-09-30T16:42:50.443,181700,143.1,0.669,4.22
2026-09-30T16:42:50.552,181800,143.6,0.671,4.28
2026-09-30T16:42:50.651,181900,143.5,0.671,4.26
2026-09-30T16:42:50.752,182000,143.9,0.672,4.31
2026-09-30T16:42:50.840,182100,143.9,0.672,4.31
2026-09-30T16:42:50.950,182200,144.1,0.673,4.34
2026-09-30T16:42:51.051,182300,144.4,0.675,4.37
2026-09-30T16:42:51.140,182400,144.5,0.675,4.38
2026-09-30T16:42:51.252,182500,144.7,0.676,4.40
2026-09-30T16:42:51.348,182600,144.7,0.676,4.40
2026-09-30T16:42:51.440,182700,144.7,0.676,4.40
2026-09-30T16:42:51.551,182800,145.2,0.678,4.46
2026-09-30T16:42:51.648,182900,145.3,0.679,4.47
2026-09-30T16:42:51.747,183000,145.1,0.678,4.45
2026-09-30T16:42:51.848,183100,145.3,0.679,4.47
2026-09-30T16:42:51.945,183200,145.6,0.680,4.51
2026-09-30T16:42:52.044,183300,145.7,0.681,4.52
2026-09-30T16:42:52.140,183400,145.8,0.681,4.53
2026-09-30T16:42:52.250,183500,146.1,0.683,4.57
2026-09-30T16:42:52.350,183600,146.2,0.683,4.58
2026-09-30T16:42:52.446,183700,146.4,0.684,4.61
2026-09-30T16:42:52.550,183800,146.6,0.685,4.62
2026-09-30T16:42:52.648,183900,146.9,0.686,4.66
2026-09-30T16:42:52.748,184000,147.2,0.688,4.69
2026-09-30T16:42:52.850,184100,147.4,0.689,4.72
2026-09-30T16:42:52.947,184200,148.1,0.692,4.80
2026-09-30T16:42:53.042,184300,148.2,0.692,4.81
2026-09-30T16:42:53.138,184400,148.3,0.693,4.82
2026-09-30T16:42:53.242,184500,148.6,0.694,4.85
2026-09-30T16:42:53.349,184600,149.1,0.696,4.91
2026-09-30T16:42:53.450,184700,149.3,0.697,4.93
2026-09-30T16:42:53.549,184800,149.5,0.699,4.96
2026-09-30T16:42:53.649,184900,149.9,0.700,5.01
2026-09-30T16:42:53.748,185000,150.1,0.701,5.03
2026-09-30T16:42:53.849,185100,150.3,0.702,5.06
2026-09-30T16:42:53.948,185200,150.7,0.704,5.10
2026-09-30T16:42:54.050,185300,150.7,0.704,5.10
2026-09-30T16:42:54.147,185400,151.1,0.706,5.15
2026-09-30T16:42:54.243,185500,151.2,0.706,5.16
2026-09-30T16:42:54.347,185600,151.6,0.708,5.21
2026-09-30T16:42:54.448,185700,151.9,0.710,5.25
2026-09-30T16:42:54.548,185800,152.0,0.710,5.26
2026-09-30T16:42:54.646,185900,152.3,0.712,5.29
2026-09-30T16:42:54.743,186000,152.3,0.711,5.28
2026-09-30T16:42:54.847,186100,152.7,0.713,5.34
2026-09-30T16:42:54.933,186200,152.8,0.714,5.35
2026-09-30T16:42:55.048,186300,153.0,0.715,5.37
2026-09-30T16:42:55.147,186400,153.3,0.716,5.40
2026-09-30T16:42:55.246,186500,153.4,0.717,5.42
2026-09-30T16:42:55.348,186600,154.0,0.720,5.49
2026-09-30T16:42:55.448,186700,153.8,0.718,5.46
2026-09-30T16:42:55.545,186800,154.1,0.720,5.50
2026-09-30T16:42:55.646,186900,154.2,0.720,5.51
2026-09-30T16:42:55.744,187000,154.8,0.723,5.58
2026-09-30T16:42:55.837,187100,154.9,0.724,5.60
2026-09-30T16:42:55.934,187200,155.1,0.725,5.61
2026-09-30T16:42:56.048,187300,155.4,0.726,5.65
2026-09-30T16:42:56.147,187400,155.6,0.727,5.67
2026-09-30T16:42:56.245,187500,155.8,0.728,5.70
2026-09-30T16:42:56.345,187600,156.4,0.731,5.77
2026-09-30T16:42:56.446,187700,156.7,0.732,5.80
2026-09-30T16:42:56.547,187800,156.7,0.732,5.80
2026-09-30T16:42:56.645,187900,157.1,0.734,5.85
2026-09-30T16:42:56.746,188000,157.5,0.736,5.90
2026-09-30T16:42:56.845,188100,157.8,0.737,5.93
2026-09-30T16:42:56.947,188200,157.9,0.738,5.94
2026-09-30T16:42:57.042,188300,157.9,0.738,5.95
2026-09-30T16:42:57.144,188400,158.4,0.740,6.01
2026-09-30T16:42:57.235,188500,158.5,0.741,6.01
2026-09-30T16:42:57.342,188600,158.8,0.742,6.05
2026-09-30T16:42:57.444,188700,159.0,0.743,6.07
2026-09-30T16:42:57.542,188800,159.3,0.744,6.10
2026-09-30T16:42:57.645,188900,159.6,0.746,6.14
2026-09-30T16:42:57.735,189000,159.4,0.745,6.12
2026-09-30T16:42:57.845,189100,159.9,0.747,6.18
2026-09-30T16:42:57.930,189200,160.3,0.749,6.22
2026-09-30T16:42:58.036,189300,160.5,0.750,6.25
2026-09-30T16:42:58.134,189400,160.9,0.752,6.30
2026-09-30T16:42:58.230,189500,161.7,0.755,6.39
2026-09-30T16:42:58.341,189600,162.3,0.758,6.46
2026-09-30T16:42:58.435,189700,163.1,0.762,6.56
2026-09-30T16:42:58.531,189800,163.8,0.765,6.63
2026-09-30T16:42:58.643,189900,164.6,0.769,6.72
2026-09-30T16:42:58.744,190000,165.0,0.771,6.77
2026-09-30T16:42:58.843,190100,165.8,0.774,6.86
2026-09-30T16:42:58.938,190200,166.3,0.777,6.93
2026-09-30T16:42:59.043,190300,167.0,0.780,7.01
2026-09-30T16:42:59.144,190400,167.6,0.783,7.07
2026-09-30T16:42:59.245,190500,168.0,0.785,7.12
2026-09-30T16:42:59.345,190600,168.1,0.785,7.13
2026-09-30T16:42:59.444,190700,168.3,0.786,7.15
2026-09-30T16:42:59.543,190800,169.0,0.790,7.24
2026-09-30T16:42:59.642,190900,169.1,0.790,7.26
2026-09-30T16:42:59.743,191000,169.3,0.791,7.28
2026-09-30T16:42:59.834,191100,169.5,0.792,7.30
2026-09-30T16:42:59.933,191200,169.8,0.793,7.33
2026-09-30T16:43:00.040,191300,170.0,0.794,7.36
2026-09-30T16:43:00.135,191400,170.2,0.795,7.38
2026-09-30T16:43:00.230,191500,170.3,0.796,7.39
2026-09-30T16:43:00.345,191600,170.4,0.796,7.41
2026-09-30T16:43:00.433,191700,170.6,0.797,7.42
2026-09-30T16:43:00.530,191800,170.9,0.799,7.47
2026-09-30T16:43:00.629,191900,170.9,0.798,7.46
2026-09-30T16:43:00.732,192000,170.8,0.798,7.45
2026-09-30T16:43:00.842,192100,170.9,0.799,7.47
2026-09-30T16:43:00.942,192200,171.3,0.800,7.51
2026-09-30T16:43:01.040,192300,171.4,0.801,7.52
2026-09-30T16:43:01.132,192400,171.4,0.801,7.52
2026-09-30T16:43:01.232,192500,171.6,0.802,7.54
2026-09-30T16:43:01.339,192600,171.6,0.802,7.55
2026-09-30T16:43:01.432,192700,171.7,0.802,7.56
2026-09-30T16:43:01.532,192800,171.8,0.803,7.56
2026-09-30T16:43:01.632,192900,171.9,0.803,7.58
2026-09-30T16:43:01.741,193000,171.9,0.803,7.58
2026-09-30T16:43:01.841,193100,172.0,0.804,7.59
2026-09-30T16:43:01.933,193200,172.1,0.804,7.61
2026-09-30T16:43:02.042,193300,172.1,0.804,7.61
2026-09-30T16:43:02.141,193400,172.6,0.806,7.66
2026-09-30T16:43:02.229,193500,172.6,0.807,7.66
2026-09-30T16:43:02.334,193600,172.9,0.808,7.70
2026-09-30T16:43:02.440,193700,173.3,0.810,7.75
2026-09-30T16:43:02.534,193800,173.4,0.810,7.76
2026-09-30T16:43:02.634,193900,173.7,0.812,7.79
2026-09-30T16:43:02.741,194000,174.1,0.813,7.83
2026-09-30T16:43:02.839,194100,174.3,0.814,7.85
2026-09-30T16:43:02.933,194200,174.5,0.815,7.88
2026-09-30T16:43:03.039,194300,174.8,0.817,7.92
2026-09-30T16:43:03.133,194400,174.7,0.816,7.91
2026-09-30T16:43:03.236,194500,175.1,0.818,7.95
2026-09-30T16:43:03.332,194600,175.4,0.819,7.99
2026-09-30T16:43:03.440,194700,175.5,0.820,8.00
2026-09-30T16:43:03.540,194800,175.7,0.821,8.02
2026-09-30T16:43:03.630,194900,176.1,0.823,8.07
2026-09-30T16:43:03.727,195000,176.3,0.824,8.09
2026-09-30T16:43:03.839,195100,176.8,0.826,8.15
2026-09-30T16:43:03.939,195200,177.1,0.827,8.18
2026-09-30T16:43:04.038,195300,177.3,0.828,8.21
2026-09-30T16:43:04.131,195400,177.6,0.830,8.24
2026-09-30T16:43:04.234,195500,177.9,0.831,8.29
2026-09-30T16:43:04.339,195600,178.4,0.833,8.34
2026-09-30T16:43:04.427,195700,178.8,0.835,8.38
2026-09-30T16:43:04.528,195800,178.9,0.836,8.39
2026-09-30T16:43:04.628,195900,179.4,0.838,8.46
2026-09-30T16:43:04.728,196000,179.9,0.840,8.51
2026-09-30T16:43:04.828,196100,180.0,0.841,8.53
2026-09-30T16:43:04.928,196200,180.1,0.842,8.54
2026-09-30T16:43:05.038,196300,180.3,0.843,8.56
2026-09-30T16:43:05.129,196400,180.3,0.843,8.56
2026-09-30T16:43:05.229,196500,180.8,0.845,8.61
2026-09-30T16:43:05.333,196600,181.1,0.846,8.66
2026-09-30T16:43:05.431,196700,181.3,0.847,8.68
2026-09-30T16:43:05.532,196800,181.6,0.848,8.71
2026-09-30T16:43:05.633,196900,181.8,0.849,8.73
2026-09-30T16:43:05.733,197000,182.2,0.851,8.78
2026-09-30T16:43:05.833,197100,182.0,0.850,8.76
2026-09-30T16:43:05.933,197200,182.3,0.852,8.80
2026-09-30T16:43:06.036,197300,182.3,0.852,8.79
2026-09-30T16:43:06.134,197400,182.9,0.854,8.86
2026-09-30T16:43:06.236,197500,182.8,0.854,8.85
2026-09-30T16:43:06.334,197600,183.1,0.856,8.89
2026-09-30T16:43:06.437,197700,183.3,0.856,8.91
2026-09-30T16:43:06.537,197800,183.3,0.857,8.91
2026-09-30T16:43:06.637,197900,183.7,0.858,8.96
2026-09-30T16:43:06.736,198000,183.6,0.858,8.94
2026-09-30T16:43:06.837,198100,184.0,0.860,8.99
2026-09-30T16:43:06.936,198200,183.9,0.859,8.98
2026-09-30T16:43:07.036,198300,184.2,0.861,9.02
2026-09-30T16:43:07.137,198400,184.0,0.860,8.99
2026-09-30T16:43:07.230,198500,184.3,0.861,9.03
2026-09-30T16:43:07.327,198600,184.4,0.861,9.04
2026-09-30T16:43:07.431,198700,184.4,0.861,9.04
2026-09-30T16:43:07.534,198800,184.3,0.861,9.03
2026-09-30T16:43:07.623,198900,184.4,0.861,9.04
2026-09-30T16:43:07.725,199000,184.4,0.862,9.04
2026-09-30T16:43:07.824,199100,184.8,0.864,9.09
2026-09-30T16:43:07.935,199200,184.6,0.863,9.07
2026-09-30T16:43:08.025,199300,185.1,0.865,9.12
2026-09-30T16:43:08.136,199400,184.9,0.864,9.10
2026-09-30T16:43:08.222,199500,184.9,0.864,9.10
2026-09-30T16:43:08.330,199600,184.8,0.864,9.09
2026-09-30T16:43:08.430,199700,185.1,0.865,9.13
2026-09-30T16:43:08.530,199800,185.1,0.865,9.13
2026-09-30T16:43:08.630,199900,185.4,0.866,9.15
2026-09-30T16:43:08.725,200000,185.3,0.866,9.14
2026-09-30T16:43:08.824,200100,185.3,0.866,9.15
2026-09-30T16:43:08.923,200200,185.4,0.866,9.16
2026-09-30T16:43:09.029,200300,185.6,0.867,9.18
2026-09-30T16:43:09.124,200400,185.4,0.866,9.15
2026-09-30T16:43:09.229,200500,185.1,0.865,9.13
2026-09-30T16:43:09.330,200600,185.6,0.867,9.18
2026-09-30T16:43:09.423,200700,185.5,0.867,9.17
2026-09-30T16:43:09.522,200800,185.4,0.866,9.16
2026-09-30T16:43:09.630,200900,185.8,0.868,9.20
2026-09-30T16:43:09.723,201000,185.4,0.866,9.16
2026-09-30T16:43:09.827,201100,185.8,0.868,9.20
2026-09-30T16:43:09.931,201200,186.0,0.869,9.23
2026-09-30T16:43:10.023,201300,185.8,0.868,9.21
2026-09-30T16:43:10.133,201400,185.8,0.868,9.21
2026-09-30T16:43:10.225,201500,185.9,0.869,9.21
2026-09-30T16:43:10.331,201600,185.7,0.868,9.19
2026-09-30T16:43:10.429,201700,186.0,0.869,9.23
2026-09-30T16:43:10.530,201800,186.0,0.869,9.23
2026-09-30T16:43:10.625,201900,186.0,0.869,9.23
2026-09-30T16:43:10.728,202000,185.9,0.869,9.21
2026-09-30T16:43:10.830,202100,186.1,0.870,9.24
2026-09-30T16:43:10.925,202200,186.0,0.869,9.23
2026-09-30T16:43:11.033,202300,186.1,0.869,9.23
2026-09-30T16:43:11.126,202400,185.9,0.869,9.21
2026-09-30T16:43:11.233,202500,186.1,0.870,9.24
2026-09-30T16:43:11.334,202600,186.1,0.869,9.23
2026-09-30T16:43:11.432,202700,185.9,0.869,9.21
2026-09-30T16:43:11.524,202800,186.1,0.869,9.23
2026-09-30T16:43:11.632,202900,186.1,0.869,9.23
2026-09-30T16:43:11.724,203000,185.7,0.868,9.19
2026-09-30T16:43:11.821,203100,185.9,0.869,9.22
2026-09-30T16:43:11.924,203200,185.9,0.869,9.21
2026-09-30T16:43:12.032,203300,185.6,0.867,9.18
2026-09-30T16:43:12.130,203400,185.8,0.868,9.20
2026-09-30T16:43:12.224,203500,185.7,0.868,9.19
2026-09-30T16:43:12.331,203600,186.0,0.869,9.23
2026-09-30T16:43:12.430,203700,185.8,0.868,9.21
2026-09-30T16:43:12.524,203800,185.8,0.868,9.20
2026-09-30T16:43:12.630,203900,185.8,0.868,9.21
2026-09-30T16:43:12.720,204000,186.0,0.869,9.23
2026-09-30T16:43:12.825,204100,185.9,0.869,9.21
2026-09-30T16:43:12.930,204200,185.8,0.868,9.20
2026-09-30T16:43:13.030,204300,185.8,0.868,9.20
2026-09-30T16:43:13.130,204400,185.6,0.867,9.18
2026-09-30T16:43:13.220,204500,185.8,0.868,9.20
2026-09-30T16:43:13.328,204600,185.8,0.868,9.20
2026-09-30T16:43:13.420,204700,185.5,0.867,9.17
2026-09-30T16:43:13.529,204800,185.7,0.868,9.19
2026-09-30T16:43:13.619,204900,185.7,0.868,9.19
2026-09-30T16:43:13.724,205000,185.4,0.866,9.16
2026-09-30T16:43:13.819,205100,185.6,0.867,9.18
2026-09-30T16:43:13.927,205200,185.4,0.866,9.16
2026-09-30T16:43:14.029,205300,185.4,0.866,9.15
2026-09-30T16:43:14.126,205400,185.0,0.864,9.11
2026-09-30T16:43:14.227,205500,185.4,0.866,9.16
2026-09-30T16:43:14.318,205600,185.5,0.867,9.17
2026-09-30T16:43:14.425,205700,185.3,0.866,9.14
2026-09-30T16:43:14.530,205800,185.4,0.866,9.15
2026-09-30T16:43:14.627,205900,185.3,0.866,9.14
2026-09-30T16:43:14.725,206000,185.1,0.865,9.12
2026-09-30T16:43:14.823,206100,185.4,0.866,9.15
2026-09-30T16:43:14.927,206200,185.1,0.865,9.13
2026-09-30T16:43:15.024,206300,184.9,0.864,9.10
2026-09-30T16:43:15.129,206400,185.1,0.865,9.13
2026-09-30T16:43:15.229,206500,185.3,0.866,9.15
2026-09-30T16:43:15.327,206600,185.0,0.864,9.11
2026-09-30T16:43:15.418,206700,184.9,0.864,9.10
2026-09-30T16:43:15.517,206800,184.9,0.864,9.10
2026-09-30T16:43:15.628,206900,185.4,0.866,9.15
2026-09-30T16:43:15.725,207000,184.7,0.863,9.07
2026-09-30T16:43:15.827,207100,184.8,0.864,9.09
2026-09-30T16:43:15.926,207200,184.9,0.864,9.10
2026-09-30T16:43:16.019,207300,184.6,0.863,9.07
2026-09-30T16:43:16.127,207400,184.6,0.863,9.07
2026-09-30T16:43:16.223,207500,184.8,0.863,9.08
2026-09-30T16:43:16.328,207600,184.8,0.863,9.08
2026-09-30T16:43:16.428,207700,184.4,0.862,9.04
2026-09-30T16:43:16.525,207800,184.4,0.862,9.04
2026-09-30T16:43:16.624,207900,184.4,0.861,9.04
2026-09-30T16:43:16.726,208000,184.5,0.862,9.05
2026-09-30T16:43:16.822,208100,184.1,0.860,9.00
2026-09-30T16:43:16.927,208200,184.0,0.860,8.99
2026-09-30T16:43:17.018,208300,183.7,0.858,8.96
2026-09-30T16:43:17.124,208400,183.4,0.857,8.93
2026-09-30T16:43:17.220,208500,183.6,0.858,8.95
2026-09-30T16:43:17.325,208600,183.1,0.855,8.88
2026-09-30T16:43:17.425,208700,182.9,0.854,8.86
2026-09-30T16:43:17.518,208800,182.8,0.854,8.85
2026-09-30T16:43:17.624,208900,182.4,0.852,8.80
2026-09-30T16:43:17.726,209000,182.4,0.852,8.81
2026-09-30T16:43:17.823,209100,181.9,0.850,8.75
2026-09-30T16:43:17.922,209200,181.6,0.849,8.72
2026-09-30T16:43:18.017,209300,181.3,0.847,8.67
2026-09-30T16:43:18.111,209400,180.9,0.845,8.63
2026-09-30T16:43:18.216,209500,180.8,0.845,8.61
2026-09-30T16:43:18.324,209600,180.4,0.843,8.58
2026-09-30T16:43:18.424,209700,180.4,0.843,8.57
2026-09-30T16:43:18.525,209800,180.3,0.842,8.56
2026-09-30T16:43:18.626,209900,179.7,0.840,8.49
2026-09-30T16:43:18.717,210000,179.6,0.839,8.48
2026-09-30T16:43:18.824,210100,179.3,0.838,8.45
2026-09-30T16:43:18.919,210200,178.8,0.836,8.39
2026-09-30T16:43:19.026,210300,179.1,0.837,8.42
2026-09-30T16:43:19.116,210400,178.9,0.836,8.39
2026-09-30T16:43:19.224,210500,178.5,0.834,8.35
2026-09-30T16:43:19.325,210600,178.4,0.833,8.34
2026-09-30T16:43:19.416,210700,178.3,0.833,8.32
2026-09-30T16:43:19.525,210800,178.0,0.832,8.29
2026-09-30T16:43:19.620,210900,177.4,0.829,8.22
2026-09-30T16:43:19.724,211000,176.9,0.827,8.17
2026-09-30T16:43:19.825,211100,176.8,0.826,8.15
2026-09-30T16:43:19.922,211200,176.7,0.826,8.14
2026-09-30T16:43:20.021,211300,176.4,0.824,8.11
2026-09-30T16:43:20.111,211400,176.4,0.824,8.10
2026-09-30T16:43:20.221,211500,175.9,0.822,8.05
2026-09-30T16:43:20.309,211600,175.7,0.821,8.02
2026-09-30T16:43:20.419,211700,175.3,0.819,7.97
2026-09-30T16:43:20.516,211800,175.0,0.818,7.94
2026-09-30T16:43:20.616,211900,174.8,0.817,7.92
2026-09-30T16:43:20.717,212000,174.8,0.817,7.91
2026-09-30T16:43:20.823,212100,174.3,0.814,7.85
2026-09-30T16:43:20.923,212200,174.2,0.814,7.85
2026-09-30T16:43:21.016,212300,174.2,0.814,7.85
2026-09-30T16:43:21.114,212400,173.6,0.811,7.78
2026-09-30T16:43:21.215,212500,173.4,0.810,7.75
2026-09-30T16:43:21.315,212600,173.1,0.809,7.72
2026-09-30T16:43:21.421,212700,172.8,0.807,7.68
2026-09-30T16:43:21.523,212800,172.5,0.806,7.65
2026-09-30T16:43:21.621,212900,172.4,0.805,7.64
2026-09-30T16:43:21.718,213000,172.1,0.804,7.60
2026-09-30T16:43:21.823,213100,172.0,0.804,7.59
2026-09-30T16:43:21.918,213200,171.9,0.803,7.58
2026-09-30T16:43:22.015,213300,171.4,0.801,7.53
2026-09-30T16:43:22.122,213400,171.3,0.800,7.51
2026-09-30T16:43:22.222,213500,170.9,0.798,7.46
2026-09-30T16:43:22.315,213600,170.8,0.798,7.45
2026-09-30T16:43:22.421,213700,170.6,0.797,7.43
2026-09-30T16:43:22.521,213800,170.4,0.796,7.40
2026-09-30T16:43:22.621,213900,170.2,0.795,7.38
2026-09-30T16:43:22.721,214000,169.8,0.793,7.33
2026-09-30T16:43:22.817,214100,169.3,0.791,7.28
2026-09-30T16:43:22.915,214200,169.6,0.793,7.31
2026-09-30T16:43:23.018,214300,168.9,0.789,7.23
2026-09-30T16:43:23.117,214400,168.9,0.789,7.23
2026-09-30T16:43:23.220,214500,168.6,0.788,7.20
2026-09-30T16:43:23.318,214600,168.7,0.788,7.20
2026-09-30T16:43:23.420,214700,168.1,0.786,7.14
2026-09-30T16:43:23.522,214800,168.1,0.785,7.13
2026-09-30T16:43:23.622,214900,167.9,0.784,7.11
2026-09-30T16:43:23.719,215000,167.3,0.782,7.04
2026-09-30T16:43:23.821,215100,167.2,0.781,7.03
2026-09-30T16:43:23.920,215200,167.1,0.781,7.02
2026-09-30T16:43:24.017,215300,166.6,0.779,6.96
2026-09-30T16:43:24.117,215400,166.5,0.778,6.95
2026-09-30T16:43:24.221,215500,166.1,0.776,6.91
2026-09-30T16:43:24.316,215600,166.3,0.777,6.92
2026-09-30T16:43:24.420,215700,165.8,0.774,6.86
2026-09-30T16:43:24.521,215800,165.4,0.773,6.82
2026-09-30T16:43:24.614,215900,165.3,0.772,6.81
2026-09-30T16:43:24.719,216000,164.9,0.771,6.77
2026-09-30T16:43:24.818,216100,164.9,0.771,6.77
2026-09-30T16:43:24.913,216200,164.6,0.769,6.73
2026-09-30T16:43:25.018,216300,164.6,0.769,6.73
2026-09-30T16:43:25.105,216400,164.4,0.768,6.70
2026-09-30T16:43:25.205,216500,164.2,0.767,6.68
2026-09-30T16:43:25.320,216600,163.8,0.765,6.64
2026-09-30T16:43:25.413,216700,163.4,0.763,6.58
2026-09-30T16:43:25.512,216800,163.1,0.762,6.56
2026-09-30T16:43:25.619,216900,162.8,0.760,6.51
2026-09-30T16:43:25.711,217000,162.8,0.760,6.51
2026-09-30T16:43:25.813,217100,162.6,0.760,6.49
2026-09-30T16:43:25.904,217200,162.3,0.758,6.46
2026-09-30T16:43:26.004,217300,162.1,0.758,6.44
2026-09-30T16:43:26.115,217400,161.9,0.756,6.41
2026-09-30T16:43:26.217,217500,161.8,0.756,6.39
2026-09-30T16:43:26.317,217600,161.6,0.755,6.37
2026-09-30T16:43:26.417,217700,161.7,0.755,6.39
2026-09-30T16:43:26.504,217800,161.0,0.752,6.31
2026-09-30T16:43:26.603,217900,160.8,0.751,6.29
2026-09-30T16:43:26.714,218000,160.7,0.751,6.27
2026-09-30T16:43:26.810,218100,160.2,0.748,6.21
2026-09-30T16:43:26.917,218200,160.4,0.750,6.24
2026-09-30T16:43:27.019,218300,159.9,0.747,6.18
2026-09-30T16:43:27.112,218400,159.8,0.747,6.17
2026-09-30T16:43:27.204,218500,159.7,0.746,6.15
2026-09-30T16:43:27.315,218600,159.4,0.745,6.12
2026-09-30T16:43:27.417,218700,159.3,0.744,6.11
2026-09-30T16:43:27.516,218800,159.1,0.743,6.08
2026-09-30T16:43:27.616,218900,158.8,0.742,6.05
2026-09-30T16:43:27.716,219000,158.4,0.740,6.01
2026-09-30T16:43:27.812,219100,158.5,0.741,6.01
2026-09-30T16:43:27.912,219200,157.8,0.737,5.93
2026-09-30T16:43:28.005,219300,157.9,0.738,5.95
2026-09-30T16:43:28.111,219400,157.6,0.737,5.91
2026-09-30T16:43:28.201,219500,157.6,0.736,5.91
2026-09-30T16:43:28.317,219600,157.1,0.734,5.85
2026-09-30T16:43:28.416,219700,157.3,0.735,5.87
2026-09-30T16:43:28.513,219800,156.6,0.732,5.80
2026-09-30T16:43:28.611,219900,156.6,0.732,5.80
2026-09-30T16:43:28.716,220000,156.5,0.731,5.78
2026-09-30T16:43:28.813,220100,156.3,0.730,5.76
2026-09-30T16:43:28.915,220200,156.1,0.729,5.73
2026-09-30T16:43:29.011,220300,155.7,0.727,5.69
2026-09-30T16:43:29.115,220400,155.8,0.728,5.69
2026-09-30T16:43:29.213,220500,155.7,0.727,5.69
2026-09-30T16:43:29.315,220600,155.5,0.727,5.66
2026-09-30T16:43:29.411,220700,154.9,0.724,5.60
2026-09-30T16:43:29.511,220800,155.0,0.724,5.61
2026-09-30T16:43:29.600,220900,154.7,0.723,5.57
2026-09-30T16:43:29.711,221000,154.6,0.722,5.55
2026-09-30T16:43:29.802,221100,154.1,0.720,5.50
2026-09-30T16:43:29.912,221200,153.8,0.719,5.47
2026-09-30T16:43:30.001,221300,153.9,0.719,5.47
2026-09-30T16:43:30.112,221400,153.6,0.718,5.44
2026-09-30T16:43:30.210,221500,153.4,0.717,5.42
2026-09-30T16:43:30.311,221600,153.2,0.716,5.39
2026-09-30T16:43:30.400,221700,152.8,0.714,5.34
2026-09-30T16:43:30.502,221800,152.8,0.714,5.35
2026-09-30T16:43:30.613,221900,152.6,0.713,5.33
2026-09-30T16:43:30.711,222000,152.3,0.712,5.29
2026-09-30T16:43:30.809,222100,152.2,0.711,5.28
2026-09-30T16:43:30.910,222200,151.9,0.710,5.24
2026-09-30T16:43:31.012,222300,151.7,0.709,5.22
2026-09-30T16:43:31.098,222400,151.8,0.709,5.23
2026-09-30T16:43:31.212,222500,151.6,0.708,5.20
2026-09-30T16:43:31.312,222600,151.1,0.706,5.15
2026-09-30T16:43:31.412,222700,150.9,0.705,5.13
2026-09-30T16:43:31.514,222800,150.3,0.702,5.06
2026-09-30T16:43:31.610,222900,149.4,0.698,4.96
2026-09-30T16:43:31.702,223000,148.5,0.694,4.85
2026-09-30T16:43:31.804,223100,147.2,0.688,4.69
2026-09-30T16:43:31.912,223200,144.7,0.676,4.40
2026-09-30T16:43:32.008,223300,142.0,0.663,4.09
2026-09-30T16:43:32.110,223400,140.3,0.655,3.88
2026-09-30T16:43:32.201,223500,138.8,0.649,3.72
2026-09-30T16:43:32.307,223600,137.6,0.643,3.57
2026-09-30T16:43:32.409,223700,136.5,0.638,3.45
2026-09-30T16:43:32.499,223800,135.9,0.635,3.37
2026-09-30T16:43:32.610,223900,135.1,0.631,3.28
2026-09-30T16:43:32.702,224000,134.2,0.627,3.17
2026-09-30T16:43:32.811,224100,133.7,0.625,3.12
2026-09-30T16:43:32.912,224200,132.9,0.621,3.02
2026-09-30T16:43:33.012,224300,132.1,0.617,2.93
2026-09-30T16:43:33.111,224400,131.9,0.616,2.91
2026-09-30T16:43:33.210,224500,131.0,0.612,2.80
2026-09-30T16:43:33.301,224600,130.6,0.610,2.76
2026-09-30T16:43:33.402,224700,129.9,0.607,2.68
2026-09-30T16:43:33.501,224800,129.7,0.606,2.65
2026-09-30T16:43:33.600,224900,128.9,0.602,2.55
2026-09-30T16:43:33.703,225000,128.5,0.600,2.51
2026-09-30T16:43:33.805,225100,128.1,0.599,2.47
2026-09-30T16:43:33.900,225200,127.6,0.596,2.41
2026-09-30T16:43:34.000,225300,127.1,0.594,2.35
2026-09-30T16:43:34.111,225400,126.6,0.592,2.29
2026-09-30T16:43:34.196,225500,125.8,0.588,2.20
2026-09-30T16:43:34.310,225600,125.7,0.587,2.18
2026-09-30T16:43:34.410,225700,125.5,0.586,2.16
2026-09-30T16:43:34.497,225800,125.1,0.585,2.12
2026-09-30T16:43:34.600,225900,124.5,0.582,2.04
2026-09-30T16:43:34.696,226000,124.6,0.582,2.06
2026-09-30T16:43:34.800,226100,124.0,0.579,1.98
2026-09-30T16:43:34.896,226200,123.8,0.578,1.96
2026-09-30T16:43:35.010,226300,123.4,0.576,1.91
2026-09-30T16:43:35.110,226400,123.3,0.576,1.90
2026-09-30T16:43:35.200,226500,122.6,0.573,1.82
2026-09-30T16:43:35.308,226600,122.8,0.574,1.85
2026-09-30T16:43:35.408,226700,122.3,0.572,1.79
2026-09-30T16:43:35.509,226800,122.1,0.570,1.76
2026-09-30T16:43:35.598,226900,121.6,0.568,1.70
2026-09-30T16:43:35.695,227000,121.3,0.567,1.67
2026-09-30T16:43:35.809,227100,120.9,0.565,1.62
2026-09-30T16:43:35.906,227200,120.7,0.564,1.60
2026-09-30T16:43:36.004,227300,120.8,0.565,1.61
2026-09-30T16:43:36.108,227400,120.4,0.562,1.56
2026-09-30T16:43:36.209,227500,120.1,0.561,1.53
2026-09-30T16:43:36.309,227600,120.0,0.561,1.52
2026-09-30T16:43:36.400,227700,119.6,0.559,1.47
2026-09-30T16:43:36.505,227800,119.8,0.560,1.49
2026-09-30T16:43:36.608,227900,119.2,0.557,1.42
2026-09-30T16:43:36.708,228000,119.1,0.556,1.41
2026-09-30T16:43:36.807,228100,119.1,0.557,1.42
2026-09-30T16:43:36.908,228200,118.7,0.555,1.36
2026-09-30T16:43:36.993,228300,118.5,0.554,1.34
2026-09-30T16:43:37.107,228400,118.1,0.552,1.30
2026-09-30T16:43:37.203,228500,117.9,0.551,1.28
2026-09-30T16:43:37.298,228600,118.1,0.552,1.29
2026-09-30T16:43:37.395,228700,118.1,0.552,1.29
2026-09-30T16:43:37.508,228800,117.4,0.548,1.21
2026-09-30T16:43:37.608,228900,117.4,0.549,1.22
2026-09-30T16:43:37.700,229000,117.1,0.547,1.18
2026-09-30T16:43:37.801,229100,117.1,0.547,1.17
2026-09-30T16:43:37.907,229200,116.8,0.546,1.14
2026-09-30T16:43:38.001,229300,116.8,0.546,1.15
2026-09-30T16:43:38.102,229400,116.4,0.544,1.09
2026-09-30T16:43:38.203,229500,116.2,0.543,1.07
2026-09-30T16:43:38.303,229600,116.3,0.543,1.09
2026-09-30T16:43:38.403,229700,116.1,0.543,1.06
2026-09-30T16:43:38.504,229800,115.8,0.541,1.03
2026-09-30T16:43:38.603,229900,115.8,0.541,1.02
2026-09-30T16:43:38.707,230000,115.6,0.540,1.00
2026-09-30T16:43:38.805,230100,115.6,0.540,1.00
2026-09-30T16:43:38.904,230200,115.4,0.539,0.98
2026-09-30T16:43:39.004,230300,115.0,0.537,0.93
2026-09-30T16:43:39.104,230400,114.9,0.537,0.93
2026-09-30T16:43:39.205,230500,114.7,0.536,0.90
2026-09-30T16:43:39.305,230600,114.8,0.536,0.90
2026-09-30T16:43:39.394,230700,114.5,0.535,0.88
2026-09-30T16:43:39.506,230800,114.5,0.535,0.88
2026-09-30T16:43:39.605,230900,114.3,0.534,0.85
2026-09-30T16:43:39.703,231000,114.3,0.534,0.85
2026-09-30T16:43:39.795,231100,114.3,0.534,0.85
2026-09-30T16:43:39.906,231200,113.9,0.532,0.81
2026-09-30T16:43:40.005,231300,113.9,0.532,0.80
2026-09-30T16:43:40.099,231400,113.9,0.532,0.81
2026-09-30T16:43:40.204,231500,113.4,0.530,0.75
2026-09-30T16:43:40.302,231600,113.6,0.531,0.77
2026-09-30T16:43:40.405,231700,113.4,0.530,0.74
2026-09-30T16:43:40.494,231800,113.3,0.529,0.74
2026-09-30T16:43:40.601,231900,113.3,0.529,0.73
2026-09-30T16:43:40.704,232000,113.2,0.529,0.72
2026-09-30T16:43:40.803,232100,112.8,0.527,0.68
2026-09-30T16:43:40.896,232200,112.6,0.526,0.65
2026-09-30T16:43:40.993,232300,112.7,0.527,0.66
2026-09-30T16:43:41.105,232400,112.7,0.527,0.66
2026-09-30T16:43:41.203,232500,112.6,0.526,0.65
2026-09-30T16:43:41.304,232600,112.5,0.526,0.64
2026-09-30T16:43:41.392,232700,112.3,0.525,0.62
2026-09-30T16:43:41.489,232800,112.1,0.524,0.60
2026-09-30T16:43:41.592,232900,112.1,0.524,0.60
2026-09-30T16:43:41.690,233000,112.2,0.524,0.60
2026-09-30T16:43:41.789,233100,111.9,0.523,0.58
2026-09-30T16:43:41.903,233200,111.9,0.523,0.58
2026-09-30T16:43:41.993,233300,111.7,0.522,0.55
2026-09-30T16:43:42.099,233400,111.6,0.522,0.54
2026-09-30T16:43:42.203,233500,111.8,0.522,0.55
2026-09-30T16:43:42.287,233600,111.9,0.523,0.58
2026-09-30T16:43:42.401,233700,111.3,0.520,0.50
2026-09-30T16:43:42.501,233800,111.3,0.520,0.50
2026-09-30T16:43:42.602,233900,111.3,0.520,0.50
2026-09-30T16:43:42.703,234000,111.4,0.520,0.51
2026-09-30T16:43:42.788,234100,110.9,0.518,0.45
2026-09-30T16:43:42.902,234200,111.2,0.520,0.49
2026-09-30T16:43:42.987,234300,110.8,0.517,0.44
2026-09-30T16:43:43.096,234400,110.6,0.517,0.42
2026-09-30T16:43:43.193,234500,110.8,0.517,0.44
2026-09-30T16:43:43.292,234600,110.4,0.516,0.40
2026-09-30T16:43:43.388,234700,110.7,0.517,0.43
2026-09-30T16:43:43.494,234800,110.4,0.516,0.40
2026-09-30T16:43:43.594,234900,110.8,0.518,0.44
2026-09-30T16:43:43.689,235000,110.3,0.515,0.39
2026-09-30T16:43:43.795,235100,110.3,0.515,0.39
2026-09-30T16:43:43.887,235200,110.1,0.515,0.36
2026-09-30T16:43:43.994,235300,110.3,0.515,0.39
2026-09-30T16:43:44.093,235400,110.3,0.515,0.39
2026-09-30T16:43:44.188,235500,110.4,0.516,0.39
2026-09-30T16:43:44.295,235600,110.1,0.515,0.36
2026-09-30T16:43:44.385,235700,109.6,0.512,0.31
2026-09-30T16:43:44.487,235800,110.0,0.514,0.35
2026-09-30T16:43:44.594,235900,109.8,0.513,0.32
2026-09-30T16:43:44.693,236000,109.8,0.513,0.33
2026-09-30T16:43:44.800,236100,109.8,0.513,0.32
2026-09-30T16:43:44.895,236200,109.6,0.512,0.30
2026-09-30T16:43:44.993,236300,109.5,0.512,0.29
2026-09-30T16:43:45.092,236400,109.5,0.512,0.29
2026-09-30T16:43:45.195,236500,109.1,0.510,0.25
2026-09-30T16:43:45.286,236600,109.3,0.511,0.27
2026-09-30T16:43:45.388,236700,109.2,0.510,0.25
2026-09-30T16:43:45.487,236800,109.0,0.509,0.23
2026-09-30T16:43:45.599,236900,108.9,0.509,0.22
2026-09-30T16:43:45.693,237000,108.8,0.508,0.20
2026-09-30T16:43:45.799,237100,108.9,0.509,0.23
2026-09-30T16:43:45.897,237200,108.8,0.508,0.20
2026-09-30T16:43:45.990,237300,109.3,0.510,0.26
2026-09-30T16:43:46.099,237400,108.8,0.508,0.20
2026-09-30T16:43:46.186,237500,108.4,0.507,0.17
2026-09-30T16:43:46.288,237600,108.8,0.508,0.20
2026-09-30T16:43:46.398,237700,108.6,0.508,0.19
2026-09-30T16:43:46.485,237800,108.4,0.507,0.17
2026-09-30T16:43:46.598,237900,108.4,0.506,0.16
2026-09-30T16:43:46.693,238000,108.5,0.507,0.17
2026-09-30T16:43:46.793,238100,108.4,0.506,0.16
2026-09-30T16:43:46.892,238200,108.4,0.507,0.17
2026-09-30T16:43:46.989,238300,108.3,0.506,0.15
2026-09-30T16:43:47.085,238400,108.2,0.506,0.14
2026-09-30T16:43:47.197,238500,108.2,0.506,0.14
2026-09-30T16:43:47.292,238600,108.3,0.506,0.15
2026-09-30T16:43:47.397,238700,108.1,0.505,0.13
2026-09-30T16:43:47.484,238800,108.1,0.505,0.13
2026-09-30T16:43:47.586,238900,108.0,0.505,0.12
2026-09-30T16:43:47.697,239000,108.0,0.505,0.12
2026-09-30T16:43:47.788,239100,108.0,0.505,0.12
2026-09-30T16:43:47.891,239200,107.8,0.503,0.09
2026-09-30T16:43:47.989,239300,107.8,0.504,0.09
2026-09-30T16:43:48.091,239400,108.0,0.505,0.12
2026-09-30T16:43:48.185,239500,107.8,0.503,0.09
2026-09-30T16:43:48.291,239600,107.8,0.503,0.09
2026-09-30T16:43:48.390,239700,107.6,0.503,0.07
2026-09-30T16:43:48.484,239800,107.7,0.503,0.08
2026-09-30T16:43:48.592,239900,107.8,0.504,0.09
2026-09-30T16:43:48.686,240000,107.3,0.501,0.04
2026-09-30T16:43:48.792,240100,107.4,0.502,0.05
2026-09-30T16:43:48.889,240200,107.6,0.503,0.07
2026-09-30T16:43:48.985,240300,107.3,0.501,0.03
2026-09-30T16:43:49.089,240400,107.2,0.501,0.02
2026-09-30T16:43:49.186,240500,107.3,0.501,0.03
2026-09-30T16:43:49.283,240600,107.2,0.501,0.02
2026-09-30T16:43:49.391,240700,107.1,0.500,0.01
2026-09-30T16:43:49.485,240800,107.1,0.500,0.01
2026-09-30T16:43:49.588,240900,107.2,0.501,0.02
2026-09-30T16:43:49.686,241000,107.2,0.501,0.02
2026-09-30T16:43:49.795,241100,107.1,0.500,0.01
2026-09-30T16:43:49.891,241200,106.9,0.499,0.00
2026-09-30T16:43:49.994,241300,106.6,0.498,0.00
2026-09-30T16:43:50.092,241400,106.8,0.499,0.00
2026-09-30T16:43:50.192,241500,106.7,0.499,0.00
2026-09-30T16:43:50.292,241600,106.6,0.498,0.00
2026-09-30T16:43:50.384,241700,106.6,0.498,0.00
2026-09-30T16:43:50.487,241800,106.3,0.496,0.00
2026-09-30T16:43:50.583,241900,106.6,0.498,0.00
2026-09-30T16:43:50.691,242000,106.3,0.496,0.00
2026-09-30T16:43:50.793,242100,106.1,0.496,0.00
2026-09-30T16:43:50.880,242200,106.3,0.496,0.00
2026-09-30T16:43:50.994,242300,106.1,0.496,0.00
2026-09-30T16:43:51.085,242400,106.1,0.496,0.00
2026-09-30T16:43:51.194,242500,106.1,0.496,0.00
2026-09-30T16:43:51.290,242600,106.1,0.496,0.00
2026-09-30T16:43:51.390,242700,105.9,0.495,0.00
2026-09-30T16:43:51.489,242800,105.8,0.494,0.00
2026-09-30T16:43:51.588,242900,106.1,0.496,0.00
2026-09-30T16:43:51.693,243000,106.0,0.495,0.00
2026-09-30T16:43:51.793,243100,105.8,0.494,0.00
2026-09-30T16:43:51.884,243200,105.7,0.494,0.00
2026-09-30T16:43:51.983,243300,105.5,0.493,0.00
2026-09-30T16:43:52.083,243400,105.7,0.494,0.00
2026-09-30T16:43:52.192,243500,105.5,0.493,0.00
2026-09-30T16:43:52.289,243600,105.4,0.492,0.00
2026-09-30T16:43:52.392,243700,105.4,0.493,0.00
2026-09-30T16:43:52.491,243800,105.4,0.492,0.00
2026-09-30T16:43:52.585,243900,105.2,0.491,0.00
2026-09-30T16:43:52.690,244000,105.2,0.491,0.00
2026-09-30T16:43:52.791,244100,105.1,0.491,0.00
2026-09-30T16:43:52.891,244200,105.1,0.491,0.00
2026-09-30T16:43:52.992,244300,105.0,0.491,0.00
2026-09-30T16:43:53.092,244400,105.1,0.491,0.00
2026-09-30T16:43:53.192,244500,105.2,0.491,0.00
2026-09-30T16:43:53.291,244600,105.0,0.491,0.00
2026-09-30T16:43:53.386,244700,104.9,0.490,0.00
2026-09-30T16:43:53.487,244800,105.0,0.491,0.00
2026-09-30T16:43:53.581,244900,104.8,0.489,0.00
2026-09-30T16:43:53.689,245000,104.6,0.489,0.00
2026-09-30T16:43:53.792,245100,104.8,0.490,0.00
2026-09-30T16:43:53.890,245200,104.6,0.489,0.00
2026-09-30T16:43:53.985,245300,104.6,0.489,0.00
2026-09-30T16:43:54.084,245400,104.4,0.488,0.00
2026-09-30T16:43:54.192,245500,104.8,0.490,0.00
2026-09-30T16:43:54.287,245600,104.6,0.489,0.00
2026-09-30T16:43:54.389,245700,104.4,0.488,0.00
2026-09-30T16:43:54.490,245800,104.5,0.488,0.00
2026-09-30T16:43:54.589,245900,104.3,0.487,0.00
2026-09-30T16:43:54.691,246000,104.7,0.489,0.00
2026-09-30T16:43:54.791,246100,104.4,0.488,0.00
2026-09-30T16:43:54.890,246200,104.4,0.488,0.00
2026-09-30T16:43:54.989,246300,104.4,0.488,0.00
2026-09-30T16:43:55.081,246400,104.4,0.488,0.00
2026-09-30T16:43:55.190,246500,104.5,0.488,0.00
2026-09-30T16:43:55.283,246600,104.4,0.488,0.00
2026-09-30T16:43:55.389,246700,104.6,0.489,0.00
2026-09-30T16:43:55.488,246800,104.3,0.487,0.00
2026-09-30T16:43:55.589,246900,104.2,0.487,0.00
2026-09-30T16:43:55.687,247000,104.3,0.487,0.00
2026-09-30T16:43:55.786,247100,104.3,0.487,0.00
2026-09-30T16:43:55.889,247200,104.3,0.487,0.00
2026-09-30T16:43:55.989,247300,104.3,0.487,0.00
2026-09-30T16:43:56.080,247400,104.2,0.487,0.00
2026-09-30T16:43:56.189,247500,104.1,0.487,0.00
2026-09-30T16:43:56.283,247600,104.1,0.486,0.00
2026-09-30T16:43:56.389,247700,103.8,0.485,0.00
2026-09-30T16:43:56.488,247800,104.0,0.486,0.00
2026-09-30T16:43:56.581,247900,103.9,0.486,0.00
2026-09-30T16:43:56.688,248000,104.0,0.486,0.00
2026-09-30T16:43:56.780,248100,104.0,0.486,0.00
2026-09-30T16:43:56.886,248200,103.9,0.486,0.00
2026-09-30T16:43:56.985,248300,103.9,0.485,0.00
2026-09-30T16:43:57.089,248400,103.9,0.486,0.00
2026-09-30T16:43:57.181,248500,103.9,0.486,0.00
2026-09-30T16:43:57.288,248600,103.9,0.485,0.00
2026-09-30T16:43:57.379,248700,103.8,0.485,0.00
2026-09-30T16:43:57.479,248800,103.9,0.486,0.00
2026-09-30T16:43:57.587,248900,103.8,0.485,0.00
2026-09-30T16:43:57.687,249000,103.6,0.484,0.00
2026-09-30T16:43:57.779,249100,103.6,0.484,0.00
2026-09-30T16:43:57.886,249200,103.6,0.484,0.00
2026-09-30T16:43:57.985,249300,103.8,0.485,0.00
2026-09-30T16:43:58.079,249400,103.5,0.484,0.00
2026-09-30T16:43:58.186,249500,103.7,0.484,0.00
2026-09-30T16:43:58.276,249600,103.5,0.484,0.00
2026-09-30T16:43:58.386,249700,103.6,0.484,0.00
2026-09-30T16:43:58.486,249800,103.6,0.484,0.00
2026-09-30T16:43:58.582,249900,103.7,0.484,0.00
2026-09-30T16:43:58.679,250000,103.8,0.485,0.00
2026-09-30T16:43:58.782,250100,103.6,0.484,0.00
2026-09-30T16:43:58.885,250200,103.5,0.484,0.00
2026-09-30T16:43:58.981,250300,103.7,0.484,0.00
2026-09-30T16:43:59.079,250400,103.7,0.484,0.00
2026-09-30T16:43:59.179,250500,103.5,0.484,0.00
2026-09-30T16:43:59.284,250600,103.9,0.486,0.00
2026-09-30T16:43:59.379,250700,103.8,0.485,0.00
2026-09-30T16:43:59.479,250800,103.8,0.485,0.00
2026-09-30T16:43:59.579,250900,103.8,0.485,0.00
2026-09-30T16:43:59.685,251000,103.8,0.485,0.00
2026-09-30T16:43:59.785,251100,103.5,0.484,0.00
2026-09-30T16:43:59.886,251200,103.6,0.484,0.00
2026-09-30T16:43:59.985,251300,103.6,0.484,0.00
2026-09-30T16:44:00.084,251400,103.5,0.484,0.00
2026-09-30T16:44:00.186,251500,103.6,0.484,0.00
2026-09-30T16:44:00.283,251600,103.4,0.483,0.00
2026-09-30T16:44:00.384,251700,103.1,0.482,0.00
2026-09-30T16:44:00.479,251800,103.3,0.483,0.00
2026-09-30T16:44:00.577,251900,103.3,0.482,0.00
2026-09-30T16:44:00.678,252000,103.4,0.483,0.00
2026-09-30T16:44:00.786,252100,103.6,0.484,0.00
2026-09-30T16:44:00.885,252200,103.3,0.482,0.00
2026-09-30T16:44:00.984,252300,103.5,0.484,0.00
2026-09-30T16:44:01.085,252400,103.4,0.483,0.00
2026-09-30T16:44:01.180,252500,103.4,0.483,0.00
2026-09-30T16:44:01.284,252600,103.3,0.483,0.00
2026-09-30T16:44:01.381,252700,103.3,0.482,0.00
2026-09-30T16:44:01.484,252800,103.3,0.483,0.00
2026-09-30T16:44:01.584,252900,103.4,0.483,0.00
2026-09-30T16:44:01.680,253000,103.4,0.483,0.00
2026-09-30T16:44:01.777,253100,103.5,0.484,0.00
2026-09-30T16:44:01.884,253200,103.3,0.483,0.00
2026-09-30T16:44:01.984,253300,103.1,0.482,0.00
2026-09-30T16:44:02.083,253400,103.2,0.482,0.00
2026-09-30T16:44:02.169,253500,103.3,0.482,0.00
2026-09-30T16:44:02.282,253600,103.1,0.482,0.00
2026-09-30T16:44:02.382,253700,103.3,0.483,0.00
2026-09-30T16:44:02.479,253800,103.2,0.482,0.00
2026-09-30T16:44:02.582,253900,103.1,0.482,0.00
2026-09-30T16:44:02.683,254000,103.3,0.482,0.00
2026-09-30T16:44:02.780,254100,103.1,0.482,0.00
2026-09-30T16:44:02.882,254200,103.1,0.482,0.00
2026-09-30T16:44:02.983,254300,103.0,0.481,0.00
2026-09-30T16:44:03.078,254400,102.9,0.481,0.00
2026-09-30T16:44:03.182,254500,103.2,0.482,0.00
2026-09-30T16:44:03.277,254600,102.9,0.481,0.00
2026-09-30T16:44:03.378,254700,103.1,0.482,0.00
2026-09-30T16:44:03.482,254800,102.9,0.481,0.00
2026-09-30T16:44:03.577,254900,102.9,0.481,0.00
2026-09-30T16:44:03.681,255000,102.6,0.480,0.00
2026-09-30T16:44:03.779,255100,102.8,0.480,0.00
2026-09-30T16:44:03.875,255200,102.8,0.480,0.00
2026-09-30T16:44:03.981,255300,102.7,0.480,0.00
2026-09-30T16:44:04.081,255400,102.5,0.479,0.00
2026-09-30T16:44:04.176,255500,102.7,0.480,0.00
2026-09-30T16:44:04.281,255600,102.2,0.477,0.00
2026-09-30T16:44:04.369,255700,102.4,0.479,0.00
2026-09-30T16:44:04.481,255800,102.1,0.477,0.00
2026-09-30T16:44:04.568,255900,102.4,0.479,0.00
2026-09-30T16:44:04.677,256000,102.2,0.477,0.00
2026-09-30T16:44:04.766,256100,102.2,0.477,0.00
2026-09-30T16:44:04.880,256200,102.2,0.477,0.00
2026-09-30T16:44:04.976,256300,102.3,0.478,0.00
2026-09-30T16:44:05.076,256400,101.9,0.476,0.00
2026-09-30T16:44:05.176,256500,102.0,0.477,0.00
2026-09-30T16:44:05.266,256600,101.9,0.476,0.00
2026-09-30T16:44:05.375,256700,102.1,0.477,0.00
2026-09-30T16:44:05.474,256800,101.9,0.476,0.00
2026-09-30T16:44:05.575,256900,101.7,0.475,0.00
2026-09-30T16:44:05.680,257000,101.6,0.475,0.00
2026-09-30T16:44:05.777,257100,101.8,0.475,0.00
2026-09-30T16:44:05.873,257200,101.8,0.476,0.00
2026-09-30T16:44:05.965,257300,101.9,0.476,0.00
2026-09-30T16:44:06.074,257400,101.8,0.475,0.00
2026-09-30T16:44:06.177,257500,101.8,0.476,0.00
2026-09-30T16:44:06.277,257600,101.7,0.475,0.00
2026-09-30T16:44:06.376,257700,101.8,0.476,0.00
2026-09-30T16:44:06.478,257800,101.5,0.474,0.00
2026-09-30T16:44:06.576,257900,101.8,0.475,0.00
2026-09-30T16:44:06.666,258000,101.8,0.476,0.00
2026-09-30T16:44:06.776,258100,101.9,0.476,0.00
2026-09-30T16:44:06.878,258200,101.8,0.476,0.00
2026-09-30T16:44:06.976,258300,102.2,0.477,0.00
2026-09-30T16:44:07.077,258400,101.8,0.476,0.00
2026-09-30T16:44:07.178,258500,101.6,0.475,0.00
2026-09-30T16:44:07.279,258600,102.1,0.477,0.00
2026-09-30T16:44:07.374,258700,102.2,0.477,0.00
2026-09-30T16:44:07.466,258800,101.9,0.476,0.00
2026-09-30T16:44:07.575,258900,101.6,0.475,0.00
2026-09-30T16:44:07.675,259000,102.0,0.477,0.00
2026-09-30T16:44:07.777,259100,102.1,0.477,0.00
2026-09-30T16:44:07.877,259200,101.6,0.475,0.00
2026-09-30T16:44:07.966,259300,101.8,0.476,0.00
2026-09-30T16:44:08.077,259400,101.8,0.475,0.00
2026-09-30T16:44:08.176,259500,101.6,0.475,0.00
2026-09-30T16:44:08.275,259600,101.9,0.476,0.00
2026-09-30T16:44:08.377,259700,101.7,0.475,0.00
2026-09-30T16:44:08.474,259800,101.8,0.475,0.00
2026-09-30T16:44:08.576,259900,102.0,0.477,0.00
2026-09-30T16:44:08.677,260000,102.0,0.477,0.00
2026-09-30T16:44:08.777,260100,102.2,0.477,0.00
2026-09-30T16:44:08.874,260200,101.9,0.476,0.00
2026-09-30T16:44:08.965,260300,101.5,0.474,0.00
2026-09-30T16:44:09.077,260400,101.9,0.476,0.00
2026-09-30T16:44:09.174,260500,101.8,0.476,0.00
2026-09-30T16:44:09.273,260600,101.8,0.476,0.00
2026-09-30T16:44:09.364,260700,101.6,0.475,0.00
2026-09-30T16:44:09.474,260800,101.7,0.475,0.00
2026-09-30T16:44:09.566,260900,102.0,0.477,0.00
2026-09-30T16:44:09.665,261000,101.9,0.476,0.00
2026-09-30T16:44:09.771,261100,101.6,0.475,0.00
2026-09-30T16:44:09.871,261200,101.6,0.475,0.00
2026-09-30T16:44:09.964,261300,101.9,0.476,0.00
2026-09-30T16:44:10.071,261400,101.6,0.475,0.00
2026-09-30T16:44:10.173,261500,101.9,0.476,0.00
2026-09-30T16:44:10.275,261600,101.8,0.476,0.00
2026-09-30T16:44:10.370,261700,101.7,0.475,0.00
2026-09-30T16:44:10.472,261800,101.4,0.474,0.00
2026-09-30T16:44:10.572,261900,101.9,0.476,0.00
2026-09-30T16:44:10.668,262000,101.9,0.476,0.00
2026-09-30T16:44:10.775,262100,101.6,0.475,0.00
2026-09-30T16:44:10.875,262200,101.8,0.476,0.00
2026-09-30T16:44:10.973,262300,102.0,0.477,0.00
2026-09-30T16:44:11.072,262400,101.6,0.475,0.00
2026-09-30T16:44:11.173,262500,102.1,0.477,0.00
2026-09-30T16:44:11.273,262600,101.6,0.475,0.00
2026-09-30T16:44:11.373,262700,101.6,0.475,0.00
2026-09-30T16:44:11.473,262800,101.9,0.476,0.00
2026-09-30T16:44:11.574,262900,101.9,0.476,0.00
2026-09-30T16:44:11.674,263000,101.9,0.476,0.00
2026-09-30T16:44:11.774,263100,101.6,0.475,0.00
2026-09-30T16:44:11.875,263200,101.7,0.475,0.00
2026-09-30T16:44:11.972,263300,101.8,0.476,0.00
2026-09-30T16:44:12.073,263400,102.0,0.477,0.00
2026-09-30T16:44:12.175,263500,102.0,0.477,0.00
2026-09-30T16:44:12.266,263600,101.7,0.475,0.00
2026-09-30T16:44:12.362,263700,101.8,0.476,0.00
2026-09-30T16:44:12.468,263800,101.3,0.473,0.00
2026-09-30T16:44:12.574,263900,101.9,0.476,0.00
2026-09-30T16:44:12.672,264000,101.7,0.475,0.00
2026-09-30T16:44:12.770,264100,101.8,0.475,0.00
2026-09-30T16:44:12.872,264200,101.7,0.475,0.00
2026-09-30T16:44:12.971,264300,101.9,0.476,0.00
2026-09-30T16:44:13.070,264400,101.9,0.476,0.00
2026-09-30T16:44:13.158,264500,102.0,0.477,0.00
2026-09-30T16:44:13.273,264600,102.0,0.477,0.00
2026-09-30T16:44:13.373,264700,101.9,0.476,0.00
2026-09-30T16:44:13.462,264800,101.6,0.475,0.00
2026-09-30T16:44:13.562,264900,101.6,0.475,0.00
2026-09-30T16:44:13.672,265000,101.6,0.475,0.00
2026-09-30T16:44:13.772,265100,101.4,0.474,0.00
2026-09-30T16:44:13.861,265200,101.6,0.475,0.00
2026-09-30T16:44:13.972,265300,101.6,0.475,0.00
2026-09-30T16:44:14.063,265400,102.1,0.477,0.00
2026-09-30T16:44:14.172,265500,101.5,0.474,0.00
2026-09-30T16:44:14.263,265600,101.7,0.475,0.00
2026-09-30T16:44:14.362,265700,101.8,0.475,0.00
2026-09-30T16:44:14.462,265800,101.5,0.474,0.00
2026-09-30T16:44:14.561,265900,101.7,0.475,0.00
2026-09-30T16:44:14.670,266000,101.6,0.475,0.00
2026-09-30T16:44:14.771,266100,101.6,0.475,0.00
2026-09-30T16:44:14.871,266200,101.5,0.474,0.00
2026-09-30T16:44:14.964,266300,101.8,0.476,0.00
2026-09-30T16:44:15.070,266400,101.8,0.475,0.00
2026-09-30T16:44:15.164,266500,101.6,0.475,0.00
2026-09-30T16:44:15.271,266600,101.5,0.474,0.00
2026-09-30T16:44:15.362,266700,101.8,0.475,0.00
2026-09-30T16:44:15.456,266800,101.5,0.474,0.00
2026-09-30T16:44:15.571,266900,101.5,0.474,0.00
2026-09-30T16:44:15.670,267000,101.6,0.475,0.00
2026-09-30T16:44:15.770,267100,101.7,0.475,0.00
2026-09-30T16:44:15.861,267200,101.5,0.474,0.00
2026-09-30T16:44:15.960,267300,101.8,0.475,0.00
2026-09-30T16:44:16.057,267400,101.8,0.475,0.00
2026-09-30T16:44:16.169,267500,101.4,0.474,0.00
2026-09-30T16:44:16.258,267600,101.8,0.476,0.00
2026-09-30T16:44:16.370,267700,101.7,0.475,0.00
2026-09-30T16:44:16.470,267800,101.6,0.475,0.00
2026-09-30T16:44:16.571,267900,101.6,0.475,0.00
2026-09-30T16:44:16.671,268000,101.5,0.474,0.00
2026-09-30T16:44:16.757,268100,101.3,0.473,0.00
2026-09-30T16:44:16.870,268200,101.7,0.475,0.00
2026-09-30T16:44:16.964,268300,101.8,0.475,0.00
2026-09-30T16:44:17.061,268400,101.8,0.476,0.00
2026-09-30T16:44:17.161,268500,101.6,0.475,0.00
2026-09-30T16:44:17.270,268600,101.6,0.475,0.00
2026-09-30T16:44:17.362,268700,101.5,0.474,0.00
2026-09-30T16:44:17.462,268800,101.6,0.475,0.00
2026-09-30T16:44:17.569,268900,101.6,0.475,0.00
2026-09-30T16:44:17.659,269000,101.5,0.474,0.00
2026-09-30T16:44:17.756,269100,101.6,0.475,0.00
2026-09-30T16:44:17.869,269200,101.4,0.474,0.00
2026-09-30T16:44:17.968,269300,101.8,0.476,0.00
2026-09-30T16:44:18.058,269400,101.8,0.475,0.00
2026-09-30T16:44:18.165,269500,101.8,0.475,0.00
2026-09-30T16:44:18.260,269600,101.8,0.476,0.00
2026-09-30T16:44:18.357,269700,101.5,0.474,0.00
2026-09-30T16:44:18.465,269800,101.8,0.475,0.00
2026-09-30T16:44:18.560,269900,101.8,0.476,0.00
2026-09-30T16:44:18.666,270000,101.3,0.473,0.00
2026-09-30T16:44:18.767,270100,101.6,0.475,0.00
2026-09-30T16:44:18.854,270200,101.8,0.476,0.00
2026-09-30T16:44:18.959,270300,102.1,0.477,0.00
2026-09-30T16:44:19.061,270400,101.8,0.475,0.00
2026-09-30T16:44:19.156,270500,101.4,0.474,0.00
2026-09-30T16:44:19.268,270600,102.0,0.477,0.00
2026-09-30T16:44:19.356,270700,101.7,0.475,0.00
2026-09-30T16:44:19.468,270800,101.5,0.474,0.00
2026-09-30T16:44:19.567,270900,101.7,0.475,0.00
2026-09-30T16:44:19.667,271000,101.4,0.474,0.00
2026-09-30T16:44:19.753,271100,101.6,0.475,0.00
2026-09-30T16:44:19.853,271200,101.9,0.476,0.00
2026-09-30T16:44:19.962,271300,101.8,0.475,0.00
2026-09-30T16:44:20.056,271400,101.6,0.475,0.00
2026-09-30T16:44:20.153,271500,101.5,0.474,0.00
2026-09-30T16:44:20.254,271600,101.7,0.475,0.00
2026-09-30T16:44:20.352,271700,102.0,0.477,0.00
2026-09-30T16:44:20.461,271800,101.6,0.475,0.00
2026-09-30T16:44:20.566,271900,101.7,0.475,0.00
2026-09-30T16:44:20.652,272000,101.6,0.475,0.00
2026-09-30T16:44:20.757,272100,101.7,0.475,0.00
2026-09-30T16:44:20.859,272200,101.6,0.475,0.00
2026-09-30T16:44:20.964,272300,101.8,0.476,0.00
2026-09-30T16:44:21.067,272400,101.6,0.475,0.00
2026-09-30T16:44:21.152,272500,101.6,0.475,0.00
2026-09-30T16:44:21.252,272600,101.8,0.475,0.00
2026-09-30T16:44:21.352,272700,101.6,0.475,0.00
2026-09-30T16:44:21.455,272800,101.7,0.475,0.00
2026-09-30T16:44:21.564,272900,101.6,0.475,0.00
2026-09-30T16:44:21.665,273000,101.9,0.476,0.00
2026-09-30T16:44:21.765,273100,101.6,0.475,0.00
2026-09-30T16:44:21.852,273200,101.6,0.475,0.00
2026-09-30T16:44:21.957,273300,101.9,0.476,0.00
2026-09-30T16:44:22.054,273400,101.8,0.475,0.00
2026-09-30T16:44:22.157,273500,101.5,0.474,0.00
2026-09-30T16:44:22.264,273600,101.9,0.476,0.00
2026-09-30T16:44:22.365,273700,101.7,0.475,0.00
2026-09-30T16:44:22.462,273800,101.7,0.475,0.00
2026-09-30T16:44:22.564,273900,101.7,0.475,0.00
2026-09-30T16:44:22.664,274000,101.4,0.474,0.00
2026-09-30T16:44:22.751,274100,101.6,0.475,0.00
2026-09-30T16:44:22.853,274200,101.9,0.476,0.00
2026-09-30T16:44:22.952,274300,101.4,0.474,0.00
2026-09-30T16:44:23.051,274400,101.6,0.475,0.00
2026-09-30T16:44:23.153,274500,101.5,0.474,0.00
2026-09-30T16:44:23.263,274600,101.7,0.475,0.00
2026-09-30T16:44:23.349,274700,101.7,0.475,0.00
2026-09-30T16:44:23.464,274800,101.6,0.475,0.00
2026-09-30T16:44:23.564,274900,101.5,0.474,0.00
2026-09-30T16:44:23.662,275000,101.8,0.476,0.00
2026-09-30T16:44:23.763,275100,101.8,0.475,0.00
2026-09-30T16:44:23.856,275200,101.6,0.475,0.00
2026-09-30T16:44:23.954,275300,101.7,0.475,0.00
2026-09-30T16:44:24.056,275400,101.5,0.474,0.00
2026-09-30T16:44:24.149,275500,101.6,0.475,0.00
2026-09-30T16:44:24.251,275600,101.9,0.476,0.00
2026-09-30T16:44:24.363,275700,101.5,0.474,0.00
2026-09-30T16:44:24.454,275800,101.6,0.475,0.00
2026-09-30T16:44:24.556,275900,101.4,0.474,0.00
2026-09-30T16:44:24.658,276000,101.6,0.475,0.00
2026-09-30T16:44:24.752,276100,101.6,0.475,0.00
2026-09-30T16:44:24.852,276200,101.6,0.475,0.00
2026-09-30T16:44:24.955,276300,101.5,0.474,0.00
2026-09-30T16:44:25.060,276400,101.4,0.474,0.00
2026-09-30T16:44:25.161,276500,101.8,0.476,0.00
2026-09-30T16:44:25.250,276600,101.8,0.475,0.00
2026-09-30T16:44:25.359,276700,101.7,0.475,0.00
2026-09-30T16:44:25.449,276800,101.4,0.474,0.00
2026-09-30T16:44:25.561,276900,101.7,0.475,0.00
2026-09-30T16:44:25.655,277000,101.5,0.474,0.00
2026-09-30T16:44:25.761,277100,101.4,0.474,0.00
2026-09-30T16:44:25.847,277200,101.5,0.474,0.00
2026-09-30T16:44:25.950,277300,101.8,0.476,0.00
2026-09-30T16:44:26.055,277400,101.6,0.475,0.00
2026-09-30T16:44:26.158,277500,101.7,0.475,0.00
2026-09-30T16:44:26.260,277600,101.9,0.476,0.00
2026-09-30T16:44:26.349,277700,101.6,0.475,0.00
2026-09-30T16:44:26.452,277800,101.6,0.475,0.00
2026-09-30T16:44:26.556,277900,101.6,0.475,0.00
2026-09-30T16:44:26.660,278000,101.9,0.476,0.00
2026-09-30T16:44:26.755,278100,101.7,0.475,0.00
2026-09-30T16:44:26.855,278200,102.0,0.477,0.00
2026-09-30T16:44:26.955,278300,101.4,0.474,0.00
2026-09-30T16:44:27.052,278400,101.6,0.475,0.00
2026-09-30T16:44:27.160,278500,101.6,0.475,0.00
2026-09-30T16:44:27.260,278600,101.8,0.476,0.00
2026-09-30T16:44:27.349,278700,101.6,0.475,0.00
2026-09-30T16:44:27.459,278800,101.8,0.476,0.00
2026-09-30T16:44:27.551,278900,101.9,0.476,0.00
2026-09-30T16:44:27.647,279000,101.7,0.475,0.00
2026-09-30T16:44:27.754,279100,101.8,0.476,0.00
2026-09-30T16:44:27.848,279200,101.8,0.475,0.00
2026-09-30T16:44:27.958,279300,101.6,0.475,0.00
2026-09-30T16:44:28.054,279400,101.5,0.474,0.00
2026-09-30T16:44:28.148,279500,101.6,0.475,0.00
2026-09-30T16:44:28.248,279600,101.6,0.475,0.00
2026-09-30T16:44:28.355,279700,101.6,0.475,0.00
2026-09-30T16:44:28.459,279800,101.3,0.473,0.00
2026-09-30T16:44:28.551,279900,101.6,0.475,0.00
2026-09-30T16:44:28.651,280000,101.6,0.475,0.00
2026-09-30T16:44:28.759,280100,102.0,0.477,0.00
2026-09-30T16:44:28.852,280200,101.7,0.475,0.00
2026-09-30T16:44:28.952,280300,101.8,0.475,0.00
2026-09-30T16:44:29.054,280400,101.4,0.474,0.00
2026-09-30T16:44:29.153,280500,101.5,0.474,0.00
2026-09-30T16:44:29.253,280600,101.5,0.474,0.00
2026-09-30T16:44:29.357,280700,101.5,0.474,0.00
2026-09-30T16:44:29.453,280800,101.7,0.475,0.00
2026-09-30T16:44:29.553,280900,101.3,0.473,0.00
2026-09-30T16:44:29.654,281000,101.5,0.474,0.00
2026-09-30T16:44:29.754,281100,101.3,0.473,0.00
2026-09-30T16:44:29.854,281200,101.4,0.474,0.00
2026-09-30T16:44:29.958,281300,101.6,0.475,0.00
2026-09-30T16:44:30.054,281400,101.4,0.474,0.00
2026-09-30T16:44:30.156,281500,101.9,0.476,0.00
2026-09-30T16:44:30.254,281600,101.8,0.475,0.00
2026-09-30T16:44:30.355,281700,101.5,0.474,0.00
2026-09-30T16:44:30.455,281800,101.9,0.476,0.00
2026-09-30T16:44:30.555,281900,101.8,0.475,0.00
2026-09-30T16:44:30.655,282000,101.6,0.475,0.00
2026-09-30T16:44:30.755,282100,101.8,0.475,0.00
2026-09-30T16:44:30.856,282200,101.6,0.475,0.00
2026-09-30T16:44:30.956,282300,101.8,0.475,0.00
2026-09-30T16:44:31.055,282400,101.7,0.475,0.00
2026-09-30T16:44:31.155,282500,101.8,0.476,0.00
2026-09-30T16:44:31.256,282600,101.8,0.476,0.00
2026-09-30T16:44:31.356,282700,101.5,0.474,0.00
2026-09-30T16:44:31.447,282800,101.5,0.474,0.00
2026-09-30T16:44:31.554,282900,101.7,0.475,0.00
2026-09-30T16:44:31.654,283000,101.4,0.474,0.00
2026-09-30T16:44:31.751,283100,101.7,0.475,0.00
2026-09-30T16:44:31.849,283200,101.7,0.475,0.00
2026-09-30T16:44:31.946,283300,101.8,0.475,0.00
2026-09-30T16:44:32.051,283400,101.4,0.474,0.00
2026-09-30T16:44:32.153,283500,101.5,0.474,0.00
2026-09-30T16:44:32.252,283600,101.6,0.475,0.00
2026-09-30T16:44:32.349,283700,101.6,0.475,0.00
2026-09-30T16:44:32.455,283800,101.9,0.476,0.00
2026-09-30T16:44:32.552,283900,101.7,0.475,0.00
2026-09-30T16:44:32.649,284000,101.6,0.475,0.00
2026-09-30T16:44:32.753,284100,101.9,0.476,0.00
2026-09-30T16:44:32.842,284200,101.9,0.476,0.00
2026-09-30T16:44:32.945,284300,101.6,0.475,0.00
2026-09-30T16:44:33.050,284400,101.8,0.476,0.00
2026-09-30T16:44:33.155,284500,101.6,0.475,0.00
2026-09-30T16:44:33.254,284600,101.6,0.475,0.00
2026-09-30T16:44:33.355,284700,101.6,0.475,0.00
2026-09-30T16:44:33.452,284800,101.7,0.475,0.00
2026-09-30T16:44:33.552,284900,101.6,0.475,0.00
2026-09-30T16:44:33.652,285000,101.6,0.475,0.00
2026-09-30T16:44:33.744,285100,101.6,0.475,0.00
2026-09-30T16:44:33.847,285200,101.4,0.474,0.00
2026-09-30T16:44:33.951,285300,101.6,0.475,0.00
2026-09-30T16:44:34.049,285400,101.8,0.476,0.00
2026-09-30T16:44:34.151,285500,101.5,0.474,0.00
2026-09-30T16:44:34.252,285600,101.4,0.474,0.00
2026-09-30T16:44:34.338,285700,101.7,0.475,0.00
2026-09-30T16:44:34.452,285800,101.6,0.475,0.00
2026-09-30T16:44:34.546,285900,101.5,0.474,0.00
2026-09-30T16:44:34.650,286000,101.9,0.476,0.00
2026-09-30T16:44:34.752,286100,101.6,0.475,0.00
2026-09-30T16:44:34.853,286200,101.7,0.475,0.00
2026-09-30T16:44:34.951,286300,101.8,0.476,0.00
2026-09-30T16:44:35.048,286400,101.9,0.476,0.00
2026-09-30T16:44:35.143,286500,101.8,0.476,0.00
2026-09-30T16:44:35.252,286600,101.6,0.475,0.00
2026-09-30T16:44:35.352,286700,101.3,0.473,0.00
2026-09-30T16:44:35.452,286800,101.8,0.476,0.00
2026-09-30T16:44:35.544,286900,101.6,0.475,0.00
2026-09-30T16:44:35.643,287000,101.8,0.475,0.00
2026-09-30T16:44:35.750,287100,101.7,0.475,0.00
2026-09-30T16:44:35.851,287200,101.7,0.475,0.00
2026-09-30T16:44:35.944,287300,101.3,0.473,0.00
2026-09-30T16:44:36.044,287400,101.5,0.474,0.00
2026-09-30T16:44:36.151,287500,101.5,0.474,0.00
2026-09-30T16:44:36.251,287600,101.6,0.475,0.00
2026-09-30T16:44:36.347,287700,101.6,0.475,0.00
2026-09-30T16:44:36.450,287800,101.5,0.474,0.00
2026-09-30T16:44:36.542,287900,101.6,0.475,0.00
2026-09-30T16:44:36.650,288000,101.3,0.473,0.00
2026-09-30T16:44:36.742,288100,101.6,0.475,0.00
2026-09-30T16:44:36.850,288200,101.6,0.475,0.00
2026-09-30T16:44:36.950,288300,101.3,0.473,0.00
2026-09-30T16:44:37.051,288400,101.4,0.474,0.00
2026-09-30T16:44:37.149,288500,101.5,0.474,0.00
2026-09-30T16:44:37.249,288600,101.7,0.475,0.00
2026-09-30T16:44:37.349,288700,101.6,0.475,0.00
2026-09-30T16:44:37.450,288800,101.8,0.476,0.00
2026-09-30T16:44:37.543,288900,101.6,0.475,0.00
2026-09-30T16:44:37.648,289000,101.7,0.475,0.00
2026-09-30T16:44:37.750,289100,101.9,0.476,0.00
2026-09-30T16:44:37.850,289200,101.8,0.476,0.00
2026-09-30T16:44:37.942,289300,101.8,0.475,0.00
2026-09-30T16:44:38.049,289400,101.5,0.474,0.00
2026-09-30T16:44:38.149,289500,101.8,0.475,0.00
2026-09-30T16:44:38.250,289600,101.8,0.475,0.00
2026-09-30T16:44:38.348,289700,101.6,0.475,0.00
2026-09-30T16:44:38.448,289800,101.8,0.475,0.00
2026-09-30T16:44:38.542,289900,101.9,0.476,0.00
2026-09-30T16:44:38.649,290000,101.7,0.475,0.00
2026-09-30T16:44:38.748,290100,101.4,0.474,0.00
2026-09-30T16:44:38.834,290200,101.6,0.475,0.00
2026-09-30T16:44:38.949,290300,101.6,0.475,0.00
2026-09-30T16:44:39.040,290400,101.5,0.474,0.00
2026-09-30T16:44:39.148,290500,101.5,0.474,0.00
2026-09-30T16:44:39.243,290600,101.4,0.474,0.00
2026-09-30T16:44:39.341,290700,101.5,0.474,0.00
2026-09-30T16:44:39.448,290800,101.4,0.474,0.00
2026-09-30T16:44:39.543,290900,101.9,0.476,0.00
2026-09-30T16:44:39.640,291000,101.9,0.476,0.00
2026-09-30T16:44:39.742,291100,101.4,0.474,0.00
2026-09-30T16:44:39.839,291200,101.3,0.473,0.00
2026-09-30T16:44:39.940,291300,101.6,0.475,0.00
2026-09-30T16:44:40.048,291400,101.8,0.476,0.00
2026-09-30T16:44:40.141,291500,101.8,0.475,0.00
2026-09-30T16:44:40.246,291600,101.6,0.475,0.00
2026-09-30T16:44:40.347,291700,101.6,0.475,0.00
2026-09-30T16:44:40.448,291800,101.5,0.474,0.00
2026-09-30T16:44:40.543,291900,101.6,0.475,0.00
2026-09-30T16:44:40.643,292000,102.0,0.477,0.00
2026-09-30T16:44:40.746,292100,101.8,0.475,0.00
2026-09-30T16:44:40.847,292200,101.5,0.474,0.00
2026-09-30T16:44:40.947,292300,101.6,0.475,0.00
2026-09-30T16:44:41.045,292400,101.7,0.475,0.00
2026-09-30T16:44:41.146,292500,102.1,0.477,0.00
2026-09-30T16:44:41.247,292600,101.6,0.475,0.00
2026-09-30T16:44:41.341,292700,101.9,0.476,0.00
2026-09-30T16:44:41.440,292800,101.8,0.476,0.00
2026-09-30T16:44:41.541,292900,101.8,0.476,0.00
2026-09-30T16:44:41.640,293000,101.6,0.475,0.00
2026-09-30T16:44:41.739,293100,101.7,0.475,0.00
2026-09-30T16:44:41.839,293200,101.6,0.475,0.00
2026-09-30T16:44:41.945,293300,101.5,0.474,0.00
2026-09-30T16:44:42.045,293400,101.7,0.475,0.00
2026-09-30T16:44:42.141,293500,101.8,0.476,0.00
2026-09-30T16:44:42.241,293600,101.4,0.474,0.00
2026-09-30T16:44:42.331,293700,101.6,0.475,0.00
2026-09-30T16:44:42.445,293800,101.6,0.475,0.00
2026-09-30T16:44:42.540,293900,101.3,0.473,0.00
2026-09-30T16:44:42.631,294000,101.5,0.474,0.00
2026-09-30T16:44:42.740,294100,101.6,0.475,0.00
2026-09-30T16:44:42.845,294200,101.4,0.474,0.00
2026-09-30T16:44:42.931,294300,101.6,0.475,0.00
2026-09-30T16:44:43.044,294400,101.9,0.476,0.00
2026-09-30T16:44:43.139,294500,101.4,0.474,0.00
2026-09-30T16:44:43.239,294600,102.0,0.477,0.00
2026-09-30T16:44:43.339,294700,101.8,0.476,0.00
2026-09-30T16:44:43.441,294800,101.4,0.474,0.00
2026-09-30T16:44:43.538,294900,101.8,0.475,0.00
2026-09-30T16:44:43.641,295000,101.6,0.475,0.00
2026-09-30T16:44:43.743,295100,101.8,0.475,0.00
2026-09-30T16:44:43.840,295200,101.6,0.475,0.00
2026-09-30T16:44:43.943,295300,101.4,0.474,0.00
2026-09-30T16:44:44.031,295400,101.7,0.475,0.00
2026-09-30T16:44:44.138,295500,101.9,0.476,0.00
2026-09-30T16:44:44.238,295600,101.5,0.474,0.00
2026-09-30T16:44:44.342,295700,101.6,0.475,0.00
2026-09-30T16:44:44.444,295800,101.7,0.475,0.00
2026-09-30T16:44:44.539,295900,101.6,0.475,0.00
2026-09-30T16:44:44.641,296000,101.6,0.475,0.00
2026-09-30T16:44:44.743,296100,101.8,0.475,0.00
2026-09-30T16:44:44.840,296200,101.6,0.475,0.00
2026-09-30T16:44:44.937,296300,101.8,0.476,0.00
2026-09-30T16:44:45.043,296400,101.6,0.475,0.00
2026-09-30T16:44:45.137,296500,101.6,0.475,0.00
2026-09-30T16:44:45.231,296600,101.7,0.475,0.00
2026-09-30T16:44:45.343,296700,101.7,0.475,0.00
2026-09-30T16:44:45.441,296800,101.4,0.474,0.00
2026-09-30T16:44:45.535,296900,101.8,0.475,0.00
2026-09-30T16:44:45.641,297000,101.7,0.475,0.00
2026-09-30T16:44:45.739,297100,101.5,0.474,0.00
2026-09-30T16:44:45.841,297200,101.7,0.475,0.00
2026-09-30T16:44:45.936,297300,101.8,0.476,0.00
2026-09-30T16:44:46.041,297400,101.4,0.474,0.00
2026-09-30T16:44:46.142,297500,101.4,0.474,0.00
2026-09-30T16:44:46.238,297600,101.8,0.476,0.00
2026-09-30T16:44:46.341,297700,101.6,0.475,0.00
2026-09-30T16:44:46.440,297800,101.6,0.475,0.00
2026-09-30T16:44:46.537,297900,101.6,0.475,0.00
2026-09-30T16:44:46.631,298000,101.6,0.475,0.00
2026-09-30T16:44:46.741,298100,101.7,0.475,0.00
2026-09-30T16:44:46.829,298200,101.6,0.475,0.00
2026-09-30T16:44:46.929,298300,101.6,0.475,0.00
2026-09-30T16:44:47.038,298400,101.5,0.474,0.00
2026-09-30T16:44:47.127,298500,101.9,0.476,0.00
2026-09-30T16:44:47.228,298600,101.6,0.475,0.00
2026-09-30T16:44:47.340,298700,101.8,0.476,0.00
2026-09-30T16:44:47.440,298800,101.6,0.475,0.00
2026-09-30T16:44:47.537,298900,101.6,0.475,0.00
2026-09-30T16:44:47.639,299000,101.6,0.475,0.00
2026-09-30T16:44:47.739,299100,101.6,0.475,0.00
2026-09-30T16:44:47.836,299200,101.6,0.475,0.00
2026-09-30T16:44:47.940,299300,101.8,0.475,0.00
2026-09-30T16:44:48.039,299400,101.7,0.475,0.00
2026-09-30T16:44:48.140,299500,101.4,0.474,0.00
2026-09-30T16:44:48.239,299600,101.6,0.475,0.00
2026-09-30T16:44:48.325,299700,101.7,0.475,0.00
2026-09-30T16:44:48.437,299800,101.6,0.475,0.00
2026-09-30T16:44:48.535,299900,101.6,0.475,0.00
2026-09-30T16:44:48.630,300000,101.8,0.475,0.00
2026-09-30T16:44:48.738,300100,101.6,0.475,0.00
2026-09-30T16:44:48.839,300200,101.7,0.475,0.00
2026-09-30T16:44:48.928,300300,101.6,0.475,0.00
2026-09-30T16:44:49.035,300400,101.3,0.473,0.00
2026-09-30T16:44:49.137,300500,101.9,0.476,0.00
2026-09-30T16:44:49.226,300600,101.4,0.474,0.00
2026-09-30T16:44:49.337,300700,101.7,0.475,0.00
2026-09-30T16:44:49.427,300800,101.8,0.475,0.00
2026-09-30T16:44:49.537,300900,101.8,0.475,0.00
2026-09-30T16:44:49.638,301000,101.8,0.475,0.00
2026-09-30T16:44:49.736,301100,101.4,0.474,0.00
2026-09-30T16:44:49.835,301200,101.1,0.472,0.00
2026-09-30T16:44:49.937,301300,101.7,0.475,0.00
2026-09-30T16:44:50.024,301400,101.4,0.474,0.00
2026-09-30T16:44:50.138,301500,101.6,0.475,0.00
2026-09-30T16:44:50.228,301600,101.6,0.475,0.00
2026-09-30T16:44:50.329,301700,101.5,0.474,0.00
2026-09-30T16:44:50.433,301800,101.6,0.475,0.00
2026-09-30T16:44:50.536,301900,101.6,0.475,0.00
2026-09-30T16:44:50.636,302000,101.5,0.474,0.00
2026-09-30T16:44:50.737,302100,101.6,0.475,0.00
2026-09-30T16:44:50.835,302200,101.8,0.475,0.00
2026-09-30T16:44:50.925,302300,101.6,0.475,0.00
2026-09-30T16:44:51.033,302400,101.3,0.473,0.00
2026-09-30T16:44:51.130,302500,101.4,0.474,0.00
2026-09-30T16:44:51.237,302600,101.3,0.473,0.00
2026-09-30T16:44:51.334,302700,101.5,0.474,0.00
2026-09-30T16:44:51.428,302800,101.5,0.474,0.00
2026-09-30T16:44:51.535,302900,101.4,0.474,0.00
2026-09-30T16:44:51.636,303000,101.4,0.474,0.00
2026-09-30T16:44:51.736,303100,101.5,0.474,0.00
2026-09-30T16:44:51.833,303200,101.7,0.475,0.00
2026-09-30T16:44:51.935,303300,101.6,0.475,0.00
2026-09-30T16:44:52.036,303400,101.2,0.473,0.00
2026-09-30T16:44:52.135,303500,101.5,0.474,0.00
2026-09-30T16:44:52.234,303600,101.6,0.475,0.00
2026-09-30T16:44:52.335,303700,101.4,0.474,0.00
2026-09-30T16:44:52.435,303800,101.6,0.475,0.00
2026-09-30T16:44:52.535,303900,101.7,0.475,0.00
2026-09-30T16:44:52.635,304000,101.3,0.473,0.00
2026-09-30T16:44:52.735,304100,101.9,0.476,0.00
2026-09-30T16:44:52.836,304200,101.8,0.475,0.00
2026-09-30T16:44:52.935,304300,101.6,0.475,0.00
2026-09-30T16:44:53.035,304400,101.5,0.474,0.00
2026-09-30T16:44:53.135,304500,101.6,0.475,0.00
2026-09-30T16:44:53.227,304600,101.6,0.475,0.00
2026-09-30T16:44:53.334,304700,101.5,0.474,0.00
2026-09-30T16:44:53.424,304800,101.3,0.473,0.00
2026-09-30T16:44:53.522,304900,101.6,0.475,0.00
2026-09-30T16:44:53.629,305000,101.5,0.474,0.00
2026-09-30T16:44:53.725,305100,101.6,0.475,0.00
2026-09-30T16:44:53.832,305200,101.6,0.475,0.00
2026-09-30T16:44:53.934,305300,101.4,0.474,0.00
2026-09-30T16:44:54.034,305400,101.5,0.474,0.00
2026-09-30T16:44:54.120,305500,101.8,0.475,0.00
2026-09-30T16:44:54.220,305600,101.1,0.473,0.00
2026-09-30T16:44:54.334,305700,101.7,0.475,0.00
2026-09-30T16:44:54.434,305800,101.4,0.474,0.00
2026-09-30T16:44:54.530,305900,101.4,0.474,0.00
2026-09-30T16:44:54.631,306000,101.6,0.475,0.00
