pc_time,millis,raw_adc,voltage_V,pressure_bar
2026-09-30T16:52:04.594,100,101.9,0.476,0.00
2026-09-30T16:52:04.700,200,101.6,0.475,0.00
2026-09-30T16:52:04.800,300,101.7,0.475,0.00
2026-09-30T16:52:04.900,400,101.9,0.476,0.00
2026-09-30T16:52:04.994,500,101.8,0.475,0.00
2026-09-30T16:52:05.094,600,101.8,0.476,0.00
2026-09-30T16:52:05.195,700,101.3,0.473,0.00
2026-09-30T16:52:05.295,800,101.5,0.474,0.00
2026-09-30T16:52:05.395,900,101.9,0.476,0.00
2026-09-30T16:52:05.495,1000,101.6,0.475,0.00
2026-09-30T16:52:05.595,1100,101.4,0.474,0.00
2026-09-30T16:52:05.695,1200,101.8,0.476,0.00
2026-09-30T16:52:05.796,1300,101.6,0.475,0.00
2026-09-30T16:52:05.895,1400,101.5,0.474,0.00
2026-09-30T16:52:05.995,1500,101.6,0.475,0.00
2026-09-30T16:52:06.095,1600,101.7,0.475,0.00
2026-09-30T16:52:06.199,1700,101.8,0.476,0.00
2026-09-30T16:52:06.295,1800,101.7,0.475,0.00
2026-09-30T16:52:06.395,1900,101.7,0.475,0.00
2026-09-30T16:52:06.499,2000,101.8,0.476,0.00
2026-09-30T16:52:06.596,2100,101.8,0.475,0.00
2026-09-30T16:52:06.696,2200,101.5,0.474,0.00
2026-09-30T16:52:06.796,2300,101.6,0.475,0.00
2026-09-30T16:52:06.898,2400,101.6,0.475,0.00
2026-09-30T16:52:06.996,2500,101.5,0.474,0.00
2026-09-30T16:52:07.096,2600,101.8,0.475,0.00
2026-09-30T16:52:07.198,2700,101.5,0.474,0.00
2026-09-30T16:52:07.298,2800,101.7,0.475,0.00
2026-09-30T16:52:07.398,2900,101.8,0.475,0.00
2026-09-30T16:52:07.488,3000,101.6,0.475,0.00
2026-09-30T16:52:07.598,3100,101.6,0.475,0.00
2026-09-30T16:52:07.688,3200,101.8,0.475,0.00
2026-09-30T16:52:07.788,3300,101.8,0.475,0.00
2026-09-30T16:52:07.887,3400,101.7,0.475,0.00
2026-09-30T16:52:07.988,3500,101.6,0.475,0.00
2026-09-30T16:52:08.087,3600,101.6,0.475,0.00
2026-09-30T16:52:08.187,3700,101.8,0.475,0.00
2026-09-30T16:52:08.296,3800,101.8,0.475,0.00
2026-09-30T16:52:08.387,3900,101.6,0.475,0.00
2026-09-30T16:52:08.487,4000,101.5,0.474,0.00
2026-09-30T16:52:08.587,4100,101.8,0.475,0.00
2026-09-30T16:52:08.687,4200,101.7,0.475,0.00
2026-09-30T16:52:08.788,4300,101.6,0.475,0.00
2026-09-30T16:52:08.887,4400,101.7,0.475,0.00
2026-09-30T16:52:08.996,4500,101.6,0.475,0.00
2026-09-30T16:52:09.096,4600,101.8,0.475,0.00
2026-09-30T16:52:09.190,4700,101.7,0.475,0.00
2026-09-30T16:52:09.296,4800,101.7,0.475,0.00
2026-09-30T16:52:09.393,4900,101.8,0.475,0.00
2026-09-30T16:52:09.495,5000,101.4,0.474,0.00
2026-09-30T16:52:09.587,5100,101.6,0.475,0.00
2026-09-30T16:52:09.687,5200,101.8,0.475,0.00
2026-09-30T16:52:09.786,5300,101.7,0.475,0.00
2026-09-30T16:52:09.895,5400,101.6,0.475,0.00
2026-09-30T16:52:09.987,5500,101.8,0.475,0.00
2026-09-30T16:52:10.086,5600,101.6,0.475,0.00
2026-09-30T16:52:10.187,5700,101.9,0.476,0.00
2026-09-30T16:52:10.290,5800,101.9,0.476,0.00
2026-09-30T16:52:10.386,5900,101.7,0.475,0.00
2026-09-30T16:52:10.495,6000,101.9,0.476,0.00
2026-09-30T16:52:10.587,6100,101.6,0.475,0.00
2026-09-30T16:52:10.688,6200,101.6,0.475,0.00
2026-09-30T16:52:10.787,6300,101.7,0.475,0.00
2026-09-30T16:52:10.886,6400,101.9,0.476,0.00
2026-09-30T16:52:10.985,6500,101.5,0.474,0.00
2026-09-30T16:52:11.094,6600,101.6,0.475,0.00
2026-09-30T16:52:11.185,6700,101.9,0.476,0.00
2026-09-30T16:52:11.285,6800,101.8,0.476,0.00
2026-09-30T16:52:11.386,6900,101.5,0.474,0.00
2026-09-30T16:52:11.493,7000,101.7,0.475,0.00
2026-09-30T16:52:11.585,7100,101.5,0.474,0.00
2026-09-30T16:52:11.685,7200,101.5,0.474,0.00
2026-09-30T16:52:11.785,7300,101.5,0.474,0.00
2026-09-30T16:52:11.888,7400,101.7,0.475,0.00
2026-09-30T16:52:11.986,7500,101.8,0.475,0.00
2026-09-30T16:52:12.085,7600,101.7,0.475,0.00
2026-09-30T16:52:12.185,7700,101.9,0.476,0.00
2026-09-30T16:52:12.285,7800,101.7,0.475,0.00
2026-09-30T16:52:12.393,7900,101.8,0.475,0.00
2026-09-30T16:52:12.486,8000,102.0,0.477,0.00
2026-09-30T16:52:12.585,8100,101.8,0.475,0.00
2026-09-30T16:52:12.686,8200,101.8,0.476,0.00
2026-09-30T16:52:12.785,8300,101.6,0.475,0.00
2026-09-30T16:52:12.885,8400,101.7,0.475,0.00
2026-09-30T16:52:12.985,8500,101.5,0.474,0.00
2026-09-30T16:52:13.084,8600,101.6,0.475,0.00
2026-09-30T16:52:13.185,8700,101.9,0.476,0.00
2026-09-30T16:52:13.285,8800,101.6,0.475,0.00
2026-09-30T16:52:13.385,8900,101.6,0.475,0.00
2026-09-30T16:52:13.484,9000,101.8,0.476,0.00
2026-09-30T16:52:13.585,9100,101.9,0.476,0.00
2026-09-30T16:52:13.684,9200,101.9,0.476,0.00
2026-09-30T16:52:13.784,9300,101.9,0.476,0.00
2026-09-30T16:52:13.884,9400,101.7,0.475,0.00
2026-09-30T16:52:13.991,9500,101.6,0.475,0.00
2026-09-30T16:52:14.084,9600,101.8,0.476,0.00
2026-09-30T16:52:14.185,9700,101.8,0.475,0.00
2026-09-30T16:52:14.284,9800,101.9,0.476,0.00
2026-09-30T16:52:14.384,9900,102.0,0.477,0.00
2026-09-30T16:52:14.484,10000,101.6,0.475,0.00
2026-09-30T16:52:14.584,10100,101.4,0.474,0.00
2026-09-30T16:52:14.683,10200,101.7,0.475,0.00
2026-09-30T16:52:14.784,10300,101.7,0.475,0.00
2026-09-30T16:52:14.890,10400,101.9,0.476,0.00
2026-09-30T16:52:14.984,10500,101.9,0.476,0.00
2026-09-30T16:52:15.084,10600,101.9,0.476,0.00
2026-09-30T16:52:15.191,10700,101.5,0.474,0.00
2026-09-30T16:52:15.283,10800,101.5,0.474,0.00
2026-09-30T16:52:15.384,10900,101.8,0.476,0.00
2026-09-30T16:52:15.484,11000,101.7,0.475,0.00
2026-09-30T16:52:15.583,11100,101.9,0.476,0.00
2026-09-30T16:52:15.683,11200,101.9,0.476,0.00
2026-09-30T16:52:15.790,11300,101.6,0.475,0.00
2026-09-30T16:52:15.889,11400,101.8,0.476,0.00
2026-09-30T16:52:15.990,11500,101.7,0.475,0.00
2026-09-30T16:52:16.082,11600,101.8,0.475,0.00
2026-09-30T16:52:16.189,11700,101.6,0.475,0.00
2026-09-30T16:52:16.282,11800,101.8,0.475,0.00
2026-09-30T16:52:16.384,11900,101.6,0.475,0.00
2026-09-30T16:52:16.489,12000,101.6,0.475,0.00
2026-09-30T16:52:16.584,12100,101.8,0.475,0.00
2026-09-30T16:52:16.683,12200,101.7,0.475,0.00
2026-09-30T16:52:16.789,12300,101.7,0.475,0.00
2026-09-30T16:52:16.884,12400,101.7,0.475,0.00
2026-09-30T16:52:16.983,12500,101.5,0.474,0.00
2026-09-30T16:52:17.083,12600,101.8,0.476,0.00
2026-09-30T16:52:17.186,12700,101.8,0.476,0.00
2026-09-30T16:52:17.283,12800,101.8,0.475,0.00
2026-09-30T16:52:17.388,12900,101.6,0.475,0.00
2026-09-30T16:52:17.483,13000,102.1,0.477,0.00
2026-09-30T16:52:17.583,13100,101.5,0.474,0.00
2026-09-30T16:52:17.683,13200,101.8,0.475,0.00
2026-09-30T16:52:17.783,13300,101.8,0.476,0.00
2026-09-30T16:52:17.881,13400,101.9,0.476,0.00
2026-09-30T16:52:17.988,13500,101.6,0.475,0.00
2026-09-30T16:52:18.082,13600,101.9,0.476,0.00
2026-09-30T16:52:18.182,13700,101.4,0.474,0.00
2026-09-30T16:52:18.282,13800,101.9,0.476,0.00
2026-09-30T16:52:18.381,13900,101.8,0.475,0.00
2026-09-30T16:52:18.483,14000,101.8,0.475,0.00
2026-09-30T16:52:18.582,14100,102.1,0.477,0.00
2026-09-30T16:52:18.682,14200,102.1,0.477,0.00
2026-09-30T16:52:18.781,14300,101.4,0.474,0.00
2026-09-30T16:52:18.883,14400,101.8,0.475,0.00
2026-09-30T16:52:18.982,14500,101.9,0.476,0.00
2026-09-30T16:52:19.082,14600,101.8,0.475,0.00
2026-09-30T16:52:19.182,14700,101.8,0.476,0.00
2026-09-30T16:52:19.285,14800,101.8,0.476,0.00
2026-09-30T16:52:19.381,14900,102.1,0.477,0.00
2026-09-30T16:52:19.481,15000,101.9,0.476,0.00
2026-09-30T16:52:19.581,15100,101.8,0.475,0.00
2026-09-30T16:52:19.682,15200,101.7,0.475,0.00
2026-09-30T16:52:19.781,15300,101.7,0.475,0.00
2026-09-30T16:52:19.881,15400,101.6,0.475,0.00
2026-09-30T16:52:19.986,15500,101.8,0.476,0.00
2026-09-30T16:52:20.086,15600,101.8,0.475,0.00
2026-09-30T16:52:20.182,15700,101.8,0.475,0.00
2026-09-30T16:52:20.285,15800,101.8,0.475,0.00
2026-09-30T16:52:20.382,15900,101.5,0.474,0.00
2026-09-30T16:52:20.482,16000,101.6,0.475,0.00
2026-09-30T16:52:20.582,16100,101.6,0.475,0.00
2026-09-30T16:52:20.681,16200,101.9,0.476,0.00
2026-09-30T16:52:20.781,16300,101.9,0.476,0.00
2026-09-30T16:52:20.880,16400,101.8,0.476,0.00
2026-09-30T16:52:20.981,16500,101.6,0.475,0.00
2026-09-30T16:52:21.081,16600,101.7,0.475,0.00
2026-09-30T16:52:21.181,16700,101.6,0.475,0.00
2026-09-30T16:52:21.281,16800,101.7,0.475,0.00
2026-09-30T16:52:21.380,16900,101.8,0.475,0.00
2026-09-30T16:52:21.482,17000,101.7,0.475,0.00
2026-09-30T16:52:21.583,17100,101.7,0.475,0.00
2026-09-30T16:52:21.680,17200,101.6,0.475,0.00
2026-09-30T16:52:21.780,17300,101.6,0.475,0.00
2026-09-30T16:52:21.883,17400,101.8,0.475,0.00
2026-09-30T16:52:21.980,17500,101.7,0.475,0.00
2026-09-30T16:52:22.084,17600,101.7,0.475,0.00
2026-09-30T16:52:22.184,17700,101.7,0.475,0.00
2026-09-30T16:52:22.279,17800,101.4,0.474,0.00
2026-09-30T16:52:22.383,17900,101.6,0.475,0.00
2026-09-30T16:52:22.480,18000,101.7,0.475,0.00
2026-09-30T16:52:22.580,18100,101.5,0.474,0.00
2026-09-30T16:52:22.681,18200,101.6,0.475,0.00
2026-09-30T16:52:22.781,18300,101.8,0.475,0.00
2026-09-30T16:52:22.880,18400,102.0,0.477,0.00
2026-09-30T16:52:22.980,18500,101.6,0.475,0.00
2026-09-30T16:52:23.080,18600,101.7,0.475,0.00
2026-09-30T16:52:23.182,18700,101.6,0.475,0.00
2026-09-30T16:52:23.281,18800,101.5,0.474,0.00
2026-09-30T16:52:23.379,18900,101.9,0.476,0.00
2026-09-30T16:52:23.480,19000,101.7,0.475,0.00
2026-09-30T16:52:23.579,19100,101.8,0.476,0.00
2026-09-30T16:52:23.678,19200,101.8,0.475,0.00
2026-09-30T16:52:23.780,19300,101.8,0.476,0.00
2026-09-30T16:52:23.880,19400,101.5,0.474,0.00
2026-09-30T16:52:23.979,19500,101.6,0.475,0.00
2026-09-30T16:52:24.079,19600,101.5,0.474,0.00
2026-09-30T16:52:24.180,19700,101.7,0.475,0.00
2026-09-30T16:52:24.280,19800,101.6,0.475,0.00
2026-09-30T16:52:24.381,19900,101.7,0.475,0.00
2026-09-30T16:52:24.477,20000,101.6,0.475,0.00
2026-09-30T16:52:24.579,20100,101.7,0.475,0.00
2026-09-30T16:52:24.678,20200,101.7,0.475,0.00
2026-09-30T16:52:24.778,20300,101.8,0.475,0.00
2026-09-30T16:52:24.878,20400,101.9,0.476,0.00
2026-09-30T16:52:24.979,20500,101.7,0.475,0.00
2026-09-30T16:52:25.078,20600,101.6,0.475,0.00
2026-09-30T16:52:25.178,20700,101.8,0.475,0.00
2026-09-30T16:52:25.277,20800,101.8,0.475,0.00
2026-09-30T16:52:25.379,20900,101.4,0.474,0.00
2026-09-30T16:52:25.479,21000,101.5,0.474,0.00
2026-09-30T16:52:25.578,21100,101.4,0.474,0.00
2026-09-30T16:52:25.678,21200,101.6,0.475,0.00
2026-09-30T16:52:25.780,21300,101.8,0.476,0.00
2026-09-30T16:52:25.878,21400,101.7,0.475,0.00
2026-09-30T16:52:25.979,21500,101.7,0.475,0.00
2026-09-30T16:52:26.078,21600,101.8,0.475,0.00
2026-09-30T16:52:26.179,21700,101.7,0.475,0.00
2026-09-30T16:52:26.278,21800,101.8,0.475,0.00
2026-09-30T16:52:26.379,21900,101.6,0.475,0.00
2026-09-30T16:52:26.479,22000,101.9,0.476,0.00
2026-09-30T16:52:26.578,22100,101.6,0.475,0.00
2026-09-30T16:52:26.678,22200,101.6,0.475,0.00
2026-09-30T16:52:26.778,22300,101.8,0.475,0.00
2026-09-30T16:52:26.877,22400,101.7,0.475,0.00
2026-09-30T16:52:26.979,22500,101.4,0.474,0.00
2026-09-30T16:52:27.077,22600,102.0,0.477,0.00
2026-09-30T16:52:27.177,22700,101.9,0.476,0.00
2026-09-30T16:52:27.278,22800,101.7,0.475,0.00
2026-09-30T16:52:27.379,22900,101.8,0.475,0.00
2026-09-30T16:52:27.479,23000,101.4,0.474,0.00
2026-09-30T16:52:27.577,23100,101.8,0.475,0.00
2026-09-30T16:52:27.677,23200,101.6,0.475,0.00
2026-09-30T16:52:27.777,23300,101.7,0.475,0.00
2026-09-30T16:52:27.877,23400,101.7,0.475,0.00
2026-09-30T16:52:27.978,23500,101.5,0.474,0.00
2026-09-30T16:52:28.076,23600,101.7,0.475,0.00
2026-09-30T16:52:28.178,23700,101.6,0.475,0.00
2026-09-30T16:52:28.276,23800,101.5,0.474,0.00
2026-09-30T16:52:28.378,23900,101.6,0.475,0.00
2026-09-30T16:52:28.476,24000,101.8,0.476,0.00
2026-09-30T16:52:28.578,24100,101.8,0.475,0.00
2026-09-30T16:52:28.676,24200,101.6,0.475,0.00
2026-09-30T16:52:28.776,24300,101.6,0.475,0.00
2026-09-30T16:52:28.876,24400,101.7,0.475,0.00
2026-09-30T16:52:28.977,24500,101.6,0.475,0.00
2026-09-30T16:52:29.076,24600,101.8,0.475,0.00
2026-09-30T16:52:29.177,24700,101.6,0.475,0.00
2026-09-30T16:52:29.277,24800,101.8,0.476,0.00
2026-09-30T16:52:29.377,24900,101.6,0.475,0.00
2026-09-30T16:52:29.478,25000,101.9,0.476,0.00
2026-09-30T16:52:29.577,25100,101.6,0.475,0.00
2026-09-30T16:52:29.676,25200,101.6,0.475,0.00
2026-09-30T16:52:29.777,25300,101.5,0.474,0.00
2026-09-30T16:52:29.876,25400,101.7,0.475,0.00
2026-09-30T16:52:29.976,25500,101.8,0.475,0.00
2026-09-30T16:52:30.076,25600,101.7,0.475,0.00
2026-09-30T16:52:30.176,25700,101.9,0.476,0.00
2026-09-30T16:52:30.276,25800,101.8,0.476,0.00
2026-09-30T16:52:30.375,25900,101.6,0.475,0.00
2026-09-30T16:52:30.475,26000,101.8,0.476,0.00
2026-09-30T16:52:30.575,26100,101.6,0.475,0.00
2026-09-30T16:52:30.662,26200,101.8,0.476,0.00
2026-09-30T16:52:30.775,26300,101.9,0.476,0.00
2026-09-30T16:52:30.875,26400,101.6,0.475,0.00
2026-09-30T16:52:30.963,26500,101.4,0.474,0.00
2026-09-30T16:52:31.076,26600,101.7,0.475,0.00
2026-09-30T16:52:31.176,26700,101.8,0.476,0.00
2026-09-30T16:52:31.264,26800,101.6,0.475,0.00
2026-09-30T16:52:31.363,26900,101.8,0.475,0.00
2026-09-30T16:52:31.463,27000,101.9,0.476,0.00
2026-09-30T16:52:31.563,27100,101.7,0.475,0.00
2026-09-30T16:52:31.675,27200,101.8,0.475,0.00
2026-09-30T16:52:31.775,27300,101.7,0.475,0.00
2026-09-30T16:52:31.875,27400,101.6,0.475,0.00
2026-09-30T16:52:31.964,27500,101.6,0.475,0.00
2026-09-30T16:52:32.064,27600,101.5,0.474,0.00
2026-09-30T16:52:32.174,27700,101.9,0.476,0.00
2026-09-30T16:52:32.274,27800,101.9,0.476,0.00
2026-09-30T16:52:32.375,27900,101.6,0.475,0.00
2026-09-30T16:52:32.465,28000,101.6,0.475,0.00
2026-09-30T16:52:32.574,28100,101.4,0.474,0.00
2026-09-30T16:52:32.674,28200,101.8,0.475,0.00
2026-09-30T16:52:32.774,28300,101.5,0.474,0.00
2026-09-30T16:52:32.865,28400,101.8,0.476,0.00
2026-09-30T16:52:32.974,28500,101.8,0.475,0.00
2026-09-30T16:52:33.065,28600,101.4,0.474,0.00
2026-09-30T16:52:33.174,28700,101.6,0.475,0.00
2026-09-30T16:52:33.273,28800,101.8,0.476,0.00
2026-09-30T16:52:33.366,28900,101.6,0.475,0.00
2026-09-30T16:52:33.466,29000,101.6,0.475,0.00
2026-09-30T16:52:33.566,29100,101.6,0.475,0.00
2026-09-30T16:52:33.666,29200,101.9,0.476,0.00
2026-09-30T16:52:33.766,29300,101.7,0.475,0.00
2026-09-30T16:52:33.872,29400,101.9,0.476,0.00
2026-09-30T16:52:33.966,29500,101.8,0.475,0.00
2026-09-30T16:52:34.066,29600,101.8,0.475,0.00
2026-09-30T16:52:34.166,29700,101.6,0.475,0.00
2026-09-30T16:52:34.267,29800,101.7,0.475,0.00
2026-09-30T16:52:34.367,29900,101.9,0.476,0.00
2026-09-30T16:52:34.467,30000,101.6,0.475,0.00
2026-09-30T16:52:34.567,30100,101.8,0.476,0.00
2026-09-30T16:52:34.667,30200,101.6,0.475,0.00
2026-09-30T16:52:34.767,30300,101.8,0.476,0.00
2026-09-30T16:52:34.867,30400,101.9,0.476,0.00
2026-09-30T16:52:34.967,30500,101.8,0.475,0.00
2026-09-30T16:52:35.067,30600,102.0,0.477,0.00
2026-09-30T16:52:35.167,30700,101.9,0.476,0.00
2026-09-30T16:52:35.267,30800,101.8,0.475,0.00
2026-09-30T16:52:35.367,30900,101.6,0.475,0.00
2026-09-30T16:52:35.471,31000,101.6,0.475,0.00
2026-09-30T16:52:35.572,31100,101.9,0.476,0.00
2026-09-30T16:52:35.657,31200,101.7,0.475,0.00
2026-09-30T16:52:35.757,31300,101.9,0.476,0.00
2026-09-30T16:52:35.871,31400,101.6,0.475,0.00
2026-09-30T16:52:35.958,31500,101.6,0.475,0.00
2026-09-30T16:52:36.062,31600,101.8,0.476,0.00
2026-09-30T16:52:36.157,31700,101.6,0.475,0.00
2026-09-30T16:52:36.262,31800,101.9,0.476,0.00
2026-09-30T16:52:36.357,31900,101.8,0.475,0.00
2026-09-30T16:52:36.457,32000,101.6,0.475,0.00
2026-09-30T16:52:36.557,32100,101.8,0.476,0.00
2026-09-30T16:52:36.656,32200,102.0,0.477,0.00
2026-09-30T16:52:36.756,32300,101.6,0.475,0.00
2026-09-30T16:52:36.856,32400,101.6,0.475,0.00
2026-09-30T16:52:36.956,32500,101.8,0.475,0.00
2026-09-30T16:52:37.056,32600,101.6,0.475,0.00
2026-09-30T16:52:37.156,32700,101.8,0.475,0.00
2026-09-30T16:52:37.256,32800,101.6,0.475,0.00
2026-09-30T16:52:37.369,32900,101.8,0.475,0.00
2026-09-30T16:52:37.455,33000,101.6,0.475,0.00
2026-09-30T16:52:37.570,33100,101.6,0.475,0.00
2026-09-30T16:52:37.656,33200,101.8,0.475,0.00
2026-09-30T16:52:37.756,33300,101.4,0.474,0.00
2026-09-30T16:52:37.868,33400,101.7,0.475,0.00
2026-09-30T16:52:37.956,33500,101.9,0.476,0.00
2026-09-30T16:52:38.067,33600,102.1,0.477,0.00
2026-09-30T16:52:38.156,33700,102.0,0.477,0.00
2026-09-30T16:52:38.256,33800,101.6,0.475,0.00
2026-09-30T16:52:38.357,33900,101.6,0.475,0.00
2026-09-30T16:52:38.455,34000,101.4,0.474,0.00
2026-09-30T16:52:38.568,34100,102.0,0.477,0.00
2026-09-30T16:52:38.655,34200,101.6,0.475,0.00
2026-09-30T16:52:38.755,34300,101.8,0.475,0.00
2026-09-30T16:52:38.855,34400,101.6,0.475,0.00
2026-09-30T16:52:38.955,34500,101.6,0.475,0.00
2026-09-30T16:52:39.066,34600,101.9,0.476,0.00
2026-09-30T16:52:39.155,34700,101.5,0.474,0.00
2026-09-30T16:52:39.255,34800,101.8,0.476,0.00
2026-09-30T16:52:39.355,34900,101.6,0.475,0.00
2026-09-30T16:52:39.456,35000,101.6,0.475,0.00
2026-09-30T16:52:39.566,35100,101.9,0.476,0.00
2026-09-30T16:52:39.663,35200,101.9,0.476,0.00
2026-09-30T16:52:39.761,35300,101.6,0.475,0.00
2026-09-30T16:52:39.855,35400,101.6,0.475,0.00
2026-09-30T16:52:39.955,35500,101.8,0.476,0.00
2026-09-30T16:52:40.055,35600,101.9,0.476,0.00
2026-09-30T16:52:40.167,35700,101.6,0.475,0.00
2026-09-30T16:52:40.254,35800,101.8,0.475,0.00
2026-09-30T16:52:40.354,35900,101.7,0.475,0.00
2026-09-30T16:52:40.455,36000,101.7,0.475,0.00
2026-09-30T16:52:40.562,36100,101.8,0.475,0.00
2026-09-30T16:52:40.654,36200,101.5,0.474,0.00
2026-09-30T16:52:40.755,36300,101.7,0.475,0.00
2026-09-30T16:52:40.854,36400,101.6,0.475,0.00
2026-09-30T16:52:40.954,36500,101.6,0.475,0.00
2026-09-30T16:52:41.054,36600,101.5,0.474,0.00
2026-09-30T16:52:41.153,36700,101.8,0.475,0.00
2026-09-30T16:52:41.266,36800,101.7,0.475,0.00
2026-09-30T16:52:41.354,36900,101.7,0.475,0.00
2026-09-30T16:52:41.454,37000,102.1,0.477,0.00
2026-09-30T16:52:41.554,37100,101.8,0.476,0.00
2026-09-30T16:52:41.655,37200,101.9,0.476,0.00
2026-09-30T16:52:41.753,37300,101.6,0.475,0.00
2026-09-30T16:52:41.854,37400,101.6,0.475,0.00
2026-09-30T16:52:41.954,37500,101.6,0.475,0.00
2026-09-30T16:52:42.054,37600,101.5,0.474,0.00
2026-09-30T16:52:42.154,37700,101.6,0.475,0.00
2026-09-30T16:52:42.254,37800,101.8,0.476,0.00
2026-09-30T16:52:42.364,37900,101.7,0.475,0.00
2026-09-30T16:52:42.465,38000,101.8,0.476,0.00
2026-09-30T16:52:42.557,38100,101.7,0.475,0.00
2026-09-30T16:52:42.652,38200,101.5,0.474,0.00
2026-09-30T16:52:42.762,38300,101.7,0.475,0.00
2026-09-30T16:52:42.864,38400,102.0,0.477,0.00
2026-09-30T16:52:42.954,38500,101.8,0.475,0.00
2026-09-30T16:52:43.056,38600,101.6,0.475,0.00
2026-09-30T16:52:43.164,38700,101.9,0.476,0.00
2026-09-30T16:52:43.253,38800,101.9,0.476,0.00
2026-09-30T16:52:43.363,38900,101.8,0.475,0.00
2026-09-30T16:52:43.453,39000,101.8,0.475,0.00
2026-09-30T16:52:43.552,39100,101.9,0.476,0.00
2026-09-30T16:52:43.653,39200,102.1,0.477,0.00
2026-09-30T16:52:43.753,39300,101.7,0.475,0.00
2026-09-30T16:52:43.863,39400,101.6,0.475,0.00
2026-09-30T16:52:43.952,39500,101.7,0.475,0.00
2026-09-30T16:52:44.053,39600,101.9,0.476,0.00
2026-09-30T16:52:44.151,39700,101.8,0.476,0.00
2026-09-30T16:52:44.263,39800,101.7,0.475,0.00
2026-09-30T16:52:44.352,39900,101.6,0.475,0.00
2026-09-30T16:52:44.451,40000,101.7,0.475,0.00
2026-09-30T16:52:44.563,40100,101.8,0.475,0.00
2026-09-30T16:52:44.653,40200,101.8,0.476,0.00
2026-09-30T16:52:44.752,40300,101.7,0.475,0.00
2026-09-30T16:52:44.852,40400,101.4,0.474,0.00
2026-09-30T16:52:44.952,40500,101.6,0.475,0.00
2026-09-30T16:52:45.052,40600,101.8,0.476,0.00
2026-09-30T16:52:45.151,40700,101.6,0.475,0.00
2026-09-30T16:52:45.262,40800,101.9,0.476,0.00
2026-09-30T16:52:45.352,40900,101.8,0.476,0.00
2026-09-30T16:52:45.452,41000,101.8,0.476,0.00
2026-09-30T16:52:45.550,41100,101.4,0.474,0.00
2026-09-30T16:52:45.652,41200,101.9,0.476,0.00
2026-09-30T16:52:45.761,41300,101.6,0.475,0.00
2026-09-30T16:52:45.861,41400,101.9,0.476,0.00
2026-09-30T16:52:45.951,41500,101.7,0.475,0.00
2026-09-30T16:52:46.061,41600,101.7,0.475,0.00
2026-09-30T16:52:46.157,41700,101.6,0.475,0.00
2026-09-30T16:52:46.261,41800,101.8,0.475,0.00
2026-09-30T16:52:46.351,41900,102.1,0.477,0.00
2026-09-30T16:52:46.452,42000,101.9,0.476,0.00
2026-09-30T16:52:46.550,42100,101.7,0.475,0.00
2026-09-30T16:52:46.651,42200,102.1,0.477,0.00
2026-09-30T16:52:46.750,42300,101.9,0.476,0.00
2026-09-30T16:52:46.860,42400,101.9,0.476,0.00
2026-09-30T16:52:46.950,42500,101.7,0.475,0.00
2026-09-30T16:52:47.060,42600,101.9,0.476,0.00
2026-09-30T16:52:47.151,42700,101.4,0.474,0.00
2026-09-30T16:52:47.250,42800,101.6,0.475,0.00
2026-09-30T16:52:47.349,42900,101.9,0.476,0.00
2026-09-30T16:52:47.454,43000,101.8,0.475,0.00
2026-09-30T16:52:47.549,43100,101.8,0.476,0.00
2026-09-30T16:52:47.660,43200,101.8,0.476,0.00
2026-09-30T16:52:47.760,43300,101.8,0.476,0.00
2026-09-30T16:52:47.850,43400,101.7,0.475,0.00
2026-09-30T16:52:47.950,43500,101.5,0.474,0.00
2026-09-30T16:52:48.059,43600,101.5,0.474,0.00
2026-09-30T16:52:48.151,43700,101.6,0.475,0.00
2026-09-30T16:52:48.250,43800,101.5,0.474,0.00
2026-09-30T16:52:48.352,43900,101.7,0.475,0.00
2026-09-30T16:52:48.457,44000,101.8,0.475,0.00
2026-09-30T16:52:48.558,44100,101.7,0.475,0.00
2026-09-30T16:52:48.650,44200,101.6,0.475,0.00
2026-09-30T16:52:48.750,44300,101.7,0.475,0.00
2026-09-30T16:52:48.850,44400,101.5,0.474,0.00
2026-09-30T16:52:48.950,44500,101.5,0.474,0.00
2026-09-30T16:52:49.053,44600,101.6,0.475,0.00
2026-09-30T16:52:49.148,44700,101.6,0.475,0.00
2026-09-30T16:52:49.250,44800,101.6,0.475,0.00
2026-09-30T16:52:49.349,44900,101.6,0.475,0.00
2026-09-30T16:52:49.449,45000,101.6,0.475,0.00
2026-09-30T16:52:49.549,45100,101.6,0.475,0.00
2026-09-30T16:52:49.650,45200,101.7,0.475,0.00
2026-09-30T16:52:49.757,45300,101.8,0.476,0.00
2026-09-30T16:52:49.851,45400,101.8,0.475,0.00
2026-09-30T16:52:49.948,45500,101.9,0.476,0.00
2026-09-30T16:52:50.048,45600,101.6,0.475,0.00
2026-09-30T16:52:50.150,45700,101.6,0.475,0.00
2026-09-30T16:52:50.249,45800,101.7,0.475,0.00
2026-09-30T16:52:50.348,45900,101.6,0.475,0.00
2026-09-30T16:52:50.448,46000,101.8,0.475,0.00
2026-09-30T16:52:50.557,46100,101.8,0.476,0.00
2026-09-30T16:52:50.649,46200,101.9,0.476,0.00
2026-09-30T16:52:50.748,46300,101.7,0.475,0.00
2026-09-30T16:52:50.849,46400,102.1,0.477,0.00
2026-09-30T16:52:50.949,46500,101.5,0.474,0.00
2026-09-30T16:52:51.048,46600,101.8,0.475,0.00
2026-09-30T16:52:51.148,46700,101.9,0.476,0.00
2026-09-30T16:52:51.247,46800,101.9,0.476,0.00
2026-09-30T16:52:51.349,46900,101.5,0.474,0.00
2026-09-30T16:52:51.448,47000,101.6,0.475,0.00
2026-09-30T16:52:51.548,47100,101.7,0.475,0.00
2026-09-30T16:52:51.648,47200,101.8,0.475,0.00
2026-09-30T16:52:51.748,47300,101.8,0.475,0.00
2026-09-30T16:52:51.848,47400,101.7,0.475,0.00
2026-09-30T16:52:51.948,47500,101.5,0.474,0.00
2026-09-30T16:52:52.047,47600,101.9,0.476,0.00
2026-09-30T16:52:52.147,47700,101.9,0.476,0.00
2026-09-30T16:52:52.248,47800,101.4,0.474,0.00
2026-09-30T16:52:52.347,47900,101.5,0.474,0.00
2026-09-30T16:52:52.448,48000,101.8,0.475,0.00
2026-09-30T16:52:52.547,48100,101.7,0.475,0.00
2026-09-30T16:52:52.648,48200,101.9,0.476,0.00
2026-09-30T16:52:52.748,48300,101.6,0.475,0.00
2026-09-30T16:52:52.847,48400,101.5,0.474,0.00
2026-09-30T16:52:52.948,48500,101.8,0.475,0.00
2026-09-30T16:52:53.047,48600,101.5,0.474,0.00
2026-09-30T16:52:53.147,48700,101.9,0.476,0.00
2026-09-30T16:52:53.247,48800,101.8,0.475,0.00
2026-09-30T16:52:53.354,48900,101.7,0.475,0.00
2026-09-30T16:52:53.446,49000,101.7,0.475,0.00
2026-09-30T16:52:53.547,49100,101.6,0.475,0.00
2026-09-30T16:52:53.653,49200,101.9,0.476,0.00
2026-09-30T16:52:53.747,49300,101.8,0.475,0.00
2026-09-30T16:52:53.846,49400,101.6,0.475,0.00
2026-09-30T16:52:53.954,49500,101.6,0.475,0.00
2026-09-30T16:52:54.047,49600,101.8,0.475,0.00
2026-09-30T16:52:54.146,49700,101.8,0.476,0.00
2026-09-30T16:52:54.247,49800,101.8,0.475,0.00
2026-09-30T16:52:54.347,49900,101.7,0.475,0.00
2026-09-30T16:52:54.445,50000,101.9,0.476,0.00
2026-09-30T16:52:54.547,50100,101.7,0.475,0.00
2026-09-30T16:52:54.653,50200,101.8,0.476,0.00
2026-09-30T16:52:54.747,50300,101.7,0.475,0.00
2026-09-30T16:52:54.846,50400,101.6,0.475,0.00
2026-09-30T16:52:54.953,50500,101.6,0.475,0.00
2026-09-30T16:52:55.047,50600,101.7,0.475,0.00
2026-09-30T16:52:55.146,50700,101.6,0.475,0.00
2026-09-30T16:52:55.246,50800,101.7,0.475,0.00
2026-09-30T16:52:55.345,50900,101.9,0.476,0.00
2026-09-30T16:52:55.447,51000,101.9,0.476,0.00
2026-09-30T16:52:55.546,51100,101.6,0.475,0.00
2026-09-30T16:52:55.646,51200,101.8,0.475,0.00
2026-09-30T16:52:55.746,51300,102.1,0.477,0.00
2026-09-30T16:52:55.845,51400,101.8,0.476,0.00
2026-09-30T16:52:55.946,51500,102.0,0.477,0.00
2026-09-30T16:52:56.044,51600,101.4,0.474,0.00
2026-09-30T16:52:56.146,51700,101.6,0.475,0.00
2026-09-30T16:52:56.245,51800,101.8,0.475,0.00
2026-09-30T16:52:56.345,51900,101.5,0.474,0.00
2026-09-30T16:52:56.445,52000,101.7,0.475,0.00
2026-09-30T16:52:56.544,52100,101.9,0.476,0.00
2026-09-30T16:52:56.650,52200,101.4,0.474,0.00
2026-09-30T16:52:56.751,52300,101.8,0.475,0.00
2026-09-30T16:52:56.845,52400,101.6,0.475,0.00
2026-09-30T16:52:56.946,52500,101.8,0.476,0.00
2026-09-30T16:52:57.044,52600,101.6,0.475,0.00
2026-09-30T16:52:57.150,52700,101.7,0.475,0.00
2026-09-30T16:52:57.245,52800,101.9,0.476,0.00
2026-09-30T16:52:57.351,52900,101.7,0.475,0.00
2026-09-30T16:52:57.444,53000,101.6,0.475,0.00
2026-09-30T16:52:57.544,53100,101.9,0.476,0.00
2026-09-30T16:52:57.644,53200,102.0,0.477,0.00
2026-09-30T16:52:57.745,53300,101.7,0.475,0.00
2026-09-30T16:52:57.845,53400,101.6,0.475,0.00
2026-09-30T16:52:57.945,53500,101.6,0.475,0.00
2026-09-30T16:52:58.045,53600,101.6,0.475,0.00
2026-09-30T16:52:58.147,53700,101.8,0.476,0.00
2026-09-30T16:52:58.245,53800,101.8,0.476,0.00
2026-09-30T16:52:58.344,53900,101.5,0.474,0.00
2026-09-30T16:52:58.444,54000,101.6,0.475,0.00
2026-09-30T16:52:58.545,54100,101.4,0.474,0.00
2026-09-30T16:52:58.649,54200,101.6,0.475,0.00
2026-09-30T16:52:58.746,54300,101.6,0.475,0.00
2026-09-30T16:52:58.847,54400,101.7,0.475,0.00
2026-09-30T16:52:58.950,54500,101.8,0.475,0.00
2026-09-30T16:52:59.046,54600,101.6,0.475,0.00
2026-09-30T16:52:59.144,54700,101.5,0.474,0.00
2026-09-30T16:52:59.249,54800,101.6,0.475,0.00
2026-09-30T16:52:59.343,54900,101.9,0.476,0.00
2026-09-30T16:52:59.444,55000,101.9,0.476,0.00
2026-09-30T16:52:59.544,55100,101.8,0.475,0.00
2026-09-30T16:52:59.644,55200,101.9,0.476,0.00
2026-09-30T16:52:59.742,55300,101.9,0.476,0.00
2026-09-30T16:52:59.844,55400,101.6,0.475,0.00
2026-09-30T16:52:59.947,55500,101.8,0.476,0.00
2026-09-30T16:53:00.048,55600,101.5,0.474,0.00
2026-09-30T16:53:00.143,55700,101.6,0.475,0.00
2026-09-30T16:53:00.248,55800,101.6,0.475,0.00
2026-09-30T16:53:00.343,55900,101.6,0.475,0.00
2026-09-30T16:53:00.443,56000,101.8,0.476,0.00
2026-09-30T16:53:00.543,56100,101.4,0.474,0.00
2026-09-30T16:53:00.643,56200,101.9,0.476,0.00
2026-09-30T16:53:00.743,56300,101.9,0.476,0.00
2026-09-30T16:53:00.847,56400,101.7,0.475,0.00
2026-09-30T16:53:00.942,56500,101.8,0.475,0.00
2026-09-30T16:53:01.042,56600,101.9,0.476,0.00
2026-09-30T16:53:01.143,56700,101.6,0.475,0.00
2026-09-30T16:53:01.243,56800,101.5,0.474,0.00
2026-09-30T16:53:01.342,56900,101.7,0.475,0.00
2026-09-30T16:53:01.442,57000,101.8,0.476,0.00
2026-09-30T16:53:01.542,57100,101.4,0.474,0.00
2026-09-30T16:53:01.642,57200,101.6,0.475,0.00
2026-09-30T16:53:01.742,57300,101.8,0.475,0.00
2026-09-30T16:53:01.841,57400,102.1,0.477,0.00
2026-09-30T16:53:01.943,57500,101.7,0.475,0.00
2026-09-30T16:53:02.045,57600,101.8,0.475,0.00
2026-09-30T16:53:02.146,57700,101.9,0.476,0.00
2026-09-30T16:53:02.246,57800,101.9,0.476,0.00
2026-09-30T16:53:02.343,57900,101.6,0.475,0.00
2026-09-30T16:53:02.442,58000,101.6,0.475,0.00
2026-09-30T16:53:02.542,58100,101.6,0.475,0.00
2026-09-30T16:53:02.642,58200,101.6,0.475,0.00
2026-09-30T16:53:02.741,58300,101.7,0.475,0.00
2026-09-30T16:53:02.843,58400,101.8,0.476,0.00
2026-09-30T16:53:02.941,58500,101.8,0.475,0.00
2026-09-30T16:53:03.041,58600,101.6,0.475,0.00
2026-09-30T16:53:03.141,58700,101.4,0.474,0.00
2026-09-30T16:53:03.242,58800,101.6,0.475,0.00
2026-09-30T16:53:03.342,58900,101.8,0.476,0.00
2026-09-30T16:53:03.440,59000,102.0,0.477,0.00
2026-09-30T16:53:03.541,59100,101.7,0.475,0.00
2026-09-30T16:53:03.644,59200,101.6,0.475,0.00
2026-09-30T16:53:03.741,59300,101.8,0.476,0.00
2026-09-30T16:53:03.844,59400,101.8,0.476,0.00
2026-09-30T16:53:03.944,59500,101.8,0.476,0.00
2026-09-30T16:53:04.043,59600,101.9,0.476,0.00
2026-09-30T16:53:04.141,59700,101.8,0.475,0.00
2026-09-30T16:53:04.241,59800,101.6,0.475,0.00
2026-09-30T16:53:04.344,59900,102.1,0.477,0.00
2026-09-30T16:53:04.442,60000,101.9,0.476,0.00
2026-09-30T16:53:04.544,60100,101.5,0.474,0.00
2026-09-30T16:53:04.641,60200,101.4,0.474,0.00
2026-09-30T16:53:04.741,60300,102.1,0.477,0.00
2026-09-30T16:53:04.841,60400,101.9,0.476,0.00
2026-09-30T16:53:04.940,60500,101.6,0.475,0.00
2026-09-30T16:53:05.040,60600,101.7,0.475,0.00
2026-09-30T16:53:05.142,60700,101.8,0.475,0.00
2026-09-30T16:53:05.242,60800,102.3,0.478,0.00
2026-09-30T16:53:05.342,60900,101.6,0.475,0.00
2026-09-30T16:53:05.442,61000,101.6,0.475,0.00
2026-09-30T16:53:05.543,61100,101.8,0.475,0.00
2026-09-30T16:53:05.640,61200,101.5,0.474,0.00
2026-09-30T16:53:05.742,61300,101.6,0.475,0.00
2026-09-30T16:53:05.840,61400,101.8,0.475,0.00
2026-09-30T16:53:05.941,61500,101.3,0.473,0.00
2026-09-30T16:53:06.041,61600,101.8,0.476,0.00
2026-09-30T16:53:06.142,61700,101.8,0.475,0.00
2026-09-30T16:53:06.241,61800,101.9,0.476,0.00
2026-09-30T16:53:06.341,61900,101.8,0.475,0.00
2026-09-30T16:53:06.441,62000,101.6,0.475,0.00
2026-09-30T16:53:06.541,62100,101.9,0.476,0.00
2026-09-30T16:53:06.641,62200,102.1,0.477,0.00
2026-09-30T16:53:06.742,62300,101.8,0.475,0.00
2026-09-30T16:53:06.842,62400,101.4,0.474,0.00
2026-09-30T16:53:06.942,62500,101.9,0.476,0.00
2026-09-30T16:53:07.040,62600,101.9,0.476,0.00
2026-09-30T16:53:07.141,62700,101.9,0.476,0.00
2026-09-30T16:53:07.239,62800,101.9,0.476,0.00
2026-09-30T16:53:07.340,62900,101.6,0.475,0.00
2026-09-30T16:53:07.439,63000,101.4,0.474,0.00
2026-09-30T16:53:07.539,63100,101.9,0.476,0.00
2026-09-30T16:53:07.640,63200,102.5,0.479,0.00
2026-09-30T16:53:07.740,63300,102.7,0.480,0.00
2026-09-30T16:53:07.840,63400,103.3,0.483,0.00
2026-09-30T16:53:07.940,63500,103.9,0.486,0.00
2026-09-30T16:53:08.039,63600,104.3,0.487,0.00
2026-09-30T16:53:08.139,63700,104.4,0.488,0.00
2026-09-30T16:53:08.239,63800,104.9,0.490,0.00
2026-09-30T16:53:08.340,63900,105.2,0.491,0.00
2026-09-30T16:53:08.439,64000,105.2,0.491,0.00
2026-09-30T16:53:08.538,64100,106.1,0.496,0.00
2026-09-30T16:53:08.640,64200,106.3,0.497,0.00
2026-09-30T16:53:08.739,64300,106.6,0.498,0.00
2026-09-30T16:53:08.839,64400,107.1,0.501,0.01
2026-09-30T16:53:08.939,64500,107.6,0.503,0.06
2026-09-30T16:53:09.038,64600,107.9,0.504,0.10
2026-09-30T16:53:09.139,64700,107.9,0.504,0.11
2026-09-30T16:53:09.239,64800,108.3,0.506,0.15
2026-09-30T16:53:09.338,64900,108.8,0.508,0.20
2026-09-30T16:53:09.438,65000,109.3,0.510,0.26
2026-09-30T16:53:09.538,65100,109.6,0.512,0.31
2026-09-30T16:53:09.638,65200,110.3,0.515,0.39
2026-09-30T16:53:09.739,65300,110.5,0.516,0.41
2026-09-30T16:53:09.838,65400,110.6,0.517,0.42
2026-09-30T16:53:09.938,65500,111.1,0.519,0.48
2026-09-30T16:53:10.038,65600,111.4,0.521,0.52
2026-09-30T16:53:10.138,65700,111.4,0.521,0.52
2026-09-30T16:53:10.238,65800,112.0,0.523,0.58
2026-09-30T16:53:10.337,65900,112.3,0.525,0.62
2026-09-30T16:53:10.438,66000,112.7,0.527,0.66
2026-09-30T16:53:10.522,66100,112.8,0.527,0.68
2026-09-30T16:53:10.638,66200,113.4,0.530,0.75
2026-09-30T16:53:10.738,66300,113.9,0.532,0.81
2026-09-30T16:53:10.838,66400,114.1,0.533,0.83
2026-09-30T16:53:10.937,66500,114.7,0.536,0.90
2026-09-30T16:53:11.037,66600,114.8,0.536,0.90
2026-09-30T16:53:11.137,66700,115.1,0.538,0.94
2026-09-30T16:53:11.237,66800,115.9,0.542,1.04
2026-09-30T16:53:11.337,66900,115.9,0.541,1.04
2026-09-30T16:53:11.437,67000,115.9,0.541,1.04
2026-09-30T16:53:11.537,67100,116.4,0.544,1.09
2026-09-30T16:53:11.622,67200,116.4,0.544,1.10
2026-09-30T16:53:11.737,67300,117.2,0.548,1.19
2026-09-30T16:53:11.826,67400,117.3,0.548,1.20
2026-09-30T16:53:11.936,67500,117.4,0.549,1.22
2026-09-30T16:53:12.036,67600,117.7,0.550,1.25
2026-09-30T16:53:12.137,67700,117.9,0.551,1.28
2026-09-30T16:53:12.234,67800,118.2,0.552,1.31
2026-09-30T16:53:12.334,67900,118.4,0.553,1.33
2026-09-30T16:53:12.436,68000,118.3,0.553,1.31
2026-09-30T16:53:12.533,68100,118.3,0.553,1.31
2026-09-30T16:53:12.635,68200,118.9,0.556,1.39
2026-09-30T16:53:12.736,68300,118.8,0.555,1.38
2026-09-30T16:53:12.835,68400,118.9,0.555,1.39
2026-09-30T16:53:12.921,68500,119.2,0.557,1.42
2026-09-30T16:53:13.021,68600,119.0,0.556,1.40
2026-09-30T16:53:13.121,68700,118.9,0.555,1.39
2026-09-30T16:53:13.220,68800,119.4,0.558,1.45
2026-09-30T16:53:13.320,68900,119.4,0.558,1.44
2026-09-30T16:53:13.420,69000,119.4,0.558,1.44
2026-09-30T16:53:13.520,69100,119.4,0.558,1.44
2026-09-30T16:53:13.620,69200,119.6,0.559,1.47
2026-09-30T16:53:13.729,69300,119.6,0.559,1.47
2026-09-30T16:53:13.831,69400,119.8,0.560,1.50
2026-09-30T16:53:13.921,69500,119.4,0.558,1.44
2026-09-30T16:53:14.035,69600,119.6,0.559,1.47
2026-09-30T16:53:14.134,69700,119.5,0.558,1.46
2026-09-30T16:53:14.220,69800,119.6,0.559,1.47
2026-09-30T16:53:14.333,69900,119.9,0.560,1.50
2026-09-30T16:53:14.426,70000,119.9,0.560,1.50
2026-09-30T16:53:14.520,70100,119.9,0.560,1.51
2026-09-30T16:53:14.633,70200,120.3,0.562,1.55
2026-09-30T16:53:14.720,70300,119.7,0.559,1.48
2026-09-30T16:53:14.820,70400,120.0,0.561,1.52
2026-09-30T16:53:14.934,70500,120.4,0.562,1.56
2026-09-30T16:53:15.033,70600,120.3,0.562,1.55
2026-09-30T16:53:15.133,70700,120.3,0.562,1.55
2026-09-30T16:53:15.233,70800,120.5,0.563,1.58
2026-09-30T16:53:15.333,70900,120.3,0.562,1.55
2026-09-30T16:53:15.432,71000,120.1,0.561,1.52
2026-09-30T16:53:15.534,71100,120.2,0.562,1.54
2026-09-30T16:53:15.634,71200,120.4,0.562,1.56
2026-09-30T16:53:15.733,71300,120.4,0.563,1.57
2026-09-30T16:53:15.829,71400,120.3,0.562,1.55
2026-09-30T16:53:15.931,71500,120.5,0.563,1.58
2026-09-30T16:53:16.031,71600,120.5,0.563,1.58
2026-09-30T16:53:16.132,71700,120.1,0.561,1.53
2026-09-30T16:53:16.231,71800,120.4,0.563,1.57
2026-09-30T16:53:16.331,71900,120.6,0.564,1.59
2026-09-30T16:53:16.419,72000,120.4,0.563,1.57
2026-09-30T16:53:16.532,72100,120.8,0.565,1.61
2026-09-30T16:53:16.619,72200,121.0,0.565,1.63
2026-09-30T16:53:16.732,72300,120.8,0.564,1.61
2026-09-30T16:53:16.823,72400,120.6,0.563,1.58
2026-09-30T16:53:16.918,72500,120.7,0.564,1.60
2026-09-30T16:53:17.023,72600,120.7,0.564,1.60
2026-09-30T16:53:17.119,72700,120.8,0.565,1.61
2026-09-30T16:53:17.218,72800,120.4,0.562,1.56
2026-09-30T16:53:17.331,72900,120.8,0.564,1.61
2026-09-30T16:53:17.418,73000,120.7,0.564,1.60
2026-09-30T16:53:17.518,73100,120.6,0.564,1.59
2026-09-30T16:53:17.618,73200,120.6,0.564,1.59
2026-09-30T16:53:17.732,73300,120.9,0.565,1.63
2026-09-30T16:53:17.828,73400,121.2,0.566,1.66
2026-09-30T16:53:17.918,73500,121.1,0.566,1.64
2026-09-30T16:53:18.018,73600,121.0,0.565,1.63
2026-09-30T16:53:18.118,73700,121.1,0.566,1.64
2026-09-30T16:53:18.231,73800,121.1,0.566,1.65
2026-09-30T16:53:18.330,73900,120.9,0.565,1.63
2026-09-30T16:53:18.430,74000,121.1,0.566,1.65
2026-09-30T16:53:18.530,74100,121.1,0.566,1.65
2026-09-30T16:53:18.625,74200,121.3,0.567,1.67
2026-09-30T16:53:18.718,74300,121.4,0.567,1.68
2026-09-30T16:53:18.817,74400,121.6,0.568,1.71
2026-09-30T16:53:18.917,74500,121.7,0.569,1.71
2026-09-30T16:53:19.017,74600,121.8,0.569,1.72
2026-09-30T16:53:19.117,74700,121.9,0.570,1.74
2026-09-30T16:53:19.217,74800,121.8,0.569,1.72
2026-09-30T16:53:19.330,74900,122.1,0.571,1.77
2026-09-30T16:53:19.417,75000,122.1,0.571,1.77
2026-09-30T16:53:19.517,75100,122.3,0.572,1.79
2026-09-30T16:53:19.627,75200,122.4,0.572,1.80
2026-09-30T16:53:19.717,75300,122.9,0.574,1.85
2026-09-30T16:53:19.819,75400,122.6,0.573,1.82
2026-09-30T16:53:19.917,75500,122.8,0.574,1.84
2026-09-30T16:53:20.017,75600,122.9,0.574,1.86
2026-09-30T16:53:20.117,75700,122.9,0.574,1.85
2026-09-30T16:53:20.227,75800,123.3,0.576,1.90
2026-09-30T16:53:20.319,75900,123.1,0.575,1.88
2026-09-30T16:53:20.417,76000,123.0,0.575,1.87
2026-09-30T16:53:20.518,76100,123.3,0.576,1.90
2026-09-30T16:53:20.617,76200,123.6,0.578,1.94
2026-09-30T16:53:20.728,76300,123.9,0.579,1.97
2026-09-30T16:53:20.817,76400,123.6,0.577,1.93
2026-09-30T16:53:20.929,76500,123.9,0.579,1.97
2026-09-30T16:53:21.017,76600,123.6,0.578,1.94
2026-09-30T16:53:21.115,76700,124.1,0.580,1.99
2026-09-30T16:53:21.216,76800,124.3,0.581,2.01
2026-09-30T16:53:21.316,76900,124.3,0.581,2.02
2026-09-30T16:53:21.416,77000,124.4,0.581,2.04
2026-09-30T16:53:21.516,77100,124.4,0.581,2.03
2026-09-30T16:53:21.616,77200,124.6,0.582,2.05
2026-09-30T16:53:21.727,77300,124.4,0.581,2.03
2026-09-30T16:53:21.816,77400,124.6,0.582,2.05
2026-09-30T16:53:21.916,77500,124.9,0.583,2.09
2026-09-30T16:53:22.027,77600,124.8,0.583,2.07
2026-09-30T16:53:22.116,77700,125.1,0.584,2.11
2026-09-30T16:53:22.215,77800,125.0,0.584,2.10
2026-09-30T16:53:22.316,77900,125.0,0.584,2.10
2026-09-30T16:53:22.416,78000,125.3,0.586,2.14
2026-09-30T16:53:22.523,78100,125.3,0.586,2.14
2026-09-30T16:53:22.627,78200,125.5,0.586,2.16
2026-09-30T16:53:22.715,78300,125.6,0.587,2.17
2026-09-30T16:53:22.814,78400,125.4,0.586,2.15
2026-09-30T16:53:22.926,78500,125.6,0.587,2.17
2026-09-30T16:53:23.015,78600,125.6,0.587,2.17
2026-09-30T16:53:23.116,78700,125.9,0.588,2.21
2026-09-30T16:53:23.214,78800,125.9,0.588,2.21
2026-09-30T16:53:23.316,78900,126.1,0.589,2.23
2026-09-30T16:53:23.414,79000,126.3,0.590,2.25
2026-09-30T16:53:23.516,79100,126.6,0.591,2.28
2026-09-30T16:53:23.625,79200,126.4,0.591,2.27
2026-09-30T16:53:23.715,79300,126.3,0.590,2.25
2026-09-30T16:53:23.815,79400,126.4,0.591,2.27
2026-09-30T16:53:23.915,79500,126.7,0.592,2.30
2026-09-30T16:53:24.014,79600,126.6,0.591,2.28
2026-09-30T16:53:24.114,79700,126.9,0.593,2.32
2026-09-30T16:53:24.215,79800,126.8,0.593,2.31
2026-09-30T16:53:24.314,79900,126.9,0.593,2.33
2026-09-30T16:53:24.424,80000,127.1,0.594,2.34
2026-09-30T16:53:24.515,80100,127.1,0.594,2.35
2026-09-30T16:53:24.625,80200,127.2,0.594,2.36
2026-09-30T16:53:24.724,80300,127.4,0.595,2.39
2026-09-30T16:53:24.815,80400,127.6,0.596,2.41
2026-09-30T16:53:24.917,80500,127.6,0.596,2.41
2026-09-30T16:53:25.024,80600,128.1,0.598,2.46
2026-09-30T16:53:25.114,80700,127.9,0.598,2.44
2026-09-30T16:53:25.215,80800,127.8,0.597,2.43
2026-09-30T16:53:25.313,80900,127.9,0.598,2.44
2026-09-30T16:53:25.413,81000,128.2,0.599,2.47
2026-09-30T16:53:25.514,81100,128.4,0.600,2.50
2026-09-30T16:53:25.614,81200,128.3,0.600,2.49
2026-09-30T16:53:25.714,81300,128.3,0.600,2.49
2026-09-30T16:53:25.814,81400,128.6,0.601,2.52
2026-09-30T16:53:25.913,81500,128.8,0.602,2.55
2026-09-30T16:53:26.014,81600,128.9,0.602,2.56
2026-09-30T16:53:26.114,81700,128.9,0.602,2.56
2026-09-30T16:53:26.223,81800,128.9,0.602,2.55
2026-09-30T16:53:26.314,81900,129.2,0.604,2.59
2026-09-30T16:53:26.418,82000,129.4,0.605,2.62
2026-09-30T16:53:26.513,82100,129.4,0.605,2.62
2026-09-30T16:53:26.613,82200,129.4,0.605,2.62
2026-09-30T16:53:26.712,82300,129.6,0.606,2.64
2026-09-30T16:53:26.816,82400,130.0,0.607,2.69
2026-09-30T16:53:26.912,82500,130.0,0.607,2.69
2026-09-30T16:53:27.023,82600,130.1,0.608,2.69
2026-09-30T16:53:27.114,82700,130.2,0.608,2.71
2026-09-30T16:53:27.212,82800,130.3,0.609,2.71
2026-09-30T16:53:27.312,82900,130.3,0.609,2.71
2026-09-30T16:53:27.413,83000,130.7,0.611,2.77
2026-09-30T16:53:27.512,83100,130.8,0.611,2.77
2026-09-30T16:53:27.613,83200,130.9,0.612,2.80
2026-09-30T16:53:27.713,83300,131.1,0.613,2.82
2026-09-30T16:53:27.813,83400,131.3,0.614,2.84
2026-09-30T16:53:27.914,83500,131.1,0.612,2.81
2026-09-30T16:53:28.013,83600,131.6,0.615,2.87
2026-09-30T16:53:28.112,83700,131.8,0.616,2.89
2026-09-30T16:53:28.212,83800,131.8,0.616,2.89
2026-09-30T16:53:28.313,83900,131.7,0.615,2.88
2026-09-30T16:53:28.412,84000,131.9,0.616,2.90
2026-09-30T16:53:28.512,84100,132.1,0.617,2.93
2026-09-30T16:53:28.612,84200,132.6,0.619,2.99
2026-09-30T16:53:28.713,84300,132.4,0.619,2.96
2026-09-30T16:53:28.813,84400,132.6,0.619,2.99
2026-09-30T16:53:28.913,84500,132.9,0.621,3.03
2026-09-30T16:53:29.013,84600,133.1,0.622,3.05
2026-09-30T16:53:29.113,84700,133.6,0.624,3.10
2026-09-30T16:53:29.213,84800,133.5,0.624,3.09
2026-09-30T16:53:29.313,84900,133.6,0.624,3.11
2026-09-30T16:53:29.413,85000,133.8,0.625,3.12
2026-09-30T16:53:29.513,85100,133.8,0.625,3.13
2026-09-30T16:53:29.613,85200,133.9,0.626,3.15
2026-09-30T16:53:29.713,85300,133.9,0.626,3.15
2026-09-30T16:53:29.814,85400,134.2,0.627,3.17
2026-09-30T16:53:29.914,85500,134.6,0.629,3.23
2026-09-30T16:53:30.014,85600,134.6,0.629,3.23
2026-09-30T16:53:30.114,85700,134.7,0.629,3.23
2026-09-30T16:53:30.214,85800,135.1,0.631,3.28
2026-09-30T16:53:30.314,85900,135.1,0.631,3.28
2026-09-30T16:53:30.414,86000,135.5,0.633,3.33
2026-09-30T16:53:30.519,86100,135.3,0.632,3.31
2026-09-30T16:53:30.618,86200,135.4,0.633,3.32
2026-09-30T16:53:30.714,86300,135.3,0.632,3.31
2026-09-30T16:53:30.814,86400,135.8,0.635,3.36
2026-09-30T16:53:30.914,86500,136.0,0.635,3.39
2026-09-30T16:53:31.014,86600,136.1,0.636,3.39
2026-09-30T16:53:31.117,86700,136.1,0.636,3.40
2026-09-30T16:53:31.215,86800,136.1,0.636,3.39
2026-09-30T16:53:31.315,86900,136.5,0.638,3.45
2026-09-30T16:53:31.416,87000,136.4,0.637,3.43
2026-09-30T16:53:31.518,87100,136.4,0.637,3.43
2026-09-30T16:53:31.618,87200,136.4,0.638,3.44
2026-09-30T16:53:31.710,87300,136.6,0.638,3.46
2026-09-30T16:53:31.810,87400,136.9,0.640,3.50
2026-09-30T16:53:31.913,87500,136.9,0.640,3.50
2026-09-30T16:53:32.009,87600,136.8,0.639,3.47
2026-09-30T16:53:32.117,87700,137.1,0.641,3.52
2026-09-30T16:53:32.210,87800,136.9,0.640,3.49
2026-09-30T16:53:32.310,87900,137.0,0.640,3.50
2026-09-30T16:53:32.410,88000,136.9,0.640,3.49
2026-09-30T16:53:32.510,88100,137.1,0.641,3.52
2026-09-30T16:53:32.608,88200,136.9,0.640,3.50
2026-09-30T16:53:32.710,88300,137.5,0.642,3.56
2026-09-30T16:53:32.817,88400,137.4,0.642,3.55
2026-09-30T16:53:32.910,88500,137.6,0.643,3.58
2026-09-30T16:53:33.010,88600,137.8,0.644,3.59
2026-09-30T16:53:33.116,88700,137.7,0.643,3.58
2026-09-30T16:53:33.210,88800,137.8,0.644,3.59
2026-09-30T16:53:33.309,88900,137.9,0.645,3.61
2026-09-30T16:53:33.413,89000,138.0,0.645,3.62
2026-09-30T16:53:33.509,89100,138.1,0.645,3.63
2026-09-30T16:53:33.616,89200,138.3,0.646,3.65
2026-09-30T16:53:33.709,89300,138.3,0.646,3.66
2026-09-30T16:53:33.816,89400,138.3,0.646,3.66
2026-09-30T16:53:33.916,89500,138.9,0.649,3.73
2026-09-30T16:53:34.008,89600,138.6,0.648,3.69
2026-09-30T16:53:34.109,89700,138.8,0.648,3.71
2026-09-30T16:53:34.208,89800,139.2,0.650,3.76
2026-09-30T16:53:34.309,89900,138.9,0.649,3.72
2026-09-30T16:53:34.408,90000,139.3,0.651,3.77
2026-09-30T16:53:34.509,90100,139.6,0.652,3.80
2026-09-30T16:53:34.608,90200,139.6,0.652,3.81
2026-09-30T16:53:34.708,90300,139.8,0.653,3.82
2026-09-30T16:53:34.809,90400,139.9,0.654,3.84
2026-09-30T16:53:34.909,90500,139.9,0.654,3.85
2026-09-30T16:53:35.009,90600,140.2,0.655,3.88
2026-09-30T16:53:35.109,90700,140.6,0.657,3.93
2026-09-30T16:53:35.210,90800,141.2,0.660,3.99
2026-09-30T16:53:35.315,90900,141.6,0.662,4.04
2026-09-30T16:53:35.407,91000,141.8,0.662,4.06
2026-09-30T16:53:35.508,91100,142.2,0.664,4.11
2026-09-30T16:53:35.608,91200,142.4,0.666,4.14
2026-09-30T16:53:35.708,91300,142.9,0.668,4.19
2026-09-30T16:53:35.813,91400,143.3,0.669,4.23
2026-09-30T16:53:35.908,91500,143.5,0.671,4.26
2026-09-30T16:53:36.008,91600,144.3,0.674,4.36
2026-09-30T16:53:36.113,91700,144.0,0.673,4.32
2026-09-30T16:53:36.214,91800,144.0,0.673,4.32
2026-09-30T16:53:36.307,91900,144.4,0.675,4.36
2026-09-30T16:53:36.409,92000,144.6,0.675,4.39
2026-09-30T16:53:36.513,92100,144.5,0.675,4.38
2026-09-30T16:53:36.607,92200,144.8,0.677,4.42
2026-09-30T16:53:36.707,92300,145.1,0.678,4.45
2026-09-30T16:53:36.813,92400,145.2,0.678,4.46
2026-09-30T16:53:36.913,92500,145.3,0.679,4.47
2026-09-30T16:53:37.008,92600,145.6,0.680,4.51
2026-09-30T16:53:37.109,92700,145.5,0.680,4.50
2026-09-30T16:53:37.207,92800,145.7,0.681,4.52
2026-09-30T16:53:37.310,92900,145.9,0.682,4.54
2026-09-30T16:53:37.408,93000,146.1,0.683,4.57
2026-09-30T16:53:37.507,93100,146.1,0.683,4.57
2026-09-30T16:53:37.607,93200,146.0,0.682,4.55
2026-09-30T16:53:37.706,93300,146.0,0.682,4.55
2026-09-30T16:53:37.806,93400,146.0,0.682,4.55
2026-09-30T16:53:37.906,93500,146.3,0.683,4.58
2026-09-30T16:53:38.007,93600,146.3,0.683,4.58
2026-09-30T16:53:38.106,93700,146.3,0.684,4.59
2026-09-30T16:53:38.208,93800,146.2,0.683,4.58
2026-09-30T16:53:38.306,93900,146.3,0.683,4.58
2026-09-30T16:53:38.411,94000,146.8,0.686,4.65
2026-09-30T16:53:38.506,94100,146.6,0.685,4.63
2026-09-30T16:53:38.606,94200,146.8,0.686,4.65
2026-09-30T16:53:38.706,94300,146.5,0.685,4.61
2026-09-30T16:53:38.806,94400,147.1,0.687,4.68
2026-09-30T16:53:38.907,94500,147.1,0.687,4.69
2026-09-30T16:53:39.006,94600,147.3,0.688,4.70
2026-09-30T16:53:39.105,94700,147.2,0.688,4.69
2026-09-30T16:53:39.206,94800,147.2,0.688,4.69
2026-09-30T16:53:39.306,94900,147.2,0.688,4.69
2026-09-30T16:53:39.407,95000,147.7,0.690,4.75
2026-09-30T16:53:39.505,95100,147.3,0.688,4.70
2026-09-30T16:53:39.606,95200,147.6,0.690,4.74
2026-09-30T16:53:39.706,95300,148.6,0.694,4.85
2026-09-30T16:53:39.806,95400,149.1,0.696,4.91
2026-09-30T16:53:39.906,95500,149.3,0.698,4.94
2026-09-30T16:53:40.004,95600,149.6,0.699,4.98
2026-09-30T16:53:40.107,95700,149.9,0.700,5.01
2026-09-30T16:53:40.207,95800,150.1,0.701,5.03
2026-09-30T16:53:40.306,95900,150.6,0.704,5.10
2026-09-30T16:53:40.406,96000,151.0,0.706,5.14
2026-09-30T16:53:40.506,96100,151.1,0.706,5.15
2026-09-30T16:53:40.605,96200,151.6,0.708,5.20
2026-09-30T16:53:40.705,96300,151.8,0.709,5.23
2026-09-30T16:53:40.805,96400,152.1,0.711,5.27
2026-09-30T16:53:40.905,96500,152.6,0.713,5.32
2026-09-30T16:53:41.005,96600,152.9,0.714,5.36
2026-09-30T16:53:41.109,96700,153.0,0.715,5.37
2026-09-30T16:53:41.204,96800,153.4,0.717,5.42
2026-09-30T16:53:41.305,96900,153.6,0.718,5.45
2026-09-30T16:53:41.408,97000,153.9,0.719,5.48
2026-09-30T16:53:41.505,97100,154.1,0.720,5.50
2026-09-30T16:53:41.604,97200,154.8,0.723,5.58
2026-09-30T16:53:41.708,97300,155.1,0.725,5.61
2026-09-30T16:53:41.808,97400,155.2,0.725,5.63
2026-09-30T16:53:41.905,97500,155.5,0.727,5.66
2026-09-30T16:53:42.008,97600,155.6,0.727,5.68
2026-09-30T16:53:42.108,97700,156.1,0.729,5.74
2026-09-30T16:53:42.205,97800,156.3,0.730,5.76
2026-09-30T16:53:42.308,97900,156.6,0.732,5.79
2026-09-30T16:53:42.404,98000,157.1,0.734,5.85
2026-09-30T16:53:42.505,98100,157.0,0.734,5.84
2026-09-30T16:53:42.604,98200,157.6,0.737,5.91
2026-09-30T16:53:42.708,98300,158.0,0.738,5.96
2026-09-30T16:53:42.805,98400,158.3,0.740,5.99
2026-09-30T16:53:42.905,98500,158.5,0.741,6.01
2026-09-30T16:53:43.004,98600,158.8,0.742,6.05
2026-09-30T16:53:43.103,98700,159.1,0.743,6.08
2026-09-30T16:53:43.204,98800,159.1,0.744,6.09
2026-09-30T16:53:43.307,98900,159.6,0.746,6.15
2026-09-30T16:53:43.404,99000,159.9,0.747,6.18
2026-09-30T16:53:43.504,99100,160.1,0.748,6.20
2026-09-30T16:53:43.604,99200,160.4,0.749,6.23
2026-09-30T16:53:43.706,99300,160.6,0.750,6.26
2026-09-30T16:53:43.805,99400,161.1,0.753,6.31
2026-09-30T16:53:43.903,99500,161.4,0.754,6.35
2026-09-30T16:53:44.004,99600,161.8,0.756,6.40
2026-09-30T16:53:44.104,99700,162.1,0.757,6.43
2026-09-30T16:53:44.203,99800,162.6,0.760,6.49
2026-09-30T16:53:44.305,99900,163.1,0.762,6.56
2026-09-30T16:53:44.403,100000,163.7,0.765,6.62
2026-09-30T16:53:44.504,100100,164.7,0.770,6.74
2026-09-30T16:53:44.604,100200,164.9,0.771,6.77
2026-09-30T16:53:44.703,100300,165.7,0.774,6.85
2026-09-30T16:53:44.802,100400,165.9,0.775,6.88
2026-09-30T16:53:44.903,100500,166.7,0.779,6.97
2026-09-30T16:53:45.003,100600,167.3,0.782,7.04
2026-09-30T16:53:45.103,100700,167.7,0.784,7.09
2026-09-30T16:53:45.203,100800,168.1,0.786,7.14
2026-09-30T16:53:45.305,100900,168.8,0.789,7.22
2026-09-30T16:53:45.405,101000,169.4,0.792,7.29
2026-09-30T16:53:45.502,101100,170.1,0.795,7.37
2026-09-30T16:53:45.603,101200,170.4,0.796,7.40
2026-09-30T16:53:45.702,101300,171.2,0.800,7.50
2026-09-30T16:53:45.804,101400,171.4,0.801,7.53
2026-09-30T16:53:45.902,101500,171.8,0.803,7.56
2026-09-30T16:53:46.002,101600,171.9,0.803,7.58
2026-09-30T16:53:46.105,101700,172.3,0.805,7.62
2026-09-30T16:53:46.202,101800,172.8,0.807,7.68
2026-09-30T16:53:46.303,101900,172.7,0.807,7.67
2026-09-30T16:53:46.402,102000,172.9,0.808,7.70
2026-09-30T16:53:46.502,102100,173.2,0.809,7.73
2026-09-30T16:53:46.602,102200,173.4,0.810,7.76
2026-09-30T16:53:46.702,102300,173.6,0.811,7.78
2026-09-30T16:53:46.802,102400,173.6,0.811,7.77
2026-09-30T16:53:46.901,102500,173.6,0.811,7.78
2026-09-30T16:53:47.001,102600,173.8,0.812,7.80
2026-09-30T16:53:47.102,102700,174.2,0.814,7.85
2026-09-30T16:53:47.202,102800,174.3,0.814,7.86
2026-09-30T16:53:47.301,102900,174.4,0.815,7.88
2026-09-30T16:53:47.402,103000,174.6,0.816,7.90
2026-09-30T16:53:47.502,103100,174.9,0.817,7.93
2026-09-30T16:53:47.602,103200,175.1,0.818,7.95
2026-09-30T16:53:47.701,103300,175.1,0.818,7.95
2026-09-30T16:53:47.802,103400,175.2,0.819,7.96
2026-09-30T16:53:47.902,103500,175.3,0.819,7.98
2026-09-30T16:53:48.002,103600,175.1,0.818,7.96
2026-09-30T16:53:48.101,103700,175.6,0.820,8.01
2026-09-30T16:53:48.202,103800,175.8,0.821,8.04
2026-09-30T16:53:48.302,103900,175.7,0.821,8.02
2026-09-30T16:53:48.401,104000,175.8,0.821,8.03
2026-09-30T16:53:48.500,104100,176.3,0.824,8.09
2026-09-30T16:53:48.601,104200,176.6,0.825,8.12
2026-09-30T16:53:48.701,104300,176.6,0.825,8.12
2026-09-30T16:53:48.800,104400,176.9,0.827,8.17
2026-09-30T16:53:48.901,104500,176.9,0.827,8.17
2026-09-30T16:53:49.002,104600,177.2,0.828,8.20
2026-09-30T16:53:49.102,104700,177.6,0.830,8.25
2026-09-30T16:53:49.201,104800,177.8,0.831,8.27
2026-09-30T16:53:49.301,104900,177.9,0.831,8.28
2026-09-30T16:53:49.401,105000,178.3,0.833,8.33
2026-09-30T16:53:49.500,105100,178.8,0.836,8.39
2026-09-30T16:53:49.601,105200,179.1,0.837,8.42
2026-09-30T16:53:49.700,105300,179.4,0.838,8.45
2026-09-30T16:53:49.800,105400,179.3,0.838,8.45
2026-09-30T16:53:49.900,105500,179.8,0.840,8.50
2026-09-30T16:53:49.985,105600,180.1,0.842,8.54
2026-09-30T16:53:50.099,105700,180.4,0.843,8.58
2026-09-30T16:53:50.201,105800,180.8,0.845,8.62
2026-09-30T16:53:50.284,105900,181.2,0.847,8.67
2026-09-30T16:53:50.400,106000,181.1,0.846,8.66
2026-09-30T16:53:50.500,106100,181.4,0.848,8.69
2026-09-30T16:53:50.599,106200,181.9,0.850,8.75
2026-09-30T16:53:50.700,106300,182.3,0.852,8.79
2026-09-30T16:53:50.800,106400,181.9,0.850,8.75
2026-09-30T16:53:50.900,106500,182.4,0.852,8.81
2026-09-30T16:53:51.000,106600,182.8,0.854,8.85
2026-09-30T16:53:51.100,106700,183.2,0.856,8.90
2026-09-30T16:53:51.184,106800,183.4,0.857,8.92
2026-09-30T16:53:51.299,106900,183.6,0.858,8.94
2026-09-30T16:53:51.399,107000,183.8,0.859,8.97
2026-09-30T16:53:51.484,107100,184.2,0.861,9.02
2026-09-30T16:53:51.584,107200,184.2,0.861,9.02
2026-09-30T16:53:51.699,107300,184.4,0.861,9.04
2026-09-30T16:53:51.784,107400,184.9,0.864,9.10
2026-09-30T16:53:51.884,107500,185.0,0.864,9.11
2026-09-30T16:53:51.983,107600,185.1,0.865,9.13
2026-09-30T16:53:52.087,107700,185.3,0.866,9.15
2026-09-30T16:53:52.198,107800,185.2,0.865,9.13
2026-09-30T16:53:52.284,107900,185.4,0.866,9.15
2026-09-30T16:53:52.384,108000,185.6,0.867,9.18
2026-09-30T16:53:52.484,108100,185.7,0.868,9.19
2026-09-30T16:53:52.583,108200,186.3,0.870,9.26
2026-09-30T16:53:52.683,108300,185.9,0.869,9.22
2026-09-30T16:53:52.783,108400,186.2,0.870,9.25
2026-09-30T16:53:52.884,108500,186.6,0.872,9.29
2026-09-30T16:53:52.983,108600,186.7,0.872,9.31
2026-09-30T16:53:53.098,108700,186.6,0.872,9.30
2026-09-30T16:53:53.183,108800,186.9,0.873,9.34
2026-09-30T16:53:53.298,108900,187.1,0.874,9.35
2026-09-30T16:53:53.383,109000,187.0,0.874,9.34
2026-09-30T16:53:53.483,109100,187.2,0.875,9.37
2026-09-30T16:53:53.583,109200,187.1,0.874,9.35
2026-09-30T16:53:53.684,109300,187.3,0.875,9.38
2026-09-30T16:53:53.793,109400,187.0,0.874,9.34
2026-09-30T16:53:53.897,109500,187.5,0.876,9.40
2026-09-30T16:53:53.987,109600,187.5,0.876,9.40
2026-09-30T16:53:54.087,109700,187.4,0.876,9.40
2026-09-30T16:53:54.190,109800,187.6,0.877,9.42
2026-09-30T16:53:54.297,109900,187.8,0.877,9.43
2026-09-30T16:53:54.389,110000,187.7,0.877,9.42
2026-09-30T16:53:54.489,110100,187.7,0.877,9.42
2026-09-30T16:53:54.593,110200,187.5,0.876,9.40
2026-09-30T16:53:54.690,110300,187.8,0.877,9.43
2026-09-30T16:53:54.790,110400,187.8,0.878,9.44
2026-09-30T16:53:54.897,110500,187.8,0.877,9.43
2026-09-30T16:53:54.996,110600,187.8,0.877,9.43
2026-09-30T16:53:55.096,110700,187.8,0.877,9.43
2026-09-30T16:53:55.196,110800,187.9,0.878,9.45
2026-09-30T16:53:55.282,110900,188.0,0.878,9.46
2026-09-30T16:53:55.382,111000,188.1,0.879,9.47
2026-09-30T16:53:55.481,111100,187.9,0.878,9.45
2026-09-30T16:53:55.595,111200,188.1,0.879,9.47
2026-09-30T16:53:55.682,111300,188.2,0.879,9.48
2026-09-30T16:53:55.781,111400,188.1,0.879,9.47
2026-09-30T16:53:55.895,111500,187.9,0.878,9.45
2026-09-30T16:53:55.982,111600,188.1,0.879,9.48
2026-09-30T16:53:56.081,111700,188.0,0.878,9.46
2026-09-30T16:53:56.181,111800,188.2,0.879,9.48
2026-09-30T16:53:56.282,111900,188.1,0.879,9.48
2026-09-30T16:53:56.381,112000,188.3,0.880,9.50
2026-09-30T16:53:56.490,112100,188.1,0.879,9.48
2026-09-30T16:53:56.581,112200,188.3,0.880,9.49
2026-09-30T16:53:56.693,112300,188.6,0.881,9.53
2026-09-30T16:53:56.781,112400,188.3,0.880,9.50
2026-09-30T16:53:56.884,112500,188.2,0.879,9.48
2026-09-30T16:53:56.981,112600,188.3,0.880,9.49
2026-09-30T16:53:57.081,112700,188.6,0.881,9.53
2026-09-30T16:53:57.181,112800,188.6,0.881,9.53
2026-09-30T16:53:57.293,112900,188.5,0.881,9.52
2026-09-30T16:53:57.393,113000,188.6,0.881,9.53
2026-09-30T16:53:57.480,113100,188.8,0.882,9.56
2026-09-30T16:53:57.593,113200,188.6,0.881,9.53
2026-09-30T16:53:57.680,113300,188.4,0.880,9.50
2026-09-30T16:53:57.780,113400,188.5,0.881,9.52
2026-09-30T16:53:57.880,113500,188.4,0.880,9.50
2026-09-30T16:53:57.980,113600,188.9,0.883,9.56
2026-09-30T16:53:58.080,113700,188.7,0.882,9.54
2026-09-30T16:53:58.180,113800,188.5,0.881,9.52
2026-09-30T16:53:58.280,113900,188.9,0.883,9.57
2026-09-30T16:53:58.381,114000,188.8,0.882,9.55
2026-09-30T16:53:58.480,114100,188.8,0.882,9.56
2026-09-30T16:53:58.581,114200,188.7,0.882,9.54
2026-09-30T16:53:58.680,114300,188.7,0.882,9.54
2026-09-30T16:53:58.792,114400,188.8,0.882,9.55
2026-09-30T16:53:58.880,114500,188.7,0.882,9.54
2026-09-30T16:53:58.980,114600,188.9,0.883,9.56
2026-09-30T16:53:59.090,114700,189.0,0.883,9.58
2026-09-30T16:53:59.180,114800,188.8,0.882,9.56
2026-09-30T16:53:59.280,114900,189.1,0.883,9.59
2026-09-30T16:53:59.380,115000,188.8,0.882,9.56
2026-09-30T16:53:59.479,115100,189.0,0.883,9.58
2026-09-30T16:53:59.579,115200,189.1,0.883,9.59
2026-09-30T16:53:59.679,115300,189.0,0.883,9.58
2026-09-30T16:53:59.779,115400,189.1,0.883,9.59
2026-09-30T16:53:59.879,115500,189.1,0.884,9.59
2026-09-30T16:53:59.979,115600,189.1,0.884,9.59
2026-09-30T16:54:00.079,115700,189.1,0.883,9.59
2026-09-30T16:54:00.190,115800,189.1,0.883,9.59
2026-09-30T16:54:00.291,115900,189.2,0.884,9.60
2026-09-30T16:54:00.391,116000,189.3,0.884,9.61
2026-09-30T16:54:00.479,116100,189.1,0.884,9.59
2026-09-30T16:54:00.579,116200,189.4,0.885,9.63
2026-09-30T16:54:00.679,116300,189.0,0.883,9.58
2026-09-30T16:54:00.779,116400,189.4,0.885,9.62
2026-09-30T16:54:00.879,116500,189.3,0.885,9.61
2026-09-30T16:54:00.979,116600,189.1,0.883,9.59
2026-09-30T16:54:01.079,116700,189.3,0.885,9.61
2026-09-30T16:54:01.179,116800,189.6,0.886,9.64
2026-09-30T16:54:01.278,116900,189.4,0.885,9.63
2026-09-30T16:54:01.378,117000,189.4,0.885,9.63
2026-09-30T16:54:01.490,117100,189.4,0.885,9.63
2026-09-30T16:54:01.578,117200,189.5,0.885,9.64
2026-09-30T16:54:01.678,117300,189.2,0.884,9.60
2026-09-30T16:54:01.778,117400,189.4,0.885,9.62
2026-09-30T16:54:01.878,117500,189.7,0.886,9.66
2026-09-30T16:54:01.979,117600,189.6,0.886,9.64
2026-09-30T16:54:02.078,117700,189.6,0.886,9.65
2026-09-30T16:54:02.178,117800,189.5,0.885,9.64
2026-09-30T16:54:02.277,117900,189.3,0.884,9.61
2026-09-30T16:54:02.377,118000,189.6,0.886,9.64
2026-09-30T16:54:02.477,118100,189.6,0.886,9.64
2026-09-30T16:54:02.588,118200,189.6,0.886,9.65
2026-09-30T16:54:02.677,118300,189.4,0.885,9.62
2026-09-30T16:54:02.788,118400,189.6,0.886,9.64
2026-09-30T16:54:02.878,118500,189.8,0.887,9.67
2026-09-30T16:54:02.978,118600,189.8,0.887,9.67
2026-09-30T16:54:03.078,118700,189.5,0.885,9.64
2026-09-30T16:54:03.177,118800,189.6,0.886,9.65
2026-09-30T16:54:03.276,118900,189.8,0.887,9.67
2026-09-30T16:54:03.387,119000,189.7,0.886,9.66
2026-09-30T16:54:03.477,119100,189.9,0.887,9.68
2026-09-30T16:54:03.577,119200,189.6,0.886,9.65
2026-09-30T16:54:03.687,119300,189.6,0.886,9.64
2026-09-30T16:54:03.777,119400,189.6,0.886,9.65
2026-09-30T16:54:03.876,119500,189.9,0.887,9.68
2026-09-30T16:54:03.976,119600,189.8,0.887,9.67
2026-09-30T16:54:04.078,119700,189.7,0.886,9.66
2026-09-30T16:54:04.187,119800,189.8,0.887,9.67
2026-09-30T16:54:04.286,119900,189.8,0.887,9.67
2026-09-30T16:54:04.376,120000,189.9,0.887,9.69
2026-09-30T16:54:04.478,120100,189.7,0.886,9.66
2026-09-30T16:54:04.576,120200,190.3,0.889,9.72
2026-09-30T16:54:04.676,120300,189.9,0.887,9.68
2026-09-30T16:54:04.788,120400,189.9,0.887,9.69
2026-09-30T16:54:04.877,120500,189.7,0.886,9.66
2026-09-30T16:54:04.975,120600,190.1,0.888,9.70
2026-09-30T16:54:05.087,120700,190.1,0.888,9.70
2026-09-30T16:54:05.177,120800,189.9,0.887,9.69
2026-09-30T16:54:05.276,120900,190.2,0.889,9.72
2026-09-30T16:54:05.376,121000,189.9,0.887,9.69
2026-09-30T16:54:05.486,121100,189.8,0.887,9.67
2026-09-30T16:54:05.576,121200,189.7,0.886,9.66
2026-09-30T16:54:05.678,121300,190.0,0.888,9.69
2026-09-30T16:54:05.775,121400,189.9,0.887,9.68
2026-09-30T16:54:05.876,121500,190.0,0.888,9.69
2026-09-30T16:54:05.975,121600,190.4,0.890,9.75
2026-09-30T16:54:06.085,121700,190.2,0.889,9.72
2026-09-30T16:54:06.178,121800,190.0,0.888,9.69
2026-09-30T16:54:06.275,121900,190.3,0.889,9.73
2026-09-30T16:54:06.375,122000,189.9,0.887,9.69
2026-09-30T16:54:06.474,122100,190.1,0.888,9.70
2026-09-30T16:54:06.576,122200,190.3,0.889,9.72
2026-09-30T16:54:06.674,122300,189.9,0.887,9.68
2026-09-30T16:54:06.774,122400,189.8,0.887,9.67
2026-09-30T16:54:06.884,122500,190.1,0.888,9.70
2026-09-30T16:54:06.975,122600,190.2,0.889,9.72
2026-09-30T16:54:07.074,122700,190.1,0.888,9.71
2026-09-30T16:54:07.174,122800,190.3,0.889,9.72
2026-09-30T16:54:07.274,122900,190.4,0.890,9.75
2026-09-30T16:54:07.375,123000,190.4,0.890,9.74
2026-09-30T16:54:07.477,123100,190.4,0.890,9.75
2026-09-30T16:54:07.574,123200,190.2,0.889,9.72
2026-09-30T16:54:07.675,123300,190.3,0.889,9.73
2026-09-30T16:54:07.775,123400,190.0,0.888,9.69
2026-09-30T16:54:07.878,123500,190.3,0.889,9.72
2026-09-30T16:54:07.975,123600,190.3,0.889,9.72
2026-09-30T16:54:08.083,123700,190.1,0.888,9.71
2026-09-30T16:54:08.175,123800,190.4,0.890,9.75
2026-09-30T16:54:08.275,123900,190.5,0.890,9.75
2026-09-30T16:54:08.377,124000,190.4,0.890,9.75
2026-09-30T16:54:08.473,124100,190.4,0.890,9.74
2026-09-30T16:54:08.583,124200,190.3,0.889,9.73
2026-09-30T16:54:08.674,124300,190.6,0.890,9.76
2026-09-30T16:54:08.774,124400,190.3,0.889,9.73
2026-09-30T16:54:08.875,124500,190.6,0.890,9.76
2026-09-30T16:54:08.973,124600,190.5,0.890,9.75
2026-09-30T16:54:09.073,124700,190.4,0.890,9.74
2026-09-30T16:54:09.172,124800,190.4,0.890,9.75
2026-09-30T16:54:09.282,124900,190.6,0.890,9.76
2026-09-30T16:54:09.375,125000,190.7,0.891,9.77
2026-09-30T16:54:09.478,125100,190.7,0.891,9.77
2026-09-30T16:54:09.573,125200,190.7,0.891,9.77
2026-09-30T16:54:09.683,125300,190.6,0.891,9.77
2026-09-30T16:54:09.773,125400,190.6,0.891,9.77
2026-09-30T16:54:09.874,125500,190.5,0.890,9.75
2026-09-30T16:54:09.976,125600,190.8,0.891,9.78
2026-09-30T16:54:10.073,125700,190.8,0.891,9.78
2026-09-30T16:54:10.173,125800,190.5,0.890,9.75
2026-09-30T16:54:10.281,125900,190.8,0.892,9.79
2026-09-30T16:54:10.373,126000,190.8,0.891,9.78
2026-09-30T16:54:10.472,126100,190.6,0.891,9.77
2026-09-30T16:54:10.573,126200,190.9,0.892,9.80
2026-09-30T16:54:10.672,126300,190.8,0.892,9.79
2026-09-30T16:54:10.771,126400,190.6,0.891,9.77
2026-09-30T16:54:10.872,126500,190.5,0.890,9.75
2026-09-30T16:54:10.978,126600,190.7,0.891,9.77
2026-09-30T16:54:11.076,126700,190.6,0.891,9.77
2026-09-30T16:54:11.172,126800,190.8,0.892,9.79
2026-09-30T16:54:11.271,126900,190.8,0.891,9.78
2026-09-30T16:54:11.373,127000,190.7,0.891,9.77
2026-09-30T16:54:11.472,127100,190.8,0.892,9.79
2026-09-30T16:54:11.572,127200,190.8,0.892,9.79
2026-09-30T16:54:11.672,127300,191.1,0.893,9.82
2026-09-30T16:54:11.773,127400,190.6,0.890,9.76
2026-09-30T16:54:11.878,127500,190.8,0.892,9.79
2026-09-30T16:54:11.973,127600,190.7,0.891,9.77
2026-09-30T16:54:12.072,127700,191.0,0.892,9.81
2026-09-30T16:54:12.172,127800,191.0,0.892,9.81
2026-09-30T16:54:12.272,127900,190.8,0.891,9.78
2026-09-30T16:54:12.372,128000,190.8,0.892,9.79
2026-09-30T16:54:12.472,128100,190.9,0.892,9.80
2026-09-30T16:54:12.572,128200,190.9,0.892,9.80
2026-09-30T16:54:12.678,128300,191.0,0.892,9.81
2026-09-30T16:54:12.771,128400,190.8,0.892,9.79
2026-09-30T16:54:12.874,128500,191.0,0.892,9.81
2026-09-30T16:54:12.972,128600,190.9,0.892,9.80
2026-09-30T16:54:13.072,128700,191.1,0.893,9.83
2026-09-30T16:54:13.171,128800,190.9,0.892,9.80
2026-09-30T16:54:13.272,128900,191.1,0.893,9.83
2026-09-30T16:54:13.378,129000,190.9,0.892,9.80
2026-09-30T16:54:13.472,129100,191.1,0.893,9.82
2026-09-30T16:54:13.571,129200,191.0,0.892,9.81
2026-09-30T16:54:13.675,129300,191.1,0.893,9.82
2026-09-30T16:54:13.771,129400,191.1,0.893,9.82
2026-09-30T16:54:13.875,129500,190.9,0.892,9.80
2026-09-30T16:54:13.978,129600,190.8,0.892,9.79
2026-09-30T16:54:14.074,129700,191.1,0.893,9.83
2026-09-30T16:54:14.171,129800,190.8,0.892,9.79
2026-09-30T16:54:14.271,129900,191.1,0.893,9.82
2026-09-30T16:54:14.370,130000,191.2,0.893,9.83
2026-09-30T16:54:14.470,130100,191.1,0.893,9.82
2026-09-30T16:54:14.570,130200,191.4,0.894,9.86
2026-09-30T16:54:14.677,130300,191.3,0.894,9.84
2026-09-30T16:54:14.770,130400,191.0,0.892,9.81
2026-09-30T16:54:14.870,130500,191.0,0.892,9.81
2026-09-30T16:54:14.977,130600,191.3,0.894,9.85
2026-09-30T16:54:15.076,130700,191.3,0.894,9.85
2026-09-30T16:54:15.171,130800,191.3,0.894,9.84
2026-09-30T16:54:15.270,130900,191.4,0.894,9.86
2026-09-30T16:54:15.373,131000,191.1,0.893,9.82
2026-09-30T16:54:15.470,131100,191.1,0.893,9.82
2026-09-30T16:54:15.576,131200,191.1,0.893,9.82
2026-09-30T16:54:15.673,131300,191.3,0.894,9.84
2026-09-30T16:54:15.770,131400,191.3,0.894,9.84
2026-09-30T16:54:15.870,131500,190.8,0.891,9.78
2026-09-30T16:54:15.970,131600,191.4,0.894,9.86
2026-09-30T16:54:16.068,131700,191.1,0.893,9.82
2026-09-30T16:54:16.171,131800,190.9,0.892,9.80
2026-09-30T16:54:16.270,131900,190.9,0.892,9.80
2026-09-30T16:54:16.370,132000,191.5,0.895,9.87
2026-09-30T16:54:16.470,132100,191.3,0.894,9.85
2026-09-30T16:54:16.569,132200,191.2,0.893,9.83
2026-09-30T16:54:16.670,132300,191.3,0.894,9.84
2026-09-30T16:54:16.769,132400,191.3,0.894,9.84
2026-09-30T16:54:16.870,132500,191.1,0.893,9.83
2026-09-30T16:54:16.970,132600,191.1,0.893,9.83
2026-09-30T16:54:17.070,132700,191.1,0.893,9.82
2026-09-30T16:54:17.169,132800,191.3,0.894,9.84
2026-09-30T16:54:17.269,132900,191.3,0.894,9.85
2026-09-30T16:54:17.369,133000,191.4,0.894,9.86
2026-09-30T16:54:17.470,133100,191.4,0.894,9.86
2026-09-30T16:54:17.572,133200,191.3,0.894,9.85
2026-09-30T16:54:17.668,133300,191.2,0.893,9.83
2026-09-30T16:54:17.770,133400,191.3,0.894,9.84
2026-09-30T16:54:17.872,133500,191.4,0.894,9.86
2026-09-30T16:54:17.969,133600,191.6,0.895,9.88
2026-09-30T16:54:18.069,133700,191.2,0.893,9.83
2026-09-30T16:54:18.169,133800,191.3,0.894,9.85
2026-09-30T16:54:18.268,133900,191.1,0.893,9.83
2026-09-30T16:54:18.369,134000,191.4,0.894,9.86
2026-09-30T16:54:18.469,134100,191.1,0.893,9.83
2026-09-30T16:54:18.569,134200,191.6,0.895,9.88
2026-09-30T16:54:18.673,134300,191.4,0.894,9.86
2026-09-30T16:54:18.771,134400,191.3,0.894,9.84
2026-09-30T16:54:18.868,134500,191.2,0.893,9.83
2026-09-30T16:54:18.967,134600,191.6,0.895,9.88
2026-09-30T16:54:19.069,134700,191.3,0.894,9.85
2026-09-30T16:54:19.173,134800,191.5,0.895,9.87
2026-09-30T16:54:19.269,134900,191.6,0.895,9.88
2026-09-30T16:54:19.368,135000,191.2,0.893,9.83
2026-09-30T16:54:19.468,135100,191.3,0.894,9.85
2026-09-30T16:54:19.568,135200,191.3,0.894,9.85
2026-09-30T16:54:19.669,135300,191.4,0.894,9.86
2026-09-30T16:54:19.768,135400,191.4,0.894,9.86
2026-09-30T16:54:19.869,135500,191.4,0.894,9.86
2026-09-30T16:54:19.968,135600,191.6,0.895,9.88
2026-09-30T16:54:20.068,135700,191.5,0.895,9.87
2026-09-30T16:54:20.168,135800,191.5,0.895,9.87
2026-09-30T16:54:20.272,135900,191.3,0.894,9.84
2026-09-30T16:54:20.372,136000,191.3,0.894,9.85
2026-09-30T16:54:20.472,136100,191.6,0.895,9.88
2026-09-30T16:54:20.568,136200,191.7,0.896,9.89
2026-09-30T16:54:20.668,136300,191.5,0.895,9.87
2026-09-30T16:54:20.772,136400,191.4,0.894,9.86
2026-09-30T16:54:20.868,136500,191.4,0.894,9.86
2026-09-30T16:54:20.967,136600,191.6,0.895,9.88
2026-09-30T16:54:21.067,136700,191.4,0.894,9.86
2026-09-30T16:54:21.167,136800,191.5,0.895,9.87
2026-09-30T16:54:21.270,136900,191.3,0.894,9.85
2026-09-30T16:54:21.366,137000,191.3,0.894,9.84
2026-09-30T16:54:21.468,137100,191.3,0.894,9.85
2026-09-30T16:54:21.567,137200,191.4,0.894,9.86
2026-09-30T16:54:21.667,137300,191.5,0.895,9.87
2026-09-30T16:54:21.767,137400,191.4,0.894,9.86
2026-09-30T16:54:21.870,137500,191.5,0.895,9.87
2026-09-30T16:54:21.970,137600,191.4,0.894,9.86
2026-09-30T16:54:22.070,137700,191.6,0.895,9.88
2026-09-30T16:54:22.170,137800,191.6,0.895,9.88
2026-09-30T16:54:22.267,137900,191.6,0.895,9.88
2026-09-30T16:54:22.367,138000,191.6,0.895,9.88
2026-09-30T16:54:22.466,138100,191.6,0.895,9.88
2026-09-30T16:54:22.567,138200,191.5,0.895,9.87
2026-09-30T16:54:22.667,138300,191.4,0.894,9.86
2026-09-30T16:54:22.767,138400,191.5,0.895,9.87
2026-09-30T16:54:22.866,138500,191.4,0.894,9.86
2026-09-30T16:54:22.965,138600,191.7,0.896,9.89
2026-09-30T16:54:23.069,138700,191.4,0.894,9.86
2026-09-30T16:54:23.166,138800,191.7,0.896,9.89
2026-09-30T16:54:23.266,138900,191.6,0.895,9.88
2026-09-30T16:54:23.367,139000,191.6,0.895,9.88
2026-09-30T16:54:23.469,139100,191.6,0.895,9.88
2026-09-30T16:54:23.566,139200,191.5,0.895,9.87
2026-09-30T16:54:23.666,139300,191.5,0.895,9.87
2026-09-30T16:54:23.766,139400,191.6,0.895,9.88
2026-09-30T16:54:23.866,139500,191.8,0.896,9.90
2026-09-30T16:54:23.967,139600,191.6,0.895,9.88
2026-09-30T16:54:24.066,139700,191.6,0.895,9.88
2026-09-30T16:54:24.165,139800,191.6,0.895,9.88
2026-09-30T16:54:24.265,139900,191.6,0.895,9.88
2026-09-30T16:54:24.366,140000,191.8,0.896,9.90
2026-09-30T16:54:24.466,140100,191.6,0.895,9.88
2026-09-30T16:54:24.566,140200,191.6,0.895,9.88
2026-09-30T16:54:24.666,140300,191.4,0.894,9.86
2026-09-30T16:54:24.766,140400,191.6,0.895,9.88
2026-09-30T16:54:24.865,140500,191.5,0.895,9.87
2026-09-30T16:54:24.965,140600,191.3,0.894,9.85
2026-09-30T16:54:25.064,140700,191.5,0.895,9.87
2026-09-30T16:54:25.166,140800,191.8,0.896,9.91
2026-09-30T16:54:25.265,140900,191.6,0.895,9.88
2026-09-30T16:54:25.366,141000,191.7,0.896,9.89
2026-09-30T16:54:25.464,141100,191.8,0.896,9.90
2026-09-30T16:54:25.565,141200,191.7,0.896,9.89
2026-09-30T16:54:25.664,141300,191.5,0.895,9.87
2026-09-30T16:54:25.765,141400,191.5,0.895,9.87
2026-09-30T16:54:25.866,141500,191.6,0.895,9.88
2026-09-30T16:54:25.964,141600,191.6,0.895,9.88
2026-09-30T16:54:26.065,141700,191.8,0.896,9.91
2026-09-30T16:54:26.166,141800,191.9,0.897,9.92
2026-09-30T16:54:26.265,141900,191.7,0.896,9.89
2026-09-30T16:54:26.364,142000,191.8,0.896,9.91
2026-09-30T16:54:26.464,142100,191.6,0.895,9.88
2026-09-30T16:54:26.564,142200,192.0,0.897,9.93
2026-09-30T16:54:26.663,142300,191.9,0.897,9.91
2026-09-30T16:54:26.765,142400,192.1,0.897,9.94
2026-09-30T16:54:26.864,142500,191.9,0.897,9.92
2026-09-30T16:54:26.964,142600,192.1,0.898,9.94
2026-09-30T16:54:27.064,142700,191.9,0.897,9.92
2026-09-30T16:54:27.166,142800,192.0,0.897,9.93
2026-09-30T16:54:27.263,142900,192.1,0.897,9.94
2026-09-30T16:54:27.365,143000,192.2,0.898,9.95
2026-09-30T16:54:27.464,143100,191.9,0.897,9.91
2026-09-30T16:54:27.564,143200,192.1,0.897,9.94
2026-09-30T16:54:27.663,143300,192.1,0.898,9.94
2026-09-30T16:54:27.765,143400,192.1,0.898,9.94
2026-09-30T16:54:27.864,143500,192.1,0.898,9.94
2026-09-30T16:54:27.964,143600,192.6,0.900,9.99
2026-09-30T16:54:28.063,143700,192.3,0.899,9.96
2026-09-30T16:54:28.163,143800,192.3,0.898,9.96
2026-09-30T16:54:28.263,143900,192.4,0.899,9.97
2026-09-30T16:54:28.364,144000,192.4,0.899,9.97
2026-09-30T16:54:28.463,144100,192.4,0.899,9.98
2026-09-30T16:54:28.563,144200,192.3,0.899,9.96
2026-09-30T16:54:28.663,144300,192.4,0.899,9.97
2026-09-30T16:54:28.763,144400,192.6,0.900,10.00
2026-09-30T16:54:28.863,144500,192.4,0.899,9.98
2026-09-30T16:54:28.963,144600,192.3,0.899,9.96
2026-09-30T16:54:29.063,144700,192.5,0.899,9.99
2026-09-30T16:54:29.163,144800,192.8,0.901,10.02
2026-09-30T16:54:29.262,144900,192.6,0.900,10.00
2026-09-30T16:54:29.364,145000,192.5,0.899,9.99
2026-09-30T16:54:29.462,145100,192.8,0.901,10.02
2026-09-30T16:54:29.563,145200,192.6,0.900,9.99
2026-09-30T16:54:29.663,145300,192.6,0.900,10.00
2026-09-30T16:54:29.763,145400,192.5,0.899,9.99
2026-09-30T16:54:29.862,145500,192.8,0.901,10.02
2026-09-30T16:54:29.962,145600,192.7,0.900,10.01
2026-09-30T16:54:30.063,145700,192.9,0.901,10.03
2026-09-30T16:54:30.163,145800,192.8,0.901,10.02
2026-09-30T16:54:30.262,145900,192.6,0.900,10.00
2026-09-30T16:54:30.361,146000,193.0,0.902,10.04
2026-09-30T16:54:30.462,146100,192.9,0.902,10.04
2026-09-30T16:54:30.562,146200,193.1,0.902,10.05
2026-09-30T16:54:30.647,146300,193.0,0.902,10.04
2026-09-30T16:54:30.747,146400,193.1,0.902,10.06
2026-09-30T16:54:30.862,146500,193.0,0.902,10.04
2026-09-30T16:54:30.962,146600,193.1,0.902,10.06
2026-09-30T16:54:31.046,146700,193.1,0.902,10.06
2026-09-30T16:54:31.162,146800,192.8,0.901,10.02
2026-09-30T16:54:31.262,146900,193.1,0.902,10.06
2026-09-30T16:54:31.346,147000,193.1,0.902,10.06
2026-09-30T16:54:31.461,147100,193.0,0.902,10.04
2026-09-30T16:54:31.550,147200,192.9,0.901,10.03
2026-09-30T16:54:31.646,147300,192.9,0.902,10.04
2026-09-30T16:54:31.761,147400,193.1,0.902,10.06
2026-09-30T16:54:31.845,147500,193.1,0.902,10.06
2026-09-30T16:54:31.960,147600,193.3,0.903,10.07
2026-09-30T16:54:32.061,147700,193.2,0.903,10.07
2026-09-30T16:54:32.145,147800,193.0,0.902,10.04
2026-09-30T16:54:32.261,147900,193.1,0.902,10.05
2026-09-30T16:54:32.346,148000,193.1,0.902,10.05
2026-09-30T16:54:32.445,148100,193.2,0.903,10.07
2026-09-30T16:54:32.545,148200,192.9,0.902,10.04
2026-09-30T16:54:32.646,148300,193.1,0.902,10.05
2026-09-30T16:54:32.745,148400,193.3,0.903,10.08
2026-09-30T16:54:32.845,148500,193.3,0.903,10.07
2026-09-30T16:54:32.946,148600,193.4,0.904,10.09
2026-09-30T16:54:33.060,148700,193.1,0.902,10.06
2026-09-30T16:54:33.145,148800,193.1,0.902,10.06
2026-09-30T16:54:33.261,148900,193.4,0.904,10.09
2026-09-30T16:54:33.345,149000,193.2,0.903,10.07
2026-09-30T16:54:33.460,149100,193.3,0.903,10.07
2026-09-30T16:54:33.559,149200,193.4,0.904,10.09
2026-09-30T16:54:33.659,149300,193.5,0.904,10.10
2026-09-30T16:54:33.744,149400,193.5,0.904,10.10
2026-09-30T16:54:33.845,149500,193.5,0.904,10.10
2026-09-30T16:54:33.945,149600,193.4,0.904,10.10
2026-09-30T16:54:34.045,149700,193.7,0.905,10.13
2026-09-30T16:54:34.159,149800,193.6,0.905,10.12
2026-09-30T16:54:34.258,149900,193.9,0.906,10.15
2026-09-30T16:54:34.345,150000,193.6,0.904,10.11
2026-09-30T16:54:34.444,150100,193.5,0.904,10.10
2026-09-30T16:54:34.544,150200,193.4,0.904,10.10
2026-09-30T16:54:34.644,150300,193.6,0.905,10.12
2026-09-30T16:54:34.758,150400,193.7,0.905,10.13
2026-09-30T16:54:34.858,150500,193.8,0.905,10.13
2026-09-30T16:54:34.944,150600,194.1,0.907,10.17
2026-09-30T16:54:35.044,150700,193.9,0.906,10.15
2026-09-30T16:54:35.144,150800,193.5,0.904,10.10
2026-09-30T16:54:35.244,150900,193.6,0.905,10.12
2026-09-30T16:54:35.344,151000,193.4,0.904,10.09
2026-09-30T16:54:35.444,151100,193.8,0.906,10.14
2026-09-30T16:54:35.544,151200,193.8,0.905,10.13
2026-09-30T16:54:35.643,151300,193.8,0.905,10.13
2026-09-30T16:54:35.743,151400,193.9,0.906,10.15
2026-09-30T16:54:35.843,151500,193.8,0.906,10.14
2026-09-30T16:54:35.943,151600,193.9,0.906,10.15
2026-09-30T16:54:36.043,151700,194.0,0.906,10.16
2026-09-30T16:54:36.158,151800,194.2,0.907,10.18
2026-09-30T16:54:36.243,151900,194.1,0.907,10.17
2026-09-30T16:54:36.343,152000,194.2,0.907,10.18
2026-09-30T16:54:36.443,152100,193.9,0.906,10.15
2026-09-30T16:54:36.543,152200,194.0,0.906,10.16
2026-09-30T16:54:36.644,152300,194.1,0.907,10.17
2026-09-30T16:54:36.756,152400,193.9,0.906,10.15
2026-09-30T16:54:36.843,152500,194.1,0.907,10.17
2026-09-30T16:54:36.943,152600,193.9,0.906,10.15
2026-09-30T16:54:37.043,152700,193.9,0.906,10.15
2026-09-30T16:54:37.143,152800,194.2,0.907,10.18
2026-09-30T16:54:37.246,152900,193.9,0.906,10.15
2026-09-30T16:54:37.342,153000,194.1,0.907,10.17
2026-09-30T16:54:37.442,153100,194.1,0.907,10.17
2026-09-30T16:54:37.543,153200,193.9,0.906,10.15
2026-09-30T16:54:37.642,153300,194.3,0.908,10.19
2026-09-30T16:54:37.742,153400,194.4,0.908,10.21
2026-09-30T16:54:37.843,153500,194.1,0.907,10.18
2026-09-30T16:54:37.943,153600,194.0,0.906,10.16
2026-09-30T16:54:38.042,153700,194.1,0.907,10.18
2026-09-30T16:54:38.150,153800,194.3,0.908,10.19
2026-09-30T16:54:38.251,153900,194.2,0.907,10.18
2026-09-30T16:54:38.354,154000,194.1,0.907,10.18
2026-09-30T16:54:38.442,154100,194.1,0.907,10.17
2026-09-30T16:54:38.542,154200,194.3,0.908,10.19
2026-09-30T16:54:38.642,154300,194.1,0.907,10.18
2026-09-30T16:54:38.742,154400,194.3,0.908,10.20
2026-09-30T16:54:38.854,154500,194.3,0.908,10.20
2026-09-30T16:54:38.954,154600,194.3,0.908,10.20
2026-09-30T16:54:39.042,154700,194.4,0.908,10.21
2026-09-30T16:54:39.142,154800,194.3,0.908,10.20
2026-09-30T16:54:39.242,154900,194.4,0.908,10.21
2026-09-30T16:54:39.341,155000,194.6,0.909,10.23
2026-09-30T16:54:39.441,155100,194.2,0.907,10.18
2026-09-30T16:54:39.542,155200,194.2,0.907,10.18
2026-09-30T16:54:39.642,155300,194.1,0.907,10.17
2026-09-30T16:54:39.742,155400,194.2,0.907,10.18
2026-09-30T16:54:39.842,155500,194.4,0.909,10.21
2026-09-30T16:54:39.941,155600,194.5,0.909,10.22
2026-09-30T16:54:40.041,155700,194.6,0.909,10.23
2026-09-30T16:54:40.141,155800,194.6,0.909,10.23
2026-09-30T16:54:40.241,155900,194.4,0.908,10.21
2026-09-30T16:54:40.341,156000,194.5,0.909,10.22
2026-09-30T16:54:40.441,156100,194.3,0.908,10.20
2026-09-30T16:54:40.542,156200,194.4,0.908,10.21
2026-09-30T16:54:40.641,156300,194.6,0.909,10.23
2026-09-30T16:54:40.741,156400,194.5,0.909,10.22
2026-09-30T16:54:40.842,156500,194.4,0.908,10.21
2026-09-30T16:54:40.952,156600,194.8,0.910,10.25
2026-09-30T16:54:41.041,156700,194.3,0.908,10.20
2026-09-30T16:54:41.141,156800,194.8,0.910,10.25
2026-09-30T16:54:41.241,156900,194.8,0.910,10.25
2026-09-30T16:54:41.343,157000,194.7,0.910,10.24
2026-09-30T16:54:41.441,157100,194.6,0.909,10.23
2026-09-30T16:54:41.540,157200,194.6,0.909,10.23
2026-09-30T16:54:41.650,157300,194.8,0.910,10.25
2026-09-30T16:54:41.741,157400,194.8,0.910,10.26
2026-09-30T16:54:41.840,157500,194.8,0.910,10.26
2026-09-30T16:54:41.941,157600,194.9,0.911,10.27
2026-09-30T16:54:42.041,157700,194.6,0.909,10.23
2026-09-30T16:54:42.139,157800,194.8,0.910,10.25
2026-09-30T16:54:42.241,157900,194.6,0.909,10.23
2026-09-30T16:54:42.351,158000,194.8,0.910,10.25
2026-09-30T16:54:42.440,158100,194.7,0.910,10.24
2026-09-30T16:54:42.538,158200,194.8,0.910,10.26
2026-09-30T16:54:42.640,158300,194.8,0.910,10.26
2026-09-30T16:54:42.741,158400,194.6,0.909,10.23
2026-09-30T16:54:42.840,158500,194.5,0.909,10.22
2026-09-30T16:54:42.941,158600,194.8,0.910,10.26
2026-09-30T16:54:43.050,158700,195.1,0.911,10.29
2026-09-30T16:54:43.140,158800,194.8,0.910,10.26
2026-09-30T16:54:43.246,158900,194.9,0.911,10.26
2026-09-30T16:54:43.339,159000,194.9,0.911,10.26
2026-09-30T16:54:43.450,159100,195.2,0.912,10.30
2026-09-30T16:54:43.543,159200,195.1,0.912,10.29
2026-09-30T16:54:43.638,159300,194.6,0.909,10.23
2026-09-30T16:54:43.740,159400,194.9,0.911,10.27
2026-09-30T16:54:43.848,159500,194.9,0.911,10.27
2026-09-30T16:54:43.949,159600,194.9,0.911,10.27
2026-09-30T16:54:44.039,159700,194.9,0.911,10.27
2026-09-30T16:54:44.138,159800,194.9,0.911,10.27
2026-09-30T16:54:44.239,159900,195.2,0.912,10.30
2026-09-30T16:54:44.338,160000,194.8,0.910,10.26
2026-09-30T16:54:44.439,160100,195.0,0.911,10.28
2026-09-30T16:54:44.538,160200,195.1,0.911,10.29
2026-09-30T16:54:44.648,160300,194.8,0.910,10.26
2026-09-30T16:54:44.738,160400,195.1,0.912,10.29
2026-09-30T16:54:44.838,160500,195.4,0.913,10.32
2026-09-30T16:54:44.939,160600,195.1,0.911,10.29
2026-09-30T16:54:45.038,160700,194.9,0.911,10.27
2026-09-30T16:54:45.141,160800,194.8,0.910,10.26
2026-09-30T16:54:45.248,160900,195.1,0.911,10.29
2026-09-30T16:54:45.339,161000,195.3,0.912,10.31
2026-09-30T16:54:45.438,161100,194.8,0.910,10.26
2026-09-30T16:54:45.547,161200,194.9,0.911,10.26
2026-09-30T16:54:45.644,161300,195.2,0.912,10.30
2026-09-30T16:54:45.748,161400,195.3,0.913,10.32
2026-09-30T16:54:45.837,161500,195.3,0.912,10.31
2026-09-30T16:54:45.937,161600,195.2,0.912,10.30
2026-09-30T16:54:46.037,161700,195.3,0.913,10.32
2026-09-30T16:54:46.137,161800,195.1,0.911,10.29
2026-09-30T16:54:46.247,161900,195.4,0.913,10.33
2026-09-30T16:54:46.338,162000,195.4,0.913,10.33
2026-09-30T16:54:46.440,162100,195.3,0.913,10.32
2026-09-30T16:54:46.538,162200,195.1,0.912,10.29
2026-09-30T16:54:46.638,162300,195.2,0.912,10.30
2026-09-30T16:54:46.746,162400,195.3,0.912,10.31
2026-09-30T16:54:46.838,162500,195.1,0.912,10.29
2026-09-30T16:54:46.938,162600,195.2,0.912,10.30
2026-09-30T16:54:47.046,162700,195.3,0.912,10.31
2026-09-30T16:54:47.146,162800,195.0,0.911,10.28
2026-09-30T16:54:47.238,162900,195.2,0.912,10.30
2026-09-30T16:54:47.338,163000,195.0,0.911,10.28
2026-09-30T16:54:47.439,163100,195.1,0.912,10.29
2026-09-30T16:54:47.539,163200,195.4,0.913,10.32
2026-09-30T16:54:47.639,163300,195.3,0.912,10.31
2026-09-30T16:54:47.739,163400,195.4,0.913,10.32
2026-09-30T16:54:47.846,163500,195.3,0.913,10.32
2026-09-30T16:54:47.945,163600,195.3,0.913,10.32
2026-09-30T16:54:48.045,163700,195.3,0.912,10.31
2026-09-30T16:54:48.145,163800,195.6,0.914,10.34
2026-09-30T16:54:48.245,163900,195.4,0.913,10.32
2026-09-30T16:54:48.346,164000,195.4,0.913,10.32
2026-09-30T16:54:48.436,164100,195.2,0.912,10.30
2026-09-30T16:54:48.546,164200,195.7,0.914,10.36
2026-09-30T16:54:48.646,164300,195.4,0.913,10.32
2026-09-30T16:54:48.736,164400,195.4,0.913,10.32
2026-09-30T16:54:48.837,164500,195.4,0.913,10.32
2026-09-30T16:54:48.935,164600,195.5,0.913,10.34
2026-09-30T16:54:49.044,164700,195.6,0.914,10.34
2026-09-30T16:54:49.135,164800,195.4,0.913,10.33
2026-09-30T16:54:49.236,164900,195.4,0.913,10.32
2026-09-30T16:54:49.338,165000,195.4,0.913,10.32
2026-09-30T16:54:49.435,165100,195.5,0.913,10.34
2026-09-30T16:54:49.535,165200,195.8,0.915,10.37
2026-09-30T16:54:49.636,165300,195.5,0.913,10.34
2026-09-30T16:54:49.735,165400,195.4,0.913,10.33
2026-09-30T16:54:49.835,165500,195.6,0.914,10.34
2026-09-30T16:54:49.936,165600,195.7,0.914,10.36
2026-09-30T16:54:50.034,165700,195.9,0.915,10.38
2026-09-30T16:54:50.140,165800,195.4,0.913,10.32
2026-09-30T16:54:50.236,165900,195.7,0.914,10.36
2026-09-30T16:54:50.343,166000,195.6,0.914,10.34
2026-09-30T16:54:50.444,166100,195.8,0.915,10.37
2026-09-30T16:54:50.536,166200,195.6,0.914,10.34
2026-09-30T16:54:50.638,166300,195.5,0.913,10.34
2026-09-30T16:54:50.734,166400,195.7,0.914,10.36
2026-09-30T16:54:50.835,166500,195.6,0.914,10.34
2026-09-30T16:54:50.936,166600,195.9,0.915,10.38
2026-09-30T16:54:51.034,166700,195.6,0.914,10.35
2026-09-30T16:54:51.140,166800,195.6,0.914,10.35
2026-09-30T16:54:51.235,166900,195.6,0.914,10.34
2026-09-30T16:54:51.342,167000,195.6,0.914,10.35
2026-09-30T16:54:51.435,167100,195.7,0.914,10.36
2026-09-30T16:54:51.542,167200,195.5,0.913,10.34
2026-09-30T16:54:51.635,167300,195.9,0.916,10.39
2026-09-30T16:54:51.734,167400,195.6,0.914,10.34
2026-09-30T16:54:51.839,167500,195.6,0.914,10.34
2026-09-30T16:54:51.934,167600,195.9,0.916,10.39
2026-09-30T16:54:52.042,167700,195.4,0.913,10.32
2026-09-30T16:54:52.142,167800,195.8,0.915,10.37
2026-09-30T16:54:52.234,167900,195.9,0.915,10.38
2026-09-30T16:54:52.335,168000,195.5,0.913,10.34
2026-09-30T16:54:52.434,168100,195.9,0.916,10.39
2026-09-30T16:54:52.533,168200,195.9,0.916,10.39
2026-09-30T16:54:52.633,168300,195.8,0.915,10.37
2026-09-30T16:54:52.734,168400,195.9,0.915,10.38
2026-09-30T16:54:52.833,168500,195.9,0.916,10.39
2026-09-30T16:54:52.933,168600,195.7,0.914,10.36
2026-09-30T16:54:53.033,168700,195.7,0.914,10.36
2026-09-30T16:54:53.140,168800,195.9,0.915,10.38
2026-09-30T16:54:53.241,168900,195.9,0.915,10.38
2026-09-30T16:54:53.334,169000,195.9,0.916,10.39
2026-09-30T16:54:53.434,169100,195.8,0.915,10.37
2026-09-30T16:54:53.533,169200,195.8,0.915,10.37
2026-09-30T16:54:53.634,169300,196.1,0.916,10.40
2026-09-30T16:54:53.734,169400,196.0,0.916,10.40
2026-09-30T16:54:53.833,169500,196.1,0.916,10.41
2026-09-30T16:54:53.937,169600,195.9,0.915,10.38
2026-09-30T16:54:54.034,169700,196.2,0.917,10.42
2026-09-30T16:54:54.134,169800,196.1,0.916,10.40
2026-09-30T16:54:54.232,169900,195.9,0.916,10.39
2026-09-30T16:54:54.334,170000,196.3,0.917,10.43
2026-09-30T16:54:54.433,170100,196.0,0.916,10.40
2026-09-30T16:54:54.533,170200,196.1,0.916,10.40
2026-09-30T16:54:54.634,170300,196.5,0.918,10.45
2026-09-30T16:54:54.733,170400,196.3,0.917,10.43
2026-09-30T16:54:54.833,170500,196.2,0.917,10.42
2026-09-30T16:54:54.936,170600,196.3,0.917,10.43
2026-09-30T16:54:55.032,170700,196.6,0.918,10.46
2026-09-30T16:54:55.132,170800,197.0,0.920,10.51
2026-09-30T16:54:55.233,170900,197.5,0.923,10.57
2026-09-30T16:54:55.332,171000,197.6,0.923,10.59
2026-09-30T16:54:55.436,171100,198.1,0.925,10.64
2026-09-30T16:54:55.532,171200,198.6,0.928,10.69
2026-09-30T16:54:55.633,171300,199.0,0.930,10.75
2026-09-30T16:54:55.732,171400,199.8,0.933,10.83
2026-09-30T16:54:55.832,171500,200.3,0.936,10.89
2026-09-30T16:54:55.933,171600,200.6,0.937,10.93
2026-09-30T16:54:56.032,171700,201.1,0.939,10.99
2026-09-30T16:54:56.132,171800,201.5,0.942,11.04
2026-09-30T16:54:56.233,171900,202.1,0.944,11.11
2026-09-30T16:54:56.331,172000,202.3,0.945,11.13
2026-09-30T16:54:56.433,172100,203.3,0.950,11.24
2026-09-30T16:54:56.531,172200,203.5,0.951,11.27
2026-09-30T16:54:56.633,172300,203.9,0.953,11.32
2026-09-30T16:54:56.731,172400,204.3,0.954,11.36
2026-09-30T16:54:56.832,172500,204.8,0.957,11.42
2026-09-30T16:54:56.932,172600,205.4,0.960,11.49
2026-09-30T16:54:57.032,172700,205.9,0.962,11.55
2026-09-30T16:54:57.132,172800,206.3,0.964,11.60
2026-09-30T16:54:57.232,172900,206.6,0.965,11.63
2026-09-30T16:54:57.337,173000,207.1,0.968,11.69
2026-09-30T16:54:57.432,173100,207.6,0.970,11.75
2026-09-30T16:54:57.531,173200,207.9,0.971,11.78
2026-09-30T16:54:57.636,173300,208.5,0.974,11.86
2026-09-30T16:54:57.736,173400,208.9,0.976,11.90
2026-09-30T16:54:57.831,173500,209.3,0.978,11.94
2026-09-30T16:54:57.931,173600,209.7,0.980,11.99
2026-09-30T16:54:58.034,173700,210.3,0.983,12.07
2026-09-30T16:54:58.130,173800,210.4,0.983,12.07
2026-09-30T16:54:58.231,173900,210.8,0.985,12.13
2026-09-30T16:54:58.331,174000,211.4,0.988,12.19
2026-09-30T16:54:58.436,174100,211.7,0.989,12.23
2026-09-30T16:54:58.536,174200,212.1,0.991,12.27
2026-09-30T16:54:58.632,174300,212.2,0.991,12.29
2026-09-30T16:54:58.731,174400,212.6,0.993,12.34
2026-09-30T16:54:58.833,174500,213.1,0.996,12.39
2026-09-30T16:54:58.935,174600,213.3,0.997,12.42
2026-09-30T16:54:59.031,174700,214.0,1.000,12.50
2026-09-30T16:54:59.130,174800,214.1,1.001,12.51
2026-09-30T16:54:59.230,174900,214.7,1.003,12.58
2026-09-30T16:54:59.330,175000,215.0,1.005,12.61
2026-09-30T16:54:59.431,175100,214.9,1.004,12.60
2026-09-30T16:54:59.531,175200,215.6,1.007,12.68
2026-09-30T16:54:59.633,175300,216.0,1.009,12.73
2026-09-30T16:54:59.730,175400,216.3,1.010,12.76
2026-09-30T16:54:59.833,175500,216.4,1.011,12.78
2026-09-30T16:54:59.930,175600,217.0,1.014,12.85
2026-09-30T16:55:00.030,175700,217.3,1.015,12.88
2026-09-30T16:55:00.130,175800,217.9,1.018,12.95
2026-09-30T16:55:00.230,175900,218.2,1.019,12.99
2026-09-30T16:55:00.334,176000,218.5,1.021,13.02
2026-09-30T16:55:00.434,176100,218.9,1.023,13.07
2026-09-30T16:55:00.531,176200,219.2,1.024,13.10
2026-09-30T16:55:00.629,176300,219.5,1.026,13.14
2026-09-30T16:55:00.730,176400,220.0,1.028,13.20
2026-09-30T16:55:00.830,176500,220.1,1.029,13.21
2026-09-30T16:55:00.929,176600,220.4,1.030,13.25
2026-09-30T16:55:01.030,176700,220.7,1.031,13.28
2026-09-30T16:55:01.128,176800,221.3,1.034,13.34
2026-09-30T16:55:01.229,176900,221.7,1.036,13.40
2026-09-30T16:55:01.329,177000,221.9,1.037,13.43
2026-09-30T16:55:01.430,177100,221.9,1.037,13.42
2026-09-30T16:55:01.529,177200,222.5,1.040,13.49
2026-09-30T16:55:01.629,177300,222.6,1.040,13.51
2026-09-30T16:55:01.729,177400,222.9,1.042,13.54
2026-09-30T16:55:01.830,177500,223.3,1.043,13.58
2026-09-30T16:55:01.928,177600,223.8,1.045,13.64
2026-09-30T16:55:02.029,177700,224.0,1.047,13.67
2026-09-30T16:55:02.132,177800,224.3,1.048,13.70
2026-09-30T16:55:02.229,177900,224.6,1.049,13.73
2026-09-30T16:55:02.332,178000,224.8,1.050,13.76
2026-09-30T16:55:02.429,178100,225.2,1.052,13.80
2026-09-30T16:55:02.529,178200,225.3,1.053,13.82
2026-09-30T16:55:02.629,178300,225.7,1.055,13.86
2026-09-30T16:55:02.729,178400,225.9,1.055,13.89
2026-09-30T16:55:02.828,178500,226.1,1.057,13.91
2026-09-30T16:55:02.929,178600,226.6,1.059,13.97
2026-09-30T16:55:03.028,178700,226.9,1.060,14.00
2026-09-30T16:55:03.128,178800,226.8,1.060,13.99
2026-09-30T16:55:03.227,178900,227.3,1.062,14.05
2026-09-30T16:55:03.329,179000,227.6,1.064,14.09
2026-09-30T16:55:03.429,179100,227.9,1.065,14.12
2026-09-30T16:55:03.528,179200,228.4,1.067,14.18
2026-09-30T16:55:03.631,179300,228.4,1.067,14.18
2026-09-30T16:55:03.731,179400,228.4,1.067,14.18
2026-09-30T16:55:03.828,179500,229.1,1.071,14.26
2026-09-30T16:55:03.928,179600,229.4,1.072,14.30
2026-09-30T16:55:04.028,179700,229.4,1.072,14.30
2026-09-30T16:55:04.127,179800,229.6,1.073,14.32
2026-09-30T16:55:04.228,179900,229.8,1.074,14.35
2026-09-30T16:55:04.328,180000,230.1,1.075,14.38
2026-09-30T16:55:04.427,180100,230.3,1.076,14.40
2026-09-30T16:55:04.529,180200,230.7,1.078,14.45
2026-09-30T16:55:04.627,180300,231.1,1.080,14.49
2026-09-30T16:55:04.729,180400,231.0,1.079,14.48
2026-09-30T16:55:04.826,180500,231.1,1.080,14.49
2026-09-30T16:55:04.928,180600,231.4,1.081,14.53
2026-09-30T16:55:05.028,180700,232.1,1.085,14.62
2026-09-30T16:55:05.128,180800,231.9,1.084,14.59
2026-09-30T16:55:05.228,180900,232.0,1.084,14.60
2026-09-30T16:55:05.329,181000,232.5,1.086,14.66
2026-09-30T16:55:05.427,181100,232.8,1.088,14.70
2026-09-30T16:55:05.527,181200,232.9,1.088,14.71
2026-09-30T16:55:05.627,181300,233.2,1.090,14.74
2026-09-30T16:55:05.727,181400,233.3,1.090,14.75
2026-09-30T16:55:05.828,181500,233.8,1.092,14.81
2026-09-30T16:55:05.927,181600,234.1,1.094,14.84
2026-09-30T16:55:06.027,181700,234.4,1.095,14.89
2026-09-30T16:55:06.127,181800,235.1,1.098,14.96
2026-09-30T16:55:06.227,181900,235.4,1.100,15.00
2026-09-30T16:55:06.327,182000,236.0,1.103,15.07
2026-09-30T16:55:06.427,182100,236.5,1.105,15.13
2026-09-30T16:55:06.527,182200,237.2,1.108,15.21
2026-09-30T16:55:06.627,182300,237.8,1.111,15.28
2026-09-30T16:55:06.727,182400,238.1,1.112,15.31
2026-09-30T16:55:06.826,182500,238.8,1.116,15.39
2026-09-30T16:55:06.925,182600,239.2,1.118,15.44
2026-09-30T16:55:07.026,182700,239.6,1.120,15.49
2026-09-30T16:55:07.126,182800,240.4,1.123,15.59
2026-09-30T16:55:07.226,182900,241.0,1.126,15.65
2026-09-30T16:55:07.326,183000,241.3,1.128,15.69
2026-09-30T16:55:07.426,183100,241.8,1.130,15.75
2026-09-30T16:55:07.525,183200,242.2,1.132,15.79
2026-09-30T16:55:07.627,183300,242.7,1.134,15.85
2026-09-30T16:55:07.725,183400,243.2,1.136,15.91
2026-09-30T16:55:07.826,183500,243.6,1.138,15.95
2026-09-30T16:55:07.926,183600,243.9,1.140,16.00
2026-09-30T16:55:08.026,183700,244.3,1.142,16.04
2026-09-30T16:55:08.126,183800,244.6,1.143,16.07
2026-09-30T16:55:08.226,183900,244.8,1.144,16.09
2026-09-30T16:55:08.325,184000,245.1,1.145,16.13
2026-09-30T16:55:08.425,184100,245.3,1.146,16.16
2026-09-30T16:55:08.525,184200,246.1,1.150,16.25
2026-09-30T16:55:08.625,184300,246.3,1.151,16.27
2026-09-30T16:55:08.725,184400,246.4,1.151,16.29
2026-09-30T16:55:08.826,184500,246.9,1.154,16.34
2026-09-30T16:55:08.926,184600,246.9,1.154,16.35
2026-09-30T16:55:09.026,184700,247.4,1.156,16.40
2026-09-30T16:55:09.125,184800,247.8,1.158,16.44
2026-09-30T16:55:09.225,184900,247.9,1.158,16.46
2026-09-30T16:55:09.325,185000,248.3,1.160,16.51
2026-09-30T16:55:09.424,185100,248.6,1.162,16.54
2026-09-30T16:55:09.525,185200,248.9,1.163,16.57
2026-09-30T16:55:09.626,185300,248.9,1.163,16.58
2026-09-30T16:55:09.725,185400,249.4,1.166,16.64
2026-09-30T16:55:09.825,185500,249.8,1.167,16.68
2026-09-30T16:55:09.924,185600,250.1,1.168,16.71
2026-09-30T16:55:10.025,185700,250.6,1.171,16.77
2026-09-30T16:55:10.124,185800,250.9,1.172,16.81
2026-09-30T16:55:10.224,185900,251.3,1.174,16.86
2026-09-30T16:55:10.309,186000,251.3,1.174,16.86
2026-09-30T16:55:10.425,186100,251.8,1.177,16.92
2026-09-30T16:55:10.508,186200,251.9,1.177,16.93
2026-09-30T16:55:10.624,186300,252.3,1.179,16.97
2026-09-30T16:55:10.724,186400,252.9,1.182,17.04
2026-09-30T16:55:10.824,186500,253.3,1.183,17.08
2026-09-30T16:55:10.924,186600,253.8,1.186,17.15
2026-09-30T16:55:11.024,186700,254.1,1.187,17.19
2026-09-30T16:55:11.108,186800,254.3,1.188,17.21
2026-09-30T16:55:11.223,186900,254.7,1.190,17.25
2026-09-30T16:55:11.309,187000,255.1,1.192,17.29
2026-09-30T16:55:11.408,187100,255.4,1.193,17.33
2026-09-30T16:55:11.523,187200,255.9,1.196,17.39
2026-09-30T16:55:11.624,187300,256.2,1.197,17.43
2026-09-30T16:55:11.708,187400,256.6,1.199,17.48
2026-09-30T16:55:11.824,187500,257.1,1.201,17.54
2026-09-30T16:55:11.923,187600,257.5,1.203,17.58
2026-09-30T16:55:12.009,187700,257.9,1.205,17.62
2026-09-30T16:55:12.123,187800,258.4,1.208,17.69
2026-09-30T16:55:12.223,187900,259.1,1.210,17.76
2026-09-30T16:55:12.307,188000,259.2,1.211,17.78
2026-09-30T16:55:12.407,188100,259.7,1.214,17.84
2026-09-30T16:55:12.523,188200,260.4,1.217,17.92
2026-09-30T16:55:12.607,188300,260.8,1.219,17.97
2026-09-30T16:55:12.711,188400,261.2,1.221,18.02
2026-09-30T16:55:12.808,188500,262.1,1.224,18.11
2026-09-30T16:55:12.908,188600,262.3,1.226,18.14
2026-09-30T16:55:13.008,188700,262.6,1.227,18.17
2026-09-30T16:55:13.108,188800,263.1,1.229,18.23
2026-09-30T16:55:13.208,188900,263.7,1.232,18.30
2026-09-30T16:55:13.309,189000,264.3,1.235,18.38
2026-09-30T16:55:13.408,189100,264.4,1.236,18.39
2026-09-30T16:55:13.508,189200,265.1,1.239,18.46
2026-09-30T16:55:13.608,189300,265.7,1.242,18.54
2026-09-30T16:55:13.708,189400,266.6,1.246,18.64
2026-09-30T16:55:13.808,189500,266.7,1.246,18.66
2026-09-30T16:55:13.922,189600,267.1,1.248,18.70
2026-09-30T16:55:14.009,189700,267.4,1.250,18.74
2026-09-30T16:55:14.109,189800,268.1,1.253,18.82
2026-09-30T16:55:14.209,189900,268.6,1.255,18.88
2026-09-30T16:55:14.319,190000,268.7,1.256,18.89
2026-09-30T16:55:14.421,190100,268.9,1.256,18.91
2026-09-30T16:55:14.521,190200,269.7,1.260,19.00
2026-09-30T16:55:14.609,190300,270.1,1.262,19.05
2026-09-30T16:55:14.709,190400,270.4,1.264,19.09
2026-09-30T16:55:14.810,190500,271.0,1.266,19.16
2026-09-30T16:55:14.920,190600,271.5,1.269,19.21
2026-09-30T16:55:15.021,190700,271.9,1.271,19.27
2026-09-30T16:55:15.110,190800,272.2,1.272,19.30
2026-09-30T16:55:15.210,190900,272.2,1.272,19.30
2026-09-30T16:55:15.315,191000,272.8,1.275,19.37
2026-09-30T16:55:15.410,191100,273.4,1.278,19.44
2026-09-30T16:55:15.510,191200,273.6,1.279,19.46
2026-09-30T16:55:15.610,191300,274.1,1.281,19.52
2026-09-30T16:55:15.710,191400,274.4,1.282,19.56
2026-09-30T16:55:15.811,191500,275.1,1.286,19.64
2026-09-30T16:55:15.910,191600,275.2,1.286,19.65
2026-09-30T16:55:16.020,191700,275.7,1.288,19.70
2026-09-30T16:55:16.119,191800,276.0,1.290,19.74
2026-09-30T16:55:16.211,191900,276.3,1.291,19.78
2026-09-30T16:55:16.311,192000,276.4,1.292,19.79
2026-09-30T16:55:16.411,192100,276.5,1.292,19.80
2026-09-30T16:55:16.519,192200,277.0,1.294,19.86
2026-09-30T16:55:16.611,192300,277.2,1.295,19.89
2026-09-30T16:55:16.711,192400,277.4,1.296,19.91
2026-09-30T16:55:16.812,192500,277.7,1.298,19.94
2026-09-30T16:55:16.912,192600,278.1,1.299,19.98
2026-09-30T16:55:17.012,192700,278.2,1.300,20.00
2026-09-30T16:55:17.118,192800,278.2,1.300,20.00
2026-09-30T16:55:17.217,192900,278.4,1.301,20.03
2026-09-30T16:55:17.318,193000,278.4,1.301,20.03
2026-09-30T16:55:17.414,193100,278.7,1.302,20.05
2026-09-30T16:55:17.514,193200,278.8,1.303,20.07
2026-09-30T16:55:17.617,193300,278.9,1.303,20.08
2026-09-30T16:55:17.717,193400,278.9,1.303,20.08
2026-09-30T16:55:17.817,193500,279.2,1.305,20.11
2026-09-30T16:55:17.917,193600,279.2,1.305,20.12
2026-09-30T16:55:18.017,193700,279.2,1.305,20.11
2026-09-30T16:55:18.104,193800,279.5,1.306,20.15
2026-09-30T16:55:18.205,193900,279.4,1.306,20.14
2026-09-30T16:55:18.304,194000,279.6,1.306,20.16
2026-09-30T16:55:18.405,194100,279.8,1.307,20.19
2026-09-30T16:55:18.504,194200,279.7,1.307,20.17
2026-09-30T16:55:18.604,194300,280.1,1.309,20.22
2026-09-30T16:55:18.704,194400,279.9,1.308,20.20
2026-09-30T16:55:18.804,194500,280.2,1.309,20.23
2026-09-30T16:55:18.904,194600,280.2,1.309,20.24
2026-09-30T16:55:19.005,194700,280.3,1.310,20.24
2026-09-30T16:55:19.116,194800,280.6,1.311,20.28
2026-09-30T16:55:19.204,194900,280.8,1.312,20.30
2026-09-30T16:55:19.304,195000,280.9,1.312,20.31
2026-09-30T16:55:19.416,195100,280.9,1.312,20.31
2026-09-30T16:55:19.504,195200,281.1,1.314,20.34
2026-09-30T16:55:19.604,195300,281.2,1.314,20.35
2026-09-30T16:55:19.704,195400,281.4,1.315,20.37
2026-09-30T16:55:19.804,195500,281.2,1.314,20.35
2026-09-30T16:55:19.903,195600,281.7,1.316,20.41
2026-09-30T16:55:20.003,195700,281.6,1.316,20.39
2026-09-30T16:55:20.103,195800,281.8,1.317,20.42
2026-09-30T16:55:20.215,195900,281.6,1.316,20.40
2026-09-30T16:55:20.303,196000,282.3,1.319,20.48
2026-09-30T16:55:20.403,196100,282.1,1.318,20.45
2026-09-30T16:55:20.514,196200,282.4,1.319,20.49
2026-09-30T16:55:20.604,196300,282.6,1.321,20.51
2026-09-30T16:55:20.702,196400,282.5,1.320,20.50
2026-09-30T16:55:20.803,196500,282.6,1.321,20.51
2026-09-30T16:55:20.903,196600,282.8,1.321,20.54
2026-09-30T16:55:21.003,196700,282.8,1.321,20.54
2026-09-30T16:55:21.103,196800,283.1,1.323,20.57
2026-09-30T16:55:21.203,196900,283.2,1.323,20.59
2026-09-30T16:55:21.302,197000,283.2,1.323,20.58
2026-09-30T16:55:21.403,197100,283.4,1.324,20.60
2026-09-30T16:55:21.503,197200,283.4,1.324,20.61
2026-09-30T16:55:21.603,197300,283.6,1.325,20.63
2026-09-30T16:55:21.703,197400,283.5,1.325,20.62
2026-09-30T16:55:21.802,197500,283.9,1.326,20.66
2026-09-30T16:55:21.902,197600,284.0,1.327,20.67
2026-09-30T16:55:22.003,197700,284.1,1.328,20.69
2026-09-30T16:55:22.102,197800,283.9,1.327,20.67
2026-09-30T16:55:22.213,197900,283.9,1.327,20.67
2026-09-30T16:55:22.301,198000,284.2,1.328,20.70
2026-09-30T16:55:22.413,198100,284.1,1.327,20.68
2026-09-30T16:55:22.502,198200,284.4,1.329,20.72
2026-09-30T16:55:22.602,198300,284.5,1.329,20.73
2026-09-30T16:55:22.702,198400,284.6,1.330,20.74
2026-09-30T16:55:22.812,198500,284.3,1.328,20.71
2026-09-30T16:55:22.902,198600,284.3,1.328,20.71
2026-09-30T16:55:23.002,198700,284.7,1.331,20.76
2026-09-30T16:55:23.101,198800,284.7,1.331,20.76
2026-09-30T16:55:23.201,198900,285.1,1.332,20.81
2026-09-30T16:55:23.302,199000,284.9,1.331,20.78
2026-09-30T16:55:23.402,199100,284.7,1.331,20.76
2026-09-30T16:55:23.502,199200,285.2,1.333,20.81
2026-09-30T16:55:23.601,199300,285.5,1.334,20.85
2026-09-30T16:55:23.700,199400,285.4,1.333,20.84
2026-09-30T16:55:23.802,199500,285.4,1.333,20.84
2026-09-30T16:55:23.902,199600,285.5,1.334,20.85
2026-09-30T16:55:24.003,199700,285.7,1.335,20.87
2026-09-30T16:55:24.112,199800,285.8,1.335,20.89
2026-09-30T16:55:24.202,199900,286.0,1.336,20.91
2026-09-30T16:55:24.301,200000,286.2,1.337,20.93
2026-09-30T16:55:24.411,200100,286.5,1.339,20.97
2026-09-30T16:55:24.501,200200,286.7,1.340,20.99
2026-09-30T16:55:24.611,200300,287.0,1.341,21.03
2026-09-30T16:55:24.711,200400,287.2,1.342,21.05
2026-09-30T16:55:24.801,200500,287.6,1.344,21.09
2026-09-30T16:55:24.901,200600,287.9,1.345,21.13
2026-09-30T16:55:25.000,200700,287.7,1.345,21.11
2026-09-30T16:55:25.100,200800,287.9,1.345,21.13
2026-09-30T16:55:25.201,200900,288.4,1.347,21.19
2026-09-30T16:55:25.308,201000,288.3,1.347,21.18
2026-09-30T16:55:25.400,201100,288.4,1.348,21.19
2026-09-30T16:55:25.499,201200,289.0,1.350,21.26
2026-09-30T16:55:25.610,201300,289.2,1.352,21.29
2026-09-30T16:55:25.701,201400,289.3,1.352,21.30
2026-09-30T16:55:25.799,201500,289.4,1.352,21.31
2026-09-30T16:55:25.901,201600,289.7,1.354,21.35
2026-09-30T16:55:26.000,201700,290.0,1.355,21.38
2026-09-30T16:55:26.110,201800,290.2,1.356,21.41
2026-09-30T16:55:26.207,201900,290.3,1.356,21.41
2026-09-30T16:55:26.300,202000,290.6,1.358,21.45
2026-09-30T16:55:26.400,202100,291.1,1.360,21.51
2026-09-30T16:55:26.501,202200,291.8,1.364,21.59
2026-09-30T16:55:26.608,202300,292.4,1.366,21.65
2026-09-30T16:55:26.702,202400,293.0,1.369,21.73
2026-09-30T16:55:26.808,202500,293.8,1.373,21.82
2026-09-30T16:55:26.899,202600,294.4,1.375,21.89
2026-09-30T16:55:27.000,202700,294.8,1.378,21.94
2026-09-30T16:55:27.099,202800,295.6,1.381,22.03
2026-09-30T16:55:27.199,202900,296.2,1.384,22.11
2026-09-30T16:55:27.300,203000,296.9,1.387,22.18
2026-09-30T16:55:27.402,203100,297.1,1.388,22.20
2026-09-30T16:55:27.498,203200,297.9,1.392,22.30
2026-09-30T16:55:27.598,203300,298.2,1.394,22.34
2026-09-30T16:55:27.699,203400,298.6,1.395,22.38
2026-09-30T16:55:27.798,203500,299.0,1.397,22.43
2026-09-30T16:55:27.898,203600,299.5,1.399,22.49
2026-09-30T16:55:27.998,203700,299.8,1.401,22.52
2026-09-30T16:55:28.108,203800,300.5,1.404,22.60
2026-09-30T16:55:28.200,203900,301.2,1.407,22.68
2026-09-30T16:55:28.299,204000,301.4,1.408,22.71
2026-09-30T16:55:28.398,204100,302.2,1.412,22.80
2026-09-30T16:55:28.507,204200,302.6,1.414,22.85
2026-09-30T16:55:28.599,204300,303.2,1.417,22.92
2026-09-30T16:55:28.699,204400,304.0,1.420,23.01
2026-09-30T16:55:28.798,204500,303.8,1.420,22.99
2026-09-30T16:55:28.898,204600,304.6,1.423,23.08
2026-09-30T16:55:28.998,204700,305.1,1.425,23.14
2026-09-30T16:55:29.106,204800,305.4,1.427,23.18
2026-09-30T16:55:29.197,204900,306.2,1.431,23.27
2026-09-30T16:55:29.298,205000,306.6,1.433,23.32
2026-09-30T16:55:29.398,205100,307.1,1.435,23.38
2026-09-30T16:55:29.498,205200,307.4,1.437,23.41
2026-09-30T16:55:29.597,205300,308.1,1.440,23.49
2026-09-30T16:55:29.706,205400,308.4,1.441,23.53
2026-09-30T16:55:29.797,205500,309.1,1.444,23.60
2026-09-30T16:55:29.898,205600,309.4,1.446,23.65
2026-09-30T16:55:30.003,205700,310.0,1.448,23.71
2026-09-30T16:55:30.098,205800,310.8,1.452,23.81
2026-09-30T16:55:30.197,205900,311.5,1.455,23.89
2026-09-30T16:55:30.305,206000,312.3,1.459,23.98
2026-09-30T16:55:30.398,206100,313.1,1.463,24.08
2026-09-30T16:55:30.498,206200,313.6,1.465,24.14
2026-09-30T16:55:30.597,206300,314.4,1.469,24.22
2026-09-30T16:55:30.697,206400,315.1,1.472,24.30
2026-09-30T16:55:30.796,206500,315.9,1.476,24.40
2026-09-30T16:55:30.899,206600,316.2,1.477,24.43
2026-09-30T16:55:31.003,206700,317.1,1.481,24.54
2026-09-30T16:55:31.099,206800,317.2,1.482,24.55
2026-09-30T16:55:31.198,206900,317.6,1.484,24.60
2026-09-30T16:55:31.304,207000,318.2,1.487,24.67
2026-09-30T16:55:31.398,207100,318.4,1.488,24.70
2026-09-30T16:55:31.496,207200,318.8,1.490,24.74
2026-09-30T16:55:31.597,207300,319.1,1.491,24.77
2026-09-30T16:55:31.696,207400,319.2,1.492,24.79
2026-09-30T16:55:31.804,207500,319.7,1.494,24.84
2026-09-30T16:55:31.904,207600,319.9,1.495,24.87
2026-09-30T16:55:31.997,207700,320.2,1.496,24.90
2026-09-30T16:55:32.096,207800,320.4,1.497,24.92
2026-09-30T16:55:32.196,207900,320.5,1.498,24.94
2026-09-30T16:55:32.296,208000,320.6,1.498,24.95
2026-09-30T16:55:32.399,208100,321.1,1.500,25.01
2026-09-30T16:55:32.497,208200,321.4,1.502,25.04
2026-09-30T16:55:32.597,208300,321.4,1.502,25.04
2026-09-30T16:55:32.696,208400,321.5,1.502,25.06
2026-09-30T16:55:32.798,208500,321.6,1.503,25.07
2026-09-30T16:55:32.894,208600,322.0,1.505,25.11
2026-09-30T16:55:32.997,208700,321.9,1.504,25.11
2026-09-30T16:55:33.096,208800,322.0,1.505,25.11
2026-09-30T16:55:33.195,208900,322.1,1.505,25.12
2026-09-30T16:55:33.295,209000,322.4,1.506,25.16
2026-09-30T16:55:33.397,209100,322.3,1.506,25.15
2026-09-30T16:55:33.495,209200,322.3,1.506,25.15
2026-09-30T16:55:33.595,209300,322.4,1.507,25.16
2026-09-30T16:55:33.695,209400,322.6,1.507,25.18
2026-09-30T16:55:33.795,209500,322.6,1.507,25.18
2026-09-30T16:55:33.899,209600,322.7,1.508,25.20
2026-09-30T16:55:33.996,209700,322.7,1.508,25.20
2026-09-30T16:55:34.095,209800,322.8,1.508,25.21
2026-09-30T16:55:34.196,209900,323.1,1.510,25.24
2026-09-30T16:55:34.302,210000,323.2,1.510,25.26
2026-09-30T16:55:34.395,210100,323.0,1.509,25.23
2026-09-30T16:55:34.495,210200,323.0,1.509,25.23
2026-09-30T16:55:34.594,210300,323.2,1.510,25.26
2026-09-30T16:55:34.695,210400,323.3,1.511,25.27
2026-09-30T16:55:34.795,210500,323.4,1.511,25.28
2026-09-30T16:55:34.895,210600,323.1,1.510,25.25
2026-09-30T16:55:35.001,210700,323.3,1.511,25.27
2026-09-30T16:55:35.094,210800,323.4,1.511,25.28
2026-09-30T16:55:35.195,210900,323.5,1.512,25.29
2026-09-30T16:55:35.294,211000,323.5,1.512,25.29
2026-09-30T16:55:35.394,211100,323.6,1.512,25.30
2026-09-30T16:55:35.500,211200,323.6,1.512,25.30
2026-09-30T16:55:35.600,211300,323.6,1.512,25.30
2026-09-30T16:55:35.694,211400,323.6,1.512,25.30
2026-09-30T16:55:35.794,211500,323.8,1.513,25.33
2026-09-30T16:55:35.894,211600,323.7,1.513,25.32
2026-09-30T16:55:35.994,211700,323.6,1.512,25.30
2026-09-30T16:55:36.094,211800,323.8,1.513,25.33
2026-09-30T16:55:36.195,211900,323.8,1.513,25.33
2026-09-30T16:55:36.295,212000,323.7,1.512,25.31
2026-09-30T16:55:36.395,212100,323.9,1.513,25.33
2026-09-30T16:55:36.498,212200,323.9,1.513,25.33
2026-09-30T16:55:36.600,212300,323.7,1.512,25.31
2026-09-30T16:55:36.697,212400,323.9,1.514,25.34
2026-09-30T16:55:36.794,212500,323.9,1.514,25.34
2026-09-30T16:55:36.894,212600,324.0,1.514,25.35
2026-09-30T16:55:36.994,212700,324.1,1.514,25.35
2026-09-30T16:55:37.095,212800,324.1,1.514,25.35
2026-09-30T16:55:37.193,212900,324.1,1.514,25.35
2026-09-30T16:55:37.293,213000,324.2,1.515,25.38
2026-09-30T16:55:37.394,213100,324.2,1.515,25.38
2026-09-30T16:55:37.494,213200,324.1,1.514,25.35
2026-09-30T16:55:37.593,213300,324.1,1.514,25.35
2026-09-30T16:55:37.692,213400,324.2,1.515,25.38
2026-09-30T16:55:37.794,213500,324.2,1.515,25.38
2026-09-30T16:55:37.894,213600,324.1,1.514,25.35
2026-09-30T16:55:37.994,213700,324.3,1.515,25.38
2026-09-30T16:55:38.093,213800,324.3,1.515,25.38
2026-09-30T16:55:38.192,213900,324.5,1.516,25.41
2026-09-30T16:55:38.294,214000,324.4,1.516,25.40
2026-09-30T16:55:38.393,214100,324.2,1.515,25.37
2026-09-30T16:55:38.492,214200,324.3,1.515,25.38
2026-09-30T16:55:38.593,214300,324.4,1.516,25.40
2026-09-30T16:55:38.694,214400,324.3,1.515,25.38
2026-09-30T16:55:38.792,214500,324.4,1.516,25.39
2026-09-30T16:55:38.892,214600,324.5,1.516,25.41
2026-09-30T16:55:38.993,214700,324.5,1.516,25.41
2026-09-30T16:55:39.092,214800,324.3,1.515,25.38
2026-09-30T16:55:39.194,214900,324.2,1.515,25.38
2026-09-30T16:55:39.293,215000,324.3,1.515,25.38
2026-09-30T16:55:39.394,215100,324.6,1.517,25.41
2026-09-30T16:55:39.493,215200,324.5,1.516,25.41
2026-09-30T16:55:39.596,215300,324.6,1.517,25.42
2026-09-30T16:55:39.693,215400,324.4,1.516,25.39
2026-09-30T16:55:39.795,215500,324.4,1.516,25.40
2026-09-30T16:55:39.893,215600,324.4,1.516,25.39
2026-09-30T16:55:39.993,215700,324.4,1.516,25.40
2026-09-30T16:55:40.093,215800,324.5,1.516,25.41
2026-09-30T16:55:40.192,215900,324.7,1.517,25.43
2026-09-30T16:55:40.296,216000,324.6,1.517,25.42
2026-09-30T16:55:40.392,216100,324.6,1.517,25.41
2026-09-30T16:55:40.492,216200,324.7,1.517,25.43
2026-09-30T16:55:40.592,216300,324.5,1.516,25.41
2026-09-30T16:55:40.691,216400,324.6,1.517,25.42
2026-09-30T16:55:40.792,216500,324.5,1.516,25.41
2026-09-30T16:55:40.896,216600,324.7,1.517,25.43
2026-09-30T16:55:40.991,216700,324.6,1.517,25.42
2026-09-30T16:55:41.091,216800,324.8,1.518,25.44
2026-09-30T16:55:41.192,216900,324.6,1.517,25.41
2026-09-30T16:55:41.294,217000,324.6,1.517,25.42
2026-09-30T16:55:41.392,217100,324.8,1.518,25.44
2026-09-30T16:55:41.492,217200,324.7,1.517,25.44
2026-09-30T16:55:41.593,217300,324.6,1.517,25.42
2026-09-30T16:55:41.692,217400,324.9,1.518,25.45
2026-09-30T16:55:41.792,217500,325.0,1.519,25.46
2026-09-30T16:55:41.894,217600,324.7,1.517,25.44
2026-09-30T16:55:41.994,217700,324.7,1.517,25.43
2026-09-30T16:55:42.094,217800,324.9,1.518,25.45
2026-09-30T16:55:42.194,217900,324.7,1.517,25.44
2026-09-30T16:55:42.294,218000,324.8,1.518,25.44
2026-09-30T16:55:42.394,218100,324.7,1.517,25.43
2026-09-30T16:55:42.492,218200,324.9,1.518,25.45
2026-09-30T16:55:42.590,218300,324.9,1.518,25.45
2026-09-30T16:55:42.694,218400,324.9,1.518,25.45
2026-09-30T16:55:42.792,218500,324.9,1.518,25.46
2026-09-30T16:55:42.891,218600,325.1,1.519,25.47
2026-09-30T16:55:42.990,218700,324.7,1.517,25.44
2026-09-30T16:55:43.090,218800,325.2,1.519,25.49
2026-09-30T16:55:43.190,218900,325.0,1.519,25.46
2026-09-30T16:55:43.291,219000,324.9,1.518,25.45
2026-09-30T16:55:43.391,219100,324.8,1.518,25.44
2026-09-30T16:55:43.489,219200,325.1,1.519,25.48
2026-09-30T16:55:43.591,219300,325.1,1.519,25.48
2026-09-30T16:55:43.691,219400,325.1,1.519,25.48
2026-09-30T16:55:43.791,219500,324.9,1.518,25.46
2026-09-30T16:55:43.891,219600,325.2,1.520,25.49
2026-09-30T16:55:43.991,219700,325.3,1.520,25.50
2026-09-30T16:55:44.092,219800,324.9,1.518,25.45
2026-09-30T16:55:44.190,219900,325.2,1.519,25.49
2026-09-30T16:55:44.290,220000,325.2,1.520,25.49
2026-09-30T16:55:44.390,220100,325.1,1.519,25.47
2026-09-30T16:55:44.492,220200,325.1,1.519,25.48
2026-09-30T16:55:44.590,220300,325.2,1.519,25.49
2026-09-30T16:55:44.689,220400,325.1,1.519,25.47
2026-09-30T16:55:44.792,220500,325.2,1.519,25.49
2026-09-30T16:55:44.889,220600,325.3,1.520,25.50
2026-09-30T16:55:44.989,220700,325.5,1.521,25.52
2026-09-30T16:55:45.088,220800,325.1,1.519,25.48
2026-09-30T16:55:45.191,220900,325.4,1.521,25.52
2026-09-30T16:55:45.290,221000,325.2,1.520,25.49
2026-09-30T16:55:45.390,221100,325.0,1.519,25.46
2026-09-30T16:55:45.489,221200,325.3,1.520,25.50
2026-09-30T16:55:45.590,221300,325.1,1.519,25.47
2026-09-30T16:55:45.690,221400,325.3,1.520,25.50
2026-09-30T16:55:45.789,221500,325.2,1.520,25.49
2026-09-30T16:55:45.889,221600,325.4,1.520,25.51
2026-09-30T16:55:45.989,221700,325.1,1.519,25.48
2026-09-30T16:55:46.089,221800,325.2,1.520,25.49
2026-09-30T16:55:46.191,221900,325.2,1.519,25.49
2026-09-30T16:55:46.289,222000,325.4,1.520,25.51
2026-09-30T16:55:46.388,222100,325.4,1.520,25.51
2026-09-30T16:55:46.489,222200,325.4,1.521,25.52
2026-09-30T16:55:46.588,222300,325.6,1.521,25.53
2026-09-30T16:55:46.688,222400,325.4,1.520,25.51
2026-09-30T16:55:46.790,222500,325.7,1.522,25.54
2026-09-30T16:55:46.889,222600,325.4,1.520,25.51
2026-09-30T16:55:46.989,222700,325.5,1.521,25.52
2026-09-30T16:55:47.088,222800,325.5,1.521,25.52
2026-09-30T16:55:47.189,222900,325.5,1.521,25.52
2026-09-30T16:55:47.288,223000,325.4,1.521,25.52
2026-09-30T16:55:47.388,223100,325.6,1.521,25.53
2026-09-30T16:55:47.488,223200,325.4,1.521,25.52
2026-09-30T16:55:47.589,223300,325.5,1.521,25.52
2026-09-30T16:55:47.689,223400,325.5,1.521,25.52
2026-09-30T16:55:47.790,223500,325.4,1.520,25.51
2026-09-30T16:55:47.887,223600,325.6,1.521,25.54
2026-09-30T16:55:47.987,223700,325.4,1.520,25.51
2026-09-30T16:55:48.087,223800,325.6,1.521,25.53
2026-09-30T16:55:48.188,223900,325.4,1.521,25.52
2026-09-30T16:55:48.287,224000,325.7,1.522,25.54
2026-09-30T16:55:48.387,224100,325.6,1.521,25.54
2026-09-30T16:55:48.487,224200,325.6,1.521,25.53
2026-09-30T16:55:48.587,224300,325.6,1.521,25.53
2026-09-30T16:55:48.687,224400,325.5,1.521,25.52
2026-09-30T16:55:48.788,224500,325.6,1.521,25.53
2026-09-30T16:55:48.887,224600,325.9,1.523,25.57
2026-09-30T16:55:48.988,224700,325.6,1.521,25.54
2026-09-30T16:55:49.087,224800,325.3,1.520,25.50
2026-09-30T16:55:49.188,224900,325.5,1.521,25.52
2026-09-30T16:55:49.287,225000,325.6,1.521,25.53
2026-09-30T16:55:49.388,225100,325.6,1.521,25.54
2026-09-30T16:55:49.487,225200,325.7,1.522,25.54
2026-09-30T16:55:49.587,225300,325.8,1.522,25.56
2026-09-30T16:55:49.687,225400,325.6,1.521,25.54
2026-09-30T16:55:49.772,225500,325.5,1.521,25.52
2026-09-30T16:55:49.886,225600,325.6,1.521,25.53
2026-09-30T16:55:49.987,225700,325.6,1.521,25.53
2026-09-30T16:55:50.087,225800,325.6,1.521,25.54
2026-09-30T16:55:50.172,225900,325.6,1.521,25.54
2026-09-30T16:55:50.287,226000,325.6,1.521,25.54
2026-09-30T16:55:50.385,226100,325.6,1.521,25.53
2026-09-30T16:55:50.487,226200,325.7,1.522,25.55
2026-09-30T16:55:50.586,226300,325.7,1.522,25.54
2026-09-30T16:55:50.670,226400,325.6,1.521,25.54
2026-09-30T16:55:50.786,226500,325.7,1.522,25.55
2026-09-30T16:55:50.887,226600,325.9,1.523,25.57
2026-09-30T16:55:50.970,226700,325.7,1.522,25.55
2026-09-30T16:55:51.071,226800,326.0,1.523,25.58
2026-09-30T16:55:51.180,226900,326.0,1.523,25.58
2026-09-30T16:55:51.270,227000,325.7,1.522,25.54
2026-09-30T16:55:51.386,227100,325.8,1.522,25.56
2026-09-30T16:55:51.470,227200,325.9,1.523,25.57
2026-09-30T16:55:51.570,227300,325.7,1.522,25.55
2026-09-30T16:55:51.686,227400,325.7,1.522,25.55
2026-09-30T16:55:51.770,227500,325.8,1.522,25.56
2026-09-30T16:55:51.870,227600,325.9,1.523,25.57
2026-09-30T16:55:51.985,227700,326.0,1.523,25.58
2026-09-30T16:55:52.084,227800,325.9,1.523,25.57
2026-09-30T16:55:52.169,227900,325.8,1.522,25.56
2026-09-30T16:55:52.270,228000,325.9,1.523,25.57
2026-09-30T16:55:52.369,228100,326.0,1.523,25.58
2026-09-30T16:55:52.485,228200,325.8,1.522,25.56
2026-09-30T16:55:52.585,228300,325.8,1.522,25.56
2026-09-30T16:55:52.670,228400,325.9,1.523,25.57
2026-09-30T16:55:52.776,228500,326.2,1.524,25.60
2026-09-30T16:55:52.870,228600,326.1,1.524,25.60
2026-09-30T16:55:52.969,228700,326.2,1.524,25.60
2026-09-30T16:55:53.084,228800,326.3,1.525,25.62
2026-09-30T16:55:53.172,228900,326.0,1.523,25.58
2026-09-30T16:55:53.278,229000,326.1,1.524,25.59
2026-09-30T16:55:53.369,229100,326.3,1.525,25.62
2026-09-30T16:55:53.469,229200,326.5,1.526,25.64
2026-09-30T16:55:53.578,229300,326.2,1.524,25.61
2026-09-30T16:55:53.669,229400,326.3,1.525,25.62
2026-09-30T16:55:53.769,229500,326.6,1.526,25.65
2026-09-30T16:55:53.869,229600,326.5,1.526,25.64
2026-09-30T16:55:53.969,229700,326.9,1.527,25.68
2026-09-30T16:55:54.078,229800,327.0,1.528,25.70
2026-09-30T16:55:54.169,229900,327.1,1.529,25.71
2026-09-30T16:55:54.269,230000,327.5,1.530,25.76
2026-09-30T16:55:54.369,230100,328.0,1.533,25.81
2026-09-30T16:55:54.469,230200,328.5,1.535,25.87
2026-09-30T16:55:54.578,230300,328.7,1.536,25.90
2026-09-30T16:55:54.669,230400,329.4,1.539,25.98
2026-09-30T16:55:54.768,230500,329.7,1.541,26.02
2026-09-30T16:55:54.868,230600,330.1,1.543,26.06
2026-09-30T16:55:54.968,230700,330.7,1.545,26.14
2026-09-30T16:55:55.068,230800,331.2,1.548,26.19
2026-09-30T16:55:55.168,230900,331.7,1.550,26.25
2026-09-30T16:55:55.281,231000,332.3,1.553,26.32
2026-09-30T16:55:55.378,231100,332.7,1.555,26.37
2026-09-30T16:55:55.468,231200,333.1,1.557,26.41
2026-09-30T16:55:55.569,231300,333.6,1.559,26.47
2026-09-30T16:55:55.681,231400,334.2,1.562,26.54
2026-09-30T16:55:55.768,231500,334.6,1.564,26.59
2026-09-30T16:55:55.881,231600,335.1,1.566,26.64
2026-09-30T16:55:55.968,231700,335.4,1.567,26.68
2026-09-30T16:55:56.068,231800,335.7,1.569,26.71
2026-09-30T16:55:56.175,231900,336.4,1.572,26.79
2026-09-30T16:55:56.268,232000,336.6,1.573,26.82
2026-09-30T16:55:56.368,232100,337.1,1.575,26.87
2026-09-30T16:55:56.467,232200,337.4,1.577,26.92
2026-09-30T16:55:56.567,232300,337.9,1.579,26.98
2026-09-30T16:55:56.678,232400,338.4,1.581,27.03
2026-09-30T16:55:56.768,232500,338.6,1.582,27.06
2026-09-30T16:55:56.867,232600,339.1,1.584,27.11
2026-09-30T16:55:56.967,232700,339.6,1.587,27.17
2026-09-30T16:55:57.068,232800,340.1,1.589,27.22
2026-09-30T16:55:57.168,232900,340.2,1.590,27.25
2026-09-30T16:55:57.280,233000,340.7,1.592,27.30
2026-09-30T16:55:57.367,233100,341.1,1.594,27.34
2026-09-30T16:55:57.468,233200,341.2,1.595,27.36
2026-09-30T16:55:57.567,233300,341.7,1.597,27.42
2026-09-30T16:55:57.667,233400,342.2,1.599,27.48
2026-09-30T16:55:57.766,233500,342.3,1.599,27.49
2026-09-30T16:55:57.867,233600,342.6,1.601,27.52
2026-09-30T16:55:57.978,233700,342.6,1.601,27.52
2026-09-30T16:55:58.067,233800,343.2,1.604,27.59
2026-09-30T16:55:58.167,233900,343.3,1.604,27.60
2026-09-30T16:55:58.267,234000,343.6,1.605,27.63
2026-09-30T16:55:58.379,234100,343.7,1.606,27.65
2026-09-30T16:55:58.467,234200,344.1,1.608,27.69
2026-09-30T16:55:58.567,234300,344.3,1.609,27.72
2026-09-30T16:55:58.676,234400,344.1,1.608,27.69
2026-09-30T16:55:58.766,234500,344.4,1.609,27.73
2026-09-30T16:55:58.866,234600,344.7,1.611,27.76
2026-09-30T16:55:58.966,234700,344.8,1.611,27.78
2026-09-30T16:55:59.066,234800,345.1,1.613,27.82
2026-09-30T16:55:59.166,234900,345.2,1.613,27.82
2026-09-30T16:55:59.266,235000,345.1,1.613,27.82
2026-09-30T16:55:59.366,235100,345.3,1.613,27.84
2026-09-30T16:55:59.466,235200,345.4,1.614,27.84
2026-09-30T16:55:59.575,235300,345.2,1.613,27.83
2026-09-30T16:55:59.666,235400,345.5,1.614,27.86
2026-09-30T16:55:59.766,235500,345.6,1.615,27.87
2026-09-30T16:55:59.866,235600,345.7,1.615,27.88
2026-09-30T16:55:59.977,235700,345.8,1.616,27.90
2026-09-30T16:56:00.065,235800,345.9,1.616,27.90
2026-09-30T16:56:00.166,235900,345.9,1.616,27.91
2026-09-30T16:56:00.266,236000,345.9,1.616,27.90
2026-09-30T16:56:00.378,236100,346.1,1.617,27.93
2026-09-30T16:56:00.465,236200,346.1,1.617,27.93
2026-09-30T16:56:00.565,236300,346.4,1.618,27.96
2026-09-30T16:56:00.665,236400,346.2,1.618,27.95
2026-09-30T16:56:00.766,236500,346.2,1.618,27.94
2026-09-30T16:56:00.866,236600,346.2,1.618,27.94
2026-09-30T16:56:00.976,236700,346.5,1.619,27.98
2026-09-30T16:56:01.076,236800,346.5,1.619,27.98
2026-09-30T16:56:01.166,236900,346.5,1.619,27.98
2026-09-30T16:56:01.264,237000,346.4,1.618,27.96
2026-09-30T16:56:01.365,237100,346.7,1.620,28.00
2026-09-30T16:56:01.464,237200,346.8,1.620,28.01
2026-09-30T16:56:01.576,237300,346.8,1.620,28.01
2026-09-30T16:56:01.665,237400,346.6,1.620,27.99
2026-09-30T16:56:01.764,237500,346.9,1.621,28.02
2026-09-30T16:56:01.865,237600,346.8,1.620,28.01
2026-09-30T16:56:01.965,237700,346.9,1.621,28.03
2026-09-30T16:56:02.064,237800,347.0,1.621,28.03
2026-09-30T16:56:02.164,237900,347.0,1.621,28.03
2026-09-30T16:56:02.265,238000,346.9,1.621,28.02
2026-09-30T16:56:02.364,238100,347.1,1.622,28.04
2026-09-30T16:56:02.464,238200,347.2,1.622,28.06
2026-09-30T16:56:02.564,238300,346.9,1.621,28.03
2026-09-30T16:56:02.665,238400,347.0,1.621,28.03
2026-09-30T16:56:02.775,238500,346.7,1.620,28.00
2026-09-30T16:56:02.864,238600,347.1,1.622,28.05
2026-09-30T16:56:02.964,238700,346.9,1.621,28.03
2026-09-30T16:56:03.064,238800,346.9,1.621,28.03
2026-09-30T16:56:03.174,238900,346.9,1.621,28.03
2026-09-30T16:56:03.264,239000,347.0,1.621,28.03
2026-09-30T16:56:03.364,239100,347.3,1.623,28.07
2026-09-30T16:56:03.464,239200,347.1,1.622,28.05
2026-09-30T16:56:03.563,239300,347.1,1.622,28.05
2026-09-30T16:56:03.664,239400,347.1,1.622,28.04
2026-09-30T16:56:03.764,239500,347.2,1.622,28.06
2026-09-30T16:56:03.864,239600,347.1,1.622,28.04
2026-09-30T16:56:03.963,239700,347.3,1.623,28.07
2026-09-30T16:56:04.063,239800,347.1,1.622,28.04
2026-09-30T16:56:04.162,239900,347.1,1.622,28.05
2026-09-30T16:56:04.263,240000,347.2,1.623,28.06
2026-09-30T16:56:04.372,240100,347.1,1.622,28.05
2026-09-30T16:56:04.472,240200,347.2,1.623,28.06
2026-09-30T16:56:04.573,240300,347.2,1.623,28.06
2026-09-30T16:56:04.663,240400,347.1,1.622,28.05
2026-09-30T16:56:04.763,240500,347.1,1.622,28.04
2026-09-30T16:56:04.871,240600,347.3,1.623,28.07
2026-09-30T16:56:04.964,240700,347.4,1.623,28.09
2026-09-30T16:56:05.063,240800,347.4,1.623,28.08
2026-09-30T16:56:05.163,240900,347.6,1.624,28.11
2026-09-30T16:56:05.262,241000,347.1,1.622,28.04
2026-09-30T16:56:05.372,241100,347.4,1.623,28.09
2026-09-30T16:56:05.471,241200,347.3,1.623,28.07
2026-09-30T16:56:05.571,241300,347.6,1.624,28.10
2026-09-30T16:56:05.672,241400,347.1,1.622,28.04
2026-09-30T16:56:05.772,241500,347.5,1.624,28.09
2026-09-30T16:56:05.871,241600,347.3,1.623,28.07
2026-09-30T16:56:05.972,241700,347.5,1.624,28.09
2026-09-30T16:56:06.070,241800,347.7,1.625,28.11
2026-09-30T16:56:06.172,241900,347.5,1.624,28.09
2026-09-30T16:56:06.272,242000,347.3,1.623,28.07
2026-09-30T16:56:06.370,242100,347.5,1.624,28.09
2026-09-30T16:56:06.470,242200,347.7,1.625,28.11
2026-09-30T16:56:06.572,242300,347.4,1.623,28.09
2026-09-30T16:56:06.670,242400,347.4,1.623,28.08
2026-09-30T16:56:06.770,242500,347.6,1.624,28.11
2026-09-30T16:56:06.870,242600,347.5,1.624,28.09
2026-09-30T16:56:06.970,242700,347.4,1.623,28.09
2026-09-30T16:56:07.070,242800,347.6,1.624,28.11
2026-09-30T16:56:07.172,242900,347.7,1.625,28.11
2026-09-30T16:56:07.270,243000,347.6,1.624,28.11
2026-09-30T16:56:07.370,243100,347.7,1.625,28.11
2026-09-30T16:56:07.469,243200,347.7,1.625,28.11
2026-09-30T16:56:07.569,243300,347.8,1.625,28.13
2026-09-30T16:56:07.669,243400,347.5,1.624,28.09
2026-09-30T16:56:07.769,243500,347.6,1.624,28.10
2026-09-30T16:56:07.870,243600,347.7,1.625,28.12
2026-09-30T16:56:07.970,243700,347.6,1.624,28.10
2026-09-30T16:56:08.069,243800,347.7,1.625,28.11
2026-09-30T16:56:08.169,243900,347.7,1.625,28.11
2026-09-30T16:56:08.269,244000,347.9,1.626,28.14
2026-09-30T16:56:08.369,244100,347.6,1.624,28.10
2026-09-30T16:56:08.469,244200,347.6,1.624,28.11
2026-09-30T16:56:08.569,244300,347.7,1.625,28.12
2026-09-30T16:56:08.669,244400,347.7,1.625,28.11
2026-09-30T16:56:08.769,244500,347.7,1.625,28.12
2026-09-30T16:56:08.869,244600,347.6,1.624,28.11
2026-09-30T16:56:08.968,244700,347.9,1.626,28.14
2026-09-30T16:56:09.069,244800,347.7,1.625,28.12
2026-09-30T16:56:09.169,244900,347.9,1.625,28.14
2026-09-30T16:56:09.268,245000,347.9,1.626,28.14
2026-09-30T16:56:09.369,245100,347.9,1.625,28.14
2026-09-30T16:56:09.468,245200,347.9,1.626,28.14
2026-09-30T16:56:09.568,245300,347.9,1.625,28.14
2026-09-30T16:56:09.668,245400,347.8,1.625,28.13
2026-09-30T16:56:09.768,245500,347.8,1.625,28.13
2026-09-30T16:56:09.868,245600,348.0,1.626,28.15
2026-09-30T16:56:09.968,245700,347.8,1.625,28.13
2026-09-30T16:56:10.068,245800,347.7,1.625,28.12
2026-09-30T16:56:10.168,245900,348.0,1.626,28.15
2026-09-30T16:56:10.268,246000,348.1,1.626,28.16
2026-09-30T16:56:10.368,246100,348.0,1.626,28.15
2026-09-30T16:56:10.466,246200,347.7,1.625,28.12
2026-09-30T16:56:10.562,246300,347.9,1.625,28.14
2026-09-30T16:56:10.659,246400,348.0,1.626,28.15
2026-09-30T16:56:10.759,246500,347.9,1.625,28.14
2026-09-30T16:56:10.859,246600,347.8,1.625,28.13
2026-09-30T16:56:10.961,246700,348.0,1.626,28.15
2026-09-30T16:56:11.061,246800,347.9,1.626,28.14
2026-09-30T16:56:11.165,246900,347.9,1.626,28.14
2026-09-30T16:56:11.259,247000,348.0,1.626,28.15
2026-09-30T16:56:11.359,247100,348.1,1.626,28.16
2026-09-30T16:56:11.466,247200,348.1,1.627,28.17
2026-09-30T16:56:11.561,247300,348.1,1.626,28.16
2026-09-30T16:56:11.665,247400,348.1,1.626,28.16
2026-09-30T16:56:11.761,247500,347.9,1.626,28.14
2026-09-30T16:56:11.859,247600,347.9,1.626,28.14
2026-09-30T16:56:11.966,247700,348.1,1.627,28.17
2026-09-30T16:56:12.058,247800,348.0,1.626,28.15
2026-09-30T16:56:12.166,247900,348.1,1.626,28.16
2026-09-30T16:56:12.264,248000,348.0,1.626,28.15
2026-09-30T16:56:12.365,248100,348.1,1.626,28.16
2026-09-30T16:56:12.458,248200,348.1,1.627,28.17
2026-09-30T16:56:12.560,248300,347.9,1.626,28.14
2026-09-30T16:56:12.666,248400,347.9,1.625,28.14
2026-09-30T16:56:12.764,248500,348.2,1.627,28.17
2026-09-30T16:56:12.865,248600,348.2,1.627,28.17
2026-09-30T16:56:12.958,248700,348.1,1.626,28.16
2026-09-30T16:56:13.058,248800,348.2,1.627,28.18
2026-09-30T16:56:13.165,248900,348.1,1.627,28.17
2026-09-30T16:56:13.264,249000,348.3,1.628,28.19
2026-09-30T16:56:13.365,249100,348.2,1.627,28.18
2026-09-30T16:56:13.464,249200,348.1,1.627,28.17
2026-09-30T16:56:13.558,249300,348.2,1.627,28.17
2026-09-30T16:56:13.662,249400,348.2,1.627,28.17
2026-09-30T16:56:13.763,249500,348.1,1.627,28.17
2026-09-30T16:56:13.864,249600,348.3,1.628,28.19
2026-09-30T16:56:13.963,249700,348.4,1.628,28.20
2026-09-30T16:56:14.062,249800,348.4,1.628,28.19
2026-09-30T16:56:14.164,249900,348.3,1.628,28.19
2026-09-30T16:56:14.263,250000,348.2,1.627,28.17
2026-09-30T16:56:14.364,250100,348.4,1.628,28.19
2026-09-30T16:56:14.463,250200,348.2,1.627,28.17
2026-09-30T16:56:14.563,250300,348.1,1.626,28.16
2026-09-30T16:56:14.664,250400,348.2,1.627,28.18
2026-09-30T16:56:14.763,250500,348.2,1.627,28.17
2026-09-30T16:56:14.857,250600,348.2,1.627,28.18
2026-09-30T16:56:14.965,250700,348.3,1.628,28.19
2026-09-30T16:56:15.057,250800,348.2,1.627,28.17
2026-09-30T16:56:15.163,250900,348.4,1.628,28.19
2026-09-30T16:56:15.264,251000,348.3,1.628,28.19
2026-09-30T16:56:15.361,251100,348.0,1.626,28.15
2026-09-30T16:56:15.462,251200,348.3,1.628,28.19
2026-09-30T16:56:15.563,251300,348.4,1.628,28.19
2026-09-30T16:56:15.663,251400,348.2,1.627,28.17
2026-09-30T16:56:15.761,251500,348.3,1.628,28.19
2026-09-30T16:56:15.863,251600,348.2,1.627,28.18
2026-09-30T16:56:15.961,251700,348.4,1.628,28.20
2026-09-30T16:56:16.062,251800,348.5,1.628,28.21
2026-09-30T16:56:16.162,251900,348.3,1.628,28.19
2026-09-30T16:56:16.259,252000,348.5,1.628,28.21
2026-09-30T16:56:16.358,252100,348.4,1.628,28.20
2026-09-30T16:56:16.457,252200,348.2,1.627,28.17
2026-09-30T16:56:16.559,252300,348.5,1.628,28.21
2026-09-30T16:56:16.656,252400,348.4,1.628,28.19
2026-09-30T16:56:16.763,252500,348.4,1.628,28.19
2026-09-30T16:56:16.861,252600,348.1,1.627,28.17
2026-09-30T16:56:16.960,252700,348.3,1.628,28.19
2026-09-30T16:56:17.061,252800,348.6,1.629,28.22
2026-09-30T16:56:17.157,252900,348.4,1.628,28.20
2026-09-30T16:56:17.261,253000,348.5,1.628,28.21
2026-09-30T16:56:17.361,253100,348.5,1.628,28.21
2026-09-30T16:56:17.456,253200,348.5,1.628,28.21
2026-09-30T16:56:17.560,253300,348.5,1.628,28.21
2026-09-30T16:56:17.660,253400,348.6,1.629,28.22
2026-09-30T16:56:17.760,253500,348.6,1.629,28.22
2026-09-30T16:56:17.855,253600,348.6,1.629,28.22
2026-09-30T16:56:17.960,253700,348.7,1.630,28.24
2026-09-30T16:56:18.059,253800,348.6,1.629,28.22
2026-09-30T16:56:18.161,253900,348.7,1.630,28.24
2026-09-30T16:56:18.260,254000,348.6,1.629,28.22
2026-09-30T16:56:18.360,254100,348.8,1.630,28.25
2026-09-30T16:56:18.460,254200,348.7,1.629,28.23
2026-09-30T16:56:18.558,254300,348.6,1.629,28.22
2026-09-30T16:56:18.659,254400,348.6,1.629,28.22
2026-09-30T16:56:18.760,254500,348.6,1.629,28.22
2026-09-30T16:56:18.859,254600,348.6,1.629,28.22
2026-09-30T16:56:18.957,254700,348.5,1.628,28.21
2026-09-30T16:56:19.060,254800,348.7,1.630,28.24
2026-09-30T16:56:19.156,254900,348.4,1.628,28.20
2026-09-30T16:56:19.258,255000,348.7,1.629,28.23
2026-09-30T16:56:19.354,255100,348.6,1.629,28.22
2026-09-30T16:56:19.458,255200,348.7,1.629,28.23
2026-09-30T16:56:19.558,255300,348.6,1.629,28.22
2026-09-30T16:56:19.659,255400,348.6,1.629,28.22
2026-09-30T16:56:19.755,255500,348.8,1.630,28.25
2026-09-30T16:56:19.857,255600,348.7,1.629,28.23
2026-09-30T16:56:19.958,255700,348.6,1.629,28.22
2026-09-30T16:56:20.058,255800,348.7,1.629,28.23
2026-09-30T16:56:20.158,255900,348.4,1.628,28.20
2026-09-30T16:56:20.257,256000,348.6,1.629,28.22
2026-09-30T16:56:20.357,256100,348.7,1.629,28.23
2026-09-30T16:56:20.457,256200,348.4,1.628,28.20
2026-09-30T16:56:20.555,256300,348.4,1.628,28.20
2026-09-30T16:56:20.657,256400,348.3,1.628,28.19
2026-09-30T16:56:20.754,256500,348.3,1.628,28.19
2026-09-30T16:56:20.854,256600,348.2,1.627,28.17
2026-09-30T16:56:20.957,256700,348.2,1.627,28.17
2026-09-30T16:56:21.058,256800,348.1,1.627,28.17
2026-09-30T16:56:21.156,256900,348.0,1.626,28.15
2026-09-30T16:56:21.254,257000,348.0,1.626,28.15
2026-09-30T16:56:21.353,257100,347.9,1.625,28.14
2026-09-30T16:56:21.457,257200,347.8,1.625,28.13
2026-09-30T16:56:21.558,257300,347.8,1.625,28.13
2026-09-30T16:56:21.658,257400,347.7,1.625,28.11
2026-09-30T16:56:21.756,257500,347.7,1.625,28.11
2026-09-30T16:56:21.857,257600,347.7,1.625,28.12
2026-09-30T16:56:21.959,257700,347.7,1.625,28.11
2026-09-30T16:56:22.057,257800,347.4,1.623,28.08
2026-09-30T16:56:22.156,257900,347.4,1.623,28.08
2026-09-30T16:56:22.257,258000,347.5,1.624,28.09
2026-09-30T16:56:22.354,258100,347.4,1.623,28.08
2026-09-30T16:56:22.455,258200,347.4,1.623,28.09
2026-09-30T16:56:22.556,258300,347.3,1.623,28.07
2026-09-30T16:56:22.655,258400,347.2,1.622,28.06
2026-09-30T16:56:22.755,258500,347.1,1.622,28.04
2026-09-30T16:56:22.855,258600,347.0,1.621,28.03
2026-09-30T16:56:22.958,258700,347.1,1.622,28.05
2026-09-30T16:56:23.055,258800,347.1,1.622,28.04
2026-09-30T16:56:23.155,258900,346.9,1.621,28.02
2026-09-30T16:56:23.254,259000,346.9,1.621,28.03
2026-09-30T16:56:23.355,259100,346.8,1.620,28.01
2026-09-30T16:56:23.455,259200,346.8,1.620,28.01
2026-09-30T16:56:23.554,259300,346.9,1.621,28.02
2026-09-30T16:56:23.655,259400,346.6,1.620,27.99
2026-09-30T16:56:23.753,259500,346.6,1.620,27.99
2026-09-30T16:56:23.854,259600,346.4,1.619,27.97
2026-09-30T16:56:23.954,259700,346.6,1.620,27.99
2026-09-30T16:56:24.052,259800,346.6,1.619,27.98
2026-09-30T16:56:24.152,259900,346.4,1.618,27.96
2026-09-30T16:56:24.254,260000,346.2,1.618,27.94
2026-09-30T16:56:24.354,260100,346.3,1.618,27.95
2026-09-30T16:56:24.452,260200,346.3,1.618,27.95
2026-09-30T16:56:24.552,260300,346.4,1.618,27.96
2026-09-30T16:56:24.654,260400,346.2,1.618,27.94
2026-09-30T16:56:24.752,260500,346.0,1.617,27.92
2026-09-30T16:56:24.853,260600,345.9,1.616,27.91
2026-09-30T16:56:24.953,260700,346.1,1.617,27.92
2026-09-30T16:56:25.054,260800,346.1,1.617,27.93
2026-09-30T16:56:25.152,260900,345.7,1.615,27.88
2026-09-30T16:56:25.253,261000,345.7,1.616,27.89
2026-09-30T16:56:25.354,261100,345.6,1.615,27.87
2026-09-30T16:56:25.453,261200,345.5,1.614,27.86
2026-09-30T16:56:25.553,261300,345.7,1.615,27.88
2026-09-30T16:56:25.653,261400,345.7,1.615,27.88
2026-09-30T16:56:25.753,261500,345.5,1.614,27.86
2026-09-30T16:56:25.851,261600,345.7,1.615,27.88
2026-09-30T16:56:25.953,261700,345.6,1.615,27.87
2026-09-30T16:56:26.053,261800,345.5,1.614,27.86
2026-09-30T16:56:26.151,261900,345.4,1.614,27.85
2026-09-30T16:56:26.253,262000,345.2,1.613,27.82
2026-09-30T16:56:26.353,262100,345.3,1.613,27.84
