pc_time,millis,raw_adc,voltage_V,pressure_bar
2026-09-30T17:07:33.987,100,101.7,0.475,0.00
2026-09-30T17:07:34.087,200,101.6,0.475,0.00
2026-09-30T17:07:34.187,300,101.9,0.476,0.00
2026-09-30T17:07:34.281,400,101.9,0.476,0.00
2026-09-30T17:07:34.388,500,101.7,0.475,0.00
2026-09-30T17:07:34.482,600,101.8,0.476,0.00
2026-09-30T17:07:34.588,700,101.7,0.475,0.00
2026-09-30T17:07:34.687,800,101.9,0.476,0.00
2026-09-30T17:07:34.782,900,101.8,0.475,0.00
2026-09-30T17:07:34.883,1000,101.6,0.475,0.00
2026-09-30T17:07:34.984,1100,101.8,0.475,0.00
2026-09-30T17:07:35.082,1200,101.8,0.475,0.00
2026-09-30T17:07:35.182,1300,101.8,0.476,0.00
2026-09-30T17:07:35.282,1400,101.6,0.475,0.00
2026-09-30T17:07:35.382,1500,101.6,0.475,0.00
2026-09-30T17:07:35.481,1600,101.6,0.475,0.00
2026-09-30T17:07:35.581,1700,101.9,0.476,0.00
2026-09-30T17:07:35.686,1800,101.8,0.475,0.00
2026-09-30T17:07:35.781,1900,101.8,0.475,0.00
2026-09-30T17:07:35.881,2000,101.5,0.474,0.00
2026-09-30T17:07:35.981,2100,101.7,0.475,0.00
2026-09-30T17:07:36.086,2200,101.6,0.475,0.00
2026-09-30T17:07:36.180,2300,101.6,0.475,0.00
2026-09-30T17:07:36.280,2400,101.6,0.475,0.00
2026-09-30T17:07:36.381,2500,101.6,0.475,0.00
2026-09-30T17:07:36.481,2600,101.8,0.475,0.00
2026-09-30T17:07:36.578,2700,101.6,0.475,0.00
2026-09-30T17:07:36.685,2800,101.4,0.474,0.00
2026-09-30T17:07:36.780,2900,101.5,0.474,0.00
2026-09-30T17:07:36.885,3000,101.5,0.474,0.00
2026-09-30T17:07:36.981,3100,101.5,0.474,0.00
2026-09-30T17:07:37.080,3200,101.9,0.476,0.00
2026-09-30T17:07:37.180,3300,101.7,0.475,0.00
2026-09-30T17:07:37.279,3400,101.7,0.475,0.00
2026-09-30T17:07:37.380,3500,101.8,0.475,0.00
2026-09-30T17:07:37.480,3600,101.7,0.475,0.00
2026-09-30T17:07:37.581,3700,101.7,0.475,0.00
2026-09-30T17:07:37.679,3800,101.6,0.475,0.00
2026-09-30T17:07:37.780,3900,101.7,0.475,0.00
2026-09-30T17:07:37.880,4000,101.6,0.475,0.00
2026-09-30T17:07:37.980,4100,101.4,0.474,0.00
2026-09-30T17:07:38.079,4200,101.7,0.475,0.00
2026-09-30T17:07:38.179,4300,101.5,0.474,0.00
2026-09-30T17:07:38.279,4400,101.5,0.474,0.00
2026-09-30T17:07:38.380,4500,101.4,0.474,0.00
2026-09-30T17:07:38.479,4600,101.7,0.475,0.00
2026-09-30T17:07:38.579,4700,101.6,0.475,0.00
2026-09-30T17:07:38.677,4800,101.6,0.475,0.00
2026-09-30T17:07:38.780,4900,101.4,0.474,0.00
2026-09-30T17:07:38.878,5000,101.8,0.476,0.00
2026-09-30T17:07:38.978,5100,101.8,0.475,0.00
2026-09-30T17:07:39.079,5200,101.8,0.476,0.00
2026-09-30T17:07:39.183,5300,101.6,0.475,0.00
2026-09-30T17:07:39.278,5400,101.3,0.473,0.00
2026-09-30T17:07:39.379,5500,101.6,0.475,0.00
2026-09-30T17:07:39.479,5600,101.6,0.475,0.00
2026-09-30T17:07:39.580,5700,101.8,0.475,0.00
2026-09-30T17:07:39.678,5800,101.7,0.475,0.00
2026-09-30T17:07:39.782,5900,101.6,0.475,0.00
2026-09-30T17:07:39.883,6000,101.5,0.474,0.00
2026-09-30T17:07:39.978,6100,101.6,0.475,0.00
2026-09-30T17:07:40.079,6200,101.5,0.474,0.00
2026-09-30T17:07:40.182,6300,101.7,0.475,0.00
2026-09-30T17:07:40.277,6400,101.6,0.475,0.00
2026-09-30T17:07:40.379,6500,101.7,0.475,0.00
2026-09-30T17:07:40.478,6600,101.6,0.475,0.00
2026-09-30T17:07:40.581,6700,101.8,0.475,0.00
2026-09-30T17:07:40.677,6800,101.4,0.474,0.00
2026-09-30T17:07:40.782,6900,101.5,0.474,0.00
2026-09-30T17:07:40.879,7000,101.4,0.474,0.00
2026-09-30T17:07:40.978,7100,101.7,0.475,0.00
2026-09-30T17:07:41.077,7200,101.7,0.475,0.00
2026-09-30T17:07:41.182,7300,101.7,0.475,0.00
2026-09-30T17:07:41.277,7400,101.3,0.473,0.00
2026-09-30T17:07:41.381,7500,101.6,0.475,0.00
2026-09-30T17:07:41.480,7600,101.8,0.475,0.00
2026-09-30T17:07:41.577,7700,101.9,0.476,0.00
2026-09-30T17:07:41.677,7800,101.6,0.475,0.00
2026-09-30T17:07:41.777,7900,101.7,0.475,0.00
2026-09-30T17:07:41.876,8000,101.5,0.474,0.00
2026-09-30T17:07:41.977,8100,101.5,0.474,0.00
2026-09-30T17:07:42.078,8200,101.6,0.475,0.00
2026-09-30T17:07:42.178,8300,101.4,0.474,0.00
2026-09-30T17:07:42.278,8400,101.5,0.474,0.00
2026-09-30T17:07:42.377,8500,101.6,0.475,0.00
2026-09-30T17:07:42.478,8600,101.7,0.475,0.00
2026-09-30T17:07:42.577,8700,101.4,0.474,0.00
2026-09-30T17:07:42.677,8800,101.6,0.475,0.00
2026-09-30T17:07:42.777,8900,101.5,0.474,0.00
2026-09-30T17:07:42.878,9000,101.8,0.475,0.00
2026-09-30T17:07:42.977,9100,101.7,0.475,0.00
2026-09-30T17:07:43.079,9200,101.9,0.476,0.00
2026-09-30T17:07:43.177,9300,101.5,0.474,0.00
2026-09-30T17:07:43.276,9400,101.6,0.475,0.00
2026-09-30T17:07:43.377,9500,101.4,0.474,0.00
2026-09-30T17:07:43.475,9600,101.5,0.474,0.00
2026-09-30T17:07:43.577,9700,101.6,0.475,0.00
2026-09-30T17:07:43.676,9800,101.6,0.475,0.00
2026-09-30T17:07:43.777,9900,101.4,0.474,0.00
2026-09-30T17:07:43.877,10000,101.4,0.474,0.00
2026-09-30T17:07:43.975,10100,101.6,0.475,0.00
2026-09-30T17:07:44.076,10200,101.6,0.475,0.00
2026-09-30T17:07:44.176,10300,101.5,0.474,0.00
2026-09-30T17:07:44.276,10400,101.6,0.475,0.00
2026-09-30T17:07:44.376,10500,101.5,0.474,0.00
2026-09-30T17:07:44.478,10600,101.4,0.474,0.00
2026-09-30T17:07:44.577,10700,101.3,0.473,0.00
2026-09-30T17:07:44.678,10800,101.6,0.475,0.00
2026-09-30T17:07:44.778,10900,101.3,0.473,0.00
2026-09-30T17:07:44.876,11000,101.5,0.474,0.00
2026-09-30T17:07:44.977,11100,101.6,0.475,0.00
2026-09-30T17:07:45.077,11200,101.6,0.475,0.00
2026-09-30T17:07:45.175,11300,101.4,0.474,0.00
2026-09-30T17:07:45.275,11400,101.4,0.474,0.00
2026-09-30T17:07:45.375,11500,101.7,0.475,0.00
2026-09-30T17:07:45.477,11600,101.8,0.475,0.00
2026-09-30T17:07:45.577,11700,101.7,0.475,0.00
2026-09-30T17:07:45.676,11800,101.8,0.476,0.00
2026-09-30T17:07:45.776,11900,101.6,0.475,0.00
2026-09-30T17:07:45.875,12000,101.8,0.475,0.00
2026-09-30T17:07:45.975,12100,101.6,0.475,0.00
2026-09-30T17:07:46.076,12200,101.8,0.476,0.00
2026-09-30T17:07:46.175,12300,101.5,0.474,0.00
2026-09-30T17:07:46.276,12400,101.6,0.475,0.00
2026-09-30T17:07:46.375,12500,101.7,0.475,0.00
2026-09-30T17:07:46.475,12600,101.4,0.474,0.00
2026-09-30T17:07:46.575,12700,101.6,0.475,0.00
2026-09-30T17:07:46.675,12800,101.3,0.473,0.00
2026-09-30T17:07:46.775,12900,101.8,0.475,0.00
2026-09-30T17:07:46.875,13000,101.6,0.475,0.00
2026-09-30T17:07:46.974,13100,101.3,0.473,0.00
2026-09-30T17:07:47.074,13200,101.4,0.474,0.00
2026-09-30T17:07:47.173,13300,101.3,0.473,0.00
2026-09-30T17:07:47.275,13400,101.8,0.475,0.00
2026-09-30T17:07:47.375,13500,101.6,0.475,0.00
2026-09-30T17:07:47.475,13600,101.8,0.475,0.00
2026-09-30T17:07:47.574,13700,101.7,0.475,0.00
2026-09-30T17:07:47.674,13800,101.6,0.475,0.00
2026-09-30T17:07:47.774,13900,101.6,0.475,0.00
2026-09-30T17:07:47.874,14000,101.3,0.473,0.00
2026-09-30T17:07:47.974,14100,101.4,0.474,0.00
2026-09-30T17:07:48.074,14200,101.5,0.474,0.00
2026-09-30T17:07:48.174,14300,101.6,0.475,0.00
2026-09-30T17:07:48.274,14400,101.5,0.474,0.00
2026-09-30T17:07:48.373,14500,101.9,0.476,0.00
2026-09-30T17:07:48.474,14600,101.5,0.474,0.00
2026-09-30T17:07:48.574,14700,101.5,0.474,0.00
2026-09-30T17:07:48.674,14800,101.4,0.474,0.00
2026-09-30T17:07:48.773,14900,101.8,0.475,0.00
2026-09-30T17:07:48.874,15000,101.7,0.475,0.00
2026-09-30T17:07:48.973,15100,101.8,0.475,0.00
2026-09-30T17:07:49.073,15200,101.7,0.475,0.00
2026-09-30T17:07:49.173,15300,101.3,0.473,0.00
2026-09-30T17:07:49.273,15400,101.5,0.474,0.00
2026-09-30T17:07:49.373,15500,101.5,0.474,0.00
2026-09-30T17:07:49.473,15600,101.7,0.475,0.00
2026-09-30T17:07:49.574,15700,101.6,0.475,0.00
2026-09-30T17:07:49.662,15800,101.7,0.475,0.00
2026-09-30T17:07:49.774,15900,101.8,0.475,0.00
2026-09-30T17:07:49.857,16000,101.9,0.476,0.00
2026-09-30T17:07:49.957,16100,101.7,0.475,0.00
2026-09-30T17:07:50.058,16200,101.5,0.474,0.00
2026-09-30T17:07:50.157,16300,101.7,0.475,0.00
2026-09-30T17:07:50.257,16400,101.6,0.475,0.00
2026-09-30T17:07:50.373,16500,101.5,0.474,0.00
2026-09-30T17:07:50.457,16600,101.6,0.475,0.00
2026-09-30T17:07:50.557,16700,101.7,0.475,0.00
2026-09-30T17:07:50.672,16800,101.9,0.476,0.00
2026-09-30T17:07:50.757,16900,101.6,0.475,0.00
2026-09-30T17:07:50.872,17000,101.7,0.475,0.00
2026-09-30T17:07:50.960,17100,101.7,0.475,0.00
2026-09-30T17:07:51.057,17200,101.8,0.476,0.00
2026-09-30T17:07:51.157,17300,101.6,0.475,0.00
2026-09-30T17:07:51.256,17400,101.9,0.476,0.00
2026-09-30T17:07:51.365,17500,101.6,0.475,0.00
2026-09-30T17:07:51.456,17600,102.0,0.477,0.00
2026-09-30T17:07:51.557,17700,101.8,0.475,0.00
2026-09-30T17:07:51.656,17800,101.5,0.474,0.00
2026-09-30T17:07:51.756,17900,101.9,0.476,0.00
2026-09-30T17:07:51.857,18000,101.8,0.475,0.00
2026-09-30T17:07:51.970,18100,101.8,0.476,0.00
2026-09-30T17:07:52.056,18200,101.8,0.476,0.00
2026-09-30T17:07:52.162,18300,101.7,0.475,0.00
2026-09-30T17:07:52.256,18400,101.8,0.476,0.00
2026-09-30T17:07:52.362,18500,101.7,0.475,0.00
2026-09-30T17:07:52.470,18600,101.6,0.475,0.00
2026-09-30T17:07:52.556,18700,102.0,0.477,0.00
2026-09-30T17:07:52.656,18800,101.7,0.475,0.00
2026-09-30T17:07:52.760,18900,101.7,0.475,0.00
2026-09-30T17:07:52.856,19000,101.8,0.475,0.00
2026-09-30T17:07:52.966,19100,101.9,0.476,0.00
2026-09-30T17:07:53.056,19200,101.8,0.475,0.00
2026-09-30T17:07:53.155,19300,101.6,0.475,0.00
2026-09-30T17:07:53.259,19400,101.8,0.475,0.00
2026-09-30T17:07:53.355,19500,101.8,0.475,0.00
2026-09-30T17:07:53.455,19600,101.7,0.475,0.00
2026-09-30T17:07:53.555,19700,101.9,0.476,0.00
2026-09-30T17:07:53.655,19800,101.7,0.475,0.00
2026-09-30T17:07:53.755,19900,101.9,0.476,0.00
2026-09-30T17:07:53.855,20000,102.0,0.477,0.00
2026-09-30T17:07:53.955,20100,101.9,0.476,0.00
2026-09-30T17:07:54.058,20200,101.9,0.476,0.00
2026-09-30T17:07:54.169,20300,101.5,0.474,0.00
2026-09-30T17:07:54.255,20400,101.6,0.475,0.00
2026-09-30T17:07:54.354,20500,101.4,0.474,0.00
2026-09-30T17:07:54.469,20600,101.5,0.474,0.00
2026-09-30T17:07:54.559,20700,101.8,0.475,0.00
2026-09-30T17:07:54.667,20800,101.8,0.476,0.00
2026-09-30T17:07:54.764,20900,101.6,0.475,0.00
2026-09-30T17:07:54.855,21000,101.7,0.475,0.00
2026-09-30T17:07:54.955,21100,102.0,0.477,0.00
2026-09-30T17:07:55.054,21200,101.6,0.475,0.00
2026-09-30T17:07:55.154,21300,101.4,0.474,0.00
2026-09-30T17:07:55.262,21400,101.8,0.475,0.00
2026-09-30T17:07:55.355,21500,101.7,0.475,0.00
2026-09-30T17:07:55.454,21600,101.6,0.475,0.00
2026-09-30T17:07:55.554,21700,101.8,0.476,0.00
2026-09-30T17:07:55.662,21800,101.9,0.476,0.00
2026-09-30T17:07:55.754,21900,101.5,0.474,0.00
2026-09-30T17:07:55.854,22000,102.0,0.477,0.00
2026-09-30T17:07:55.955,22100,101.9,0.476,0.00
2026-09-30T17:07:56.054,22200,101.8,0.475,0.00
2026-09-30T17:07:56.157,22300,101.9,0.476,0.00
2026-09-30T17:07:56.254,22400,101.7,0.475,0.00
2026-09-30T17:07:56.354,22500,101.7,0.475,0.00
2026-09-30T17:07:56.454,22600,101.6,0.475,0.00
2026-09-30T17:07:56.554,22700,101.9,0.476,0.00
2026-09-30T17:07:56.666,22800,101.7,0.475,0.00
2026-09-30T17:07:56.762,22900,101.8,0.476,0.00
2026-09-30T17:07:56.866,23000,101.9,0.476,0.00
2026-09-30T17:07:56.954,23100,101.8,0.475,0.00
2026-09-30T17:07:57.054,23200,101.6,0.475,0.00
2026-09-30T17:07:57.154,23300,101.5,0.474,0.00
2026-09-30T17:07:57.266,23400,101.9,0.476,0.00
2026-09-30T17:07:57.365,23500,101.6,0.475,0.00
2026-09-30T17:07:57.464,23600,101.8,0.475,0.00
2026-09-30T17:07:57.565,23700,101.8,0.476,0.00
2026-09-30T17:07:57.665,23800,101.8,0.475,0.00
2026-09-30T17:07:57.765,23900,101.4,0.474,0.00
2026-09-30T17:07:57.865,24000,101.8,0.475,0.00
2026-09-30T17:07:57.965,24100,101.8,0.476,0.00
2026-09-30T17:07:58.065,24200,101.6,0.475,0.00
2026-09-30T17:07:58.165,24300,101.7,0.475,0.00
2026-09-30T17:07:58.265,24400,101.7,0.475,0.00
2026-09-30T17:07:58.353,24500,101.9,0.476,0.00
2026-09-30T17:07:58.465,24600,101.8,0.476,0.00
2026-09-30T17:07:58.565,24700,101.5,0.474,0.00
2026-09-30T17:07:58.652,24800,101.7,0.475,0.00
2026-09-30T17:07:58.762,24900,101.4,0.474,0.00
2026-09-30T17:07:58.864,25000,101.7,0.475,0.00
2026-09-30T17:07:58.952,25100,101.9,0.476,0.00
2026-09-30T17:07:59.058,25200,101.7,0.475,0.00
2026-09-30T17:07:59.151,25300,101.8,0.476,0.00
2026-09-30T17:07:59.252,25400,101.5,0.474,0.00
2026-09-30T17:07:59.352,25500,101.8,0.475,0.00
2026-09-30T17:07:59.452,25600,101.9,0.476,0.00
2026-09-30T17:07:59.552,25700,101.8,0.476,0.00
2026-09-30T17:07:59.652,25800,101.8,0.475,0.00
2026-09-30T17:07:59.752,25900,101.9,0.476,0.00
2026-09-30T17:07:59.863,26000,101.9,0.476,0.00
2026-09-30T17:07:59.952,26100,101.8,0.476,0.00
2026-09-30T17:08:00.052,26200,101.5,0.474,0.00
2026-09-30T17:08:00.152,26300,101.8,0.476,0.00
2026-09-30T17:08:00.255,26400,101.7,0.475,0.00
2026-09-30T17:08:00.352,26500,101.6,0.475,0.00
2026-09-30T17:08:00.462,26600,101.7,0.475,0.00
2026-09-30T17:08:00.551,26700,101.8,0.476,0.00
2026-09-30T17:08:00.662,26800,101.6,0.475,0.00
2026-09-30T17:08:00.752,26900,101.4,0.474,0.00
2026-09-30T17:08:00.851,27000,101.9,0.476,0.00
2026-09-30T17:08:00.962,27100,101.8,0.476,0.00
2026-09-30T17:08:01.052,27200,101.7,0.475,0.00
2026-09-30T17:08:01.152,27300,101.8,0.476,0.00
2026-09-30T17:08:01.250,27400,101.6,0.475,0.00
2026-09-30T17:08:01.351,27500,102.0,0.477,0.00
2026-09-30T17:08:01.462,27600,101.7,0.475,0.00
2026-09-30T17:08:01.551,27700,101.6,0.475,0.00
2026-09-30T17:08:01.652,27800,102.0,0.477,0.00
2026-09-30T17:08:01.751,27900,101.5,0.474,0.00
2026-09-30T17:08:01.860,28000,101.7,0.475,0.00
2026-09-30T17:08:01.950,28100,101.8,0.476,0.00
2026-09-30T17:08:02.062,28200,101.4,0.474,0.00
2026-09-30T17:08:02.151,28300,101.6,0.475,0.00
2026-09-30T17:08:02.250,28400,101.6,0.475,0.00
2026-09-30T17:08:02.361,28500,101.5,0.474,0.00
2026-09-30T17:08:02.453,28600,101.7,0.475,0.00
2026-09-30T17:08:02.550,28700,101.8,0.476,0.00
2026-09-30T17:08:02.653,28800,101.7,0.475,0.00
2026-09-30T17:08:02.750,28900,101.7,0.475,0.00
2026-09-30T17:08:02.850,29000,101.8,0.475,0.00
2026-09-30T17:08:02.952,29100,101.9,0.476,0.00
2026-09-30T17:08:03.048,29200,102.0,0.477,0.00
2026-09-30T17:08:03.150,29300,101.9,0.476,0.00
2026-09-30T17:08:03.259,29400,101.7,0.475,0.00
2026-09-30T17:08:03.349,29500,102.0,0.477,0.00
2026-09-30T17:08:03.449,29600,101.6,0.475,0.00
2026-09-30T17:08:03.550,29700,101.7,0.475,0.00
2026-09-30T17:08:03.649,29800,101.8,0.475,0.00
2026-09-30T17:08:03.749,29900,102.0,0.477,0.00
2026-09-30T17:08:03.849,30000,101.8,0.475,0.00
2026-09-30T17:08:03.959,30100,101.8,0.476,0.00
2026-09-30T17:08:04.054,30200,101.8,0.475,0.00
2026-09-30T17:08:04.149,30300,101.6,0.475,0.00
2026-09-30T17:08:04.259,30400,102.1,0.477,0.00
2026-09-30T17:08:04.350,30500,101.9,0.476,0.00
2026-09-30T17:08:04.449,30600,101.9,0.476,0.00
2026-09-30T17:08:04.552,30700,101.9,0.476,0.00
2026-09-30T17:08:04.648,30800,101.8,0.476,0.00
2026-09-30T17:08:04.759,30900,101.8,0.476,0.00
2026-09-30T17:08:04.849,31000,101.6,0.475,0.00
2026-09-30T17:08:04.948,31100,101.7,0.475,0.00
2026-09-30T17:08:05.049,31200,101.7,0.475,0.00
2026-09-30T17:08:05.158,31300,101.8,0.475,0.00
2026-09-30T17:08:05.249,31400,101.8,0.476,0.00
2026-09-30T17:08:05.348,31500,101.7,0.475,0.00
2026-09-30T17:08:05.449,31600,101.7,0.475,0.00
2026-09-30T17:08:05.548,31700,101.8,0.475,0.00
2026-09-30T17:08:05.657,31800,101.6,0.475,0.00
2026-09-30T17:08:05.749,31900,101.5,0.474,0.00
2026-09-30T17:08:05.848,32000,101.7,0.475,0.00
2026-09-30T17:08:05.948,32100,101.6,0.475,0.00
2026-09-30T17:08:06.048,32200,101.6,0.475,0.00
2026-09-30T17:08:06.148,32300,101.6,0.475,0.00
2026-09-30T17:08:06.248,32400,101.9,0.476,0.00
2026-09-30T17:08:06.348,32500,101.8,0.476,0.00
2026-09-30T17:08:06.447,32600,102.0,0.477,0.00
2026-09-30T17:08:06.548,32700,101.8,0.476,0.00
2026-09-30T17:08:06.647,32800,101.9,0.476,0.00
2026-09-30T17:08:06.756,32900,101.8,0.475,0.00
2026-09-30T17:08:06.847,33000,102.0,0.477,0.00
2026-09-30T17:08:06.957,33100,101.8,0.476,0.00
2026-09-30T17:08:07.047,33200,101.6,0.475,0.00
2026-09-30T17:08:07.147,33300,101.6,0.475,0.00
2026-09-30T17:08:07.248,33400,101.8,0.476,0.00
2026-09-30T17:08:07.348,33500,101.9,0.476,0.00
2026-09-30T17:08:07.448,33600,101.8,0.475,0.00
2026-09-30T17:08:07.547,33700,101.6,0.475,0.00
2026-09-30T17:08:07.648,33800,101.6,0.475,0.00
2026-09-30T17:08:07.747,33900,101.9,0.476,0.00
2026-09-30T17:08:07.847,34000,101.8,0.476,0.00
2026-09-30T17:08:07.948,34100,101.8,0.476,0.00
2026-09-30T17:08:08.047,34200,101.4,0.474,0.00
2026-09-30T17:08:08.148,34300,101.8,0.476,0.00
2026-09-30T17:08:08.247,34400,101.7,0.475,0.00
2026-09-30T17:08:08.346,34500,101.7,0.475,0.00
2026-09-30T17:08:08.447,34600,101.8,0.475,0.00
2026-09-30T17:08:08.546,34700,101.4,0.474,0.00
2026-09-30T17:08:08.654,34800,102.0,0.477,0.00
2026-09-30T17:08:08.755,34900,101.6,0.475,0.00
2026-09-30T17:08:08.855,35000,101.8,0.476,0.00
2026-09-30T17:08:08.947,35100,101.8,0.475,0.00
2026-09-30T17:08:09.046,35200,101.8,0.476,0.00
2026-09-30T17:08:09.146,35300,101.4,0.474,0.00
2026-09-30T17:08:09.249,35400,101.9,0.476,0.00
2026-09-30T17:08:09.347,35500,101.9,0.476,0.00
2026-09-30T17:08:09.446,35600,101.8,0.475,0.00
2026-09-30T17:08:09.546,35700,101.8,0.476,0.00
2026-09-30T17:08:09.647,35800,101.6,0.475,0.00
2026-09-30T17:08:09.745,35900,101.7,0.475,0.00
2026-09-30T17:08:09.846,36000,101.6,0.475,0.00
2026-09-30T17:08:09.953,36100,101.8,0.475,0.00
2026-09-30T17:08:10.046,36200,101.6,0.475,0.00
2026-09-30T17:08:10.146,36300,101.6,0.475,0.00
2026-09-30T17:08:10.246,36400,101.7,0.475,0.00
2026-09-30T17:08:10.345,36500,101.8,0.475,0.00
2026-09-30T17:08:10.446,36600,101.5,0.474,0.00
2026-09-30T17:08:10.548,36700,101.7,0.475,0.00
2026-09-30T17:08:10.646,36800,101.6,0.475,0.00
2026-09-30T17:08:10.745,36900,101.8,0.475,0.00
2026-09-30T17:08:10.845,37000,101.8,0.475,0.00
2026-09-30T17:08:10.945,37100,101.6,0.475,0.00
2026-09-30T17:08:11.047,37200,101.6,0.475,0.00
2026-09-30T17:08:11.145,37300,101.6,0.475,0.00
2026-09-30T17:08:11.245,37400,101.8,0.476,0.00
2026-09-30T17:08:11.353,37500,101.7,0.475,0.00
2026-09-30T17:08:11.445,37600,101.8,0.475,0.00
2026-09-30T17:08:11.545,37700,101.6,0.475,0.00
2026-09-30T17:08:11.646,37800,101.7,0.475,0.00
2026-09-30T17:08:11.748,37900,101.7,0.475,0.00
2026-09-30T17:08:11.845,38000,101.8,0.475,0.00
2026-09-30T17:08:11.945,38100,101.6,0.475,0.00
2026-09-30T17:08:12.051,38200,101.8,0.475,0.00
2026-09-30T17:08:12.144,38300,101.8,0.475,0.00
2026-09-30T17:08:12.244,38400,101.5,0.474,0.00
2026-09-30T17:08:12.344,38500,101.7,0.475,0.00
2026-09-30T17:08:12.445,38600,101.7,0.475,0.00
2026-09-30T17:08:12.545,38700,101.7,0.475,0.00
2026-09-30T17:08:12.645,38800,101.6,0.475,0.00
2026-09-30T17:08:12.745,38900,101.9,0.476,0.00
2026-09-30T17:08:12.844,39000,101.6,0.475,0.00
2026-09-30T17:08:12.945,39100,102.1,0.477,0.00
2026-09-30T17:08:13.047,39200,101.7,0.475,0.00
2026-09-30T17:08:13.150,39300,101.4,0.474,0.00
2026-09-30T17:08:13.245,39400,101.6,0.475,0.00
2026-09-30T17:08:13.344,39500,101.8,0.475,0.00
2026-09-30T17:08:13.444,39600,101.4,0.474,0.00
2026-09-30T17:08:13.544,39700,101.9,0.476,0.00
2026-09-30T17:08:13.650,39800,101.7,0.475,0.00
2026-09-30T17:08:13.744,39900,101.6,0.475,0.00
2026-09-30T17:08:13.844,40000,101.8,0.476,0.00
2026-09-30T17:08:13.945,40100,101.6,0.475,0.00
2026-09-30T17:08:14.044,40200,101.8,0.476,0.00
2026-09-30T17:08:14.145,40300,101.8,0.475,0.00
2026-09-30T17:08:14.244,40400,101.7,0.475,0.00
2026-09-30T17:08:14.344,40500,101.4,0.474,0.00
2026-09-30T17:08:14.443,40600,101.6,0.475,0.00
2026-09-30T17:08:14.543,40700,101.6,0.475,0.00
2026-09-30T17:08:14.643,40800,101.6,0.475,0.00
2026-09-30T17:08:14.747,40900,101.8,0.476,0.00
2026-09-30T17:08:14.843,41000,101.7,0.475,0.00
2026-09-30T17:08:14.943,41100,101.9,0.476,0.00
2026-09-30T17:08:15.045,41200,101.6,0.475,0.00
2026-09-30T17:08:15.144,41300,101.7,0.475,0.00
2026-09-30T17:08:15.243,41400,101.9,0.476,0.00
2026-09-30T17:08:15.344,41500,101.9,0.476,0.00
2026-09-30T17:08:15.444,41600,101.8,0.475,0.00
2026-09-30T17:08:15.543,41700,101.5,0.474,0.00
2026-09-30T17:08:15.643,41800,101.9,0.476,0.00
2026-09-30T17:08:15.744,41900,101.9,0.476,0.00
2026-09-30T17:08:15.843,42000,101.8,0.475,0.00
2026-09-30T17:08:15.942,42100,101.7,0.475,0.00
2026-09-30T17:08:16.045,42200,101.8,0.476,0.00
2026-09-30T17:08:16.147,42300,101.6,0.475,0.00
2026-09-30T17:08:16.243,42400,101.7,0.475,0.00
2026-09-30T17:08:16.342,42500,101.9,0.476,0.00
2026-09-30T17:08:16.443,42600,101.8,0.475,0.00
2026-09-30T17:08:16.543,42700,101.8,0.475,0.00
2026-09-30T17:08:16.643,42800,101.4,0.474,0.00
2026-09-30T17:08:16.743,42900,101.7,0.475,0.00
2026-09-30T17:08:16.841,43000,101.6,0.475,0.00
2026-09-30T17:08:16.946,43100,101.6,0.475,0.00
2026-09-30T17:08:17.042,43200,101.7,0.475,0.00
2026-09-30T17:08:17.141,43300,101.7,0.475,0.00
2026-09-30T17:08:17.243,43400,101.8,0.476,0.00
2026-09-30T17:08:17.343,43500,101.9,0.476,0.00
2026-09-30T17:08:17.442,43600,101.5,0.474,0.00
2026-09-30T17:08:17.542,43700,101.6,0.475,0.00
2026-09-30T17:08:17.641,43800,101.6,0.475,0.00
2026-09-30T17:08:17.742,43900,101.9,0.476,0.00
2026-09-30T17:08:17.842,44000,101.7,0.475,0.00
2026-09-30T17:08:17.946,44100,101.7,0.475,0.00
2026-09-30T17:08:18.046,44200,101.7,0.475,0.00
2026-09-30T17:08:18.142,44300,101.6,0.475,0.00
2026-09-30T17:08:18.242,44400,101.9,0.476,0.00
2026-09-30T17:08:18.341,44500,101.6,0.475,0.00
2026-09-30T17:08:18.440,44600,101.6,0.475,0.00
2026-09-30T17:08:18.542,44700,101.6,0.475,0.00
2026-09-30T17:08:18.641,44800,101.6,0.475,0.00
2026-09-30T17:08:18.741,44900,101.5,0.474,0.00
2026-09-30T17:08:18.844,45000,101.7,0.475,0.00
2026-09-30T17:08:18.944,45100,101.8,0.475,0.00
2026-09-30T17:08:19.041,45200,101.7,0.475,0.00
2026-09-30T17:08:19.141,45300,101.8,0.475,0.00
2026-09-30T17:08:19.242,45400,101.6,0.475,0.00
2026-09-30T17:08:19.341,45500,101.6,0.475,0.00
2026-09-30T17:08:19.442,45600,101.9,0.476,0.00
2026-09-30T17:08:19.541,45700,101.4,0.474,0.00
2026-09-30T17:08:19.640,45800,101.9,0.476,0.00
2026-09-30T17:08:19.740,45900,102.1,0.477,0.00
2026-09-30T17:08:19.841,46000,102.0,0.477,0.00
2026-09-30T17:08:19.942,46100,101.8,0.476,0.00
2026-09-30T17:08:20.042,46200,101.8,0.476,0.00
2026-09-30T17:08:20.142,46300,101.4,0.474,0.00
2026-09-30T17:08:20.240,46400,101.9,0.476,0.00
2026-09-30T17:08:20.340,46500,102.1,0.477,0.00
2026-09-30T17:08:20.440,46600,101.6,0.475,0.00
2026-09-30T17:08:20.540,46700,101.5,0.474,0.00
2026-09-30T17:08:20.641,46800,101.7,0.475,0.00
2026-09-30T17:08:20.741,46900,101.9,0.476,0.00
2026-09-30T17:08:20.840,47000,101.7,0.475,0.00
2026-09-30T17:08:20.940,47100,101.7,0.475,0.00
2026-09-30T17:08:21.041,47200,101.5,0.474,0.00
2026-09-30T17:08:21.141,47300,101.6,0.475,0.00
2026-09-30T17:08:21.241,47400,102.0,0.477,0.00
2026-09-30T17:08:21.341,47500,101.9,0.476,0.00
2026-09-30T17:08:21.441,47600,101.8,0.476,0.00
2026-09-30T17:08:21.541,47700,101.7,0.475,0.00
2026-09-30T17:08:21.642,47800,101.8,0.475,0.00
2026-09-30T17:08:21.741,47900,101.9,0.476,0.00
2026-09-30T17:08:21.842,48000,102.1,0.477,0.00
2026-09-30T17:08:21.942,48100,101.8,0.476,0.00
2026-09-30T17:08:22.042,48200,101.5,0.474,0.00
2026-09-30T17:08:22.140,48300,101.6,0.475,0.00
2026-09-30T17:08:22.239,48400,101.7,0.475,0.00
2026-09-30T17:08:22.340,48500,101.6,0.475,0.00
2026-09-30T17:08:22.439,48600,101.7,0.475,0.00
2026-09-30T17:08:22.541,48700,101.8,0.475,0.00
2026-09-30T17:08:22.641,48800,101.8,0.475,0.00
2026-09-30T17:08:22.739,48900,101.9,0.476,0.00
2026-09-30T17:08:22.840,49000,101.6,0.475,0.00
2026-09-30T17:08:22.939,49100,101.6,0.475,0.00
2026-09-30T17:08:23.039,49200,101.5,0.474,0.00
2026-09-30T17:08:23.139,49300,101.6,0.475,0.00
2026-09-30T17:08:23.240,49400,102.1,0.477,0.00
2026-09-30T17:08:23.339,49500,101.8,0.476,0.00
2026-09-30T17:08:23.439,49600,101.8,0.475,0.00
2026-09-30T17:08:23.538,49700,101.8,0.476,0.00
2026-09-30T17:08:23.638,49800,101.7,0.475,0.00
2026-09-30T17:08:23.738,49900,101.9,0.476,0.00
2026-09-30T17:08:23.839,50000,101.8,0.475,0.00
2026-09-30T17:08:23.939,50100,101.6,0.475,0.00
2026-09-30T17:08:24.039,50200,101.6,0.475,0.00
2026-09-30T17:08:24.138,50300,101.8,0.475,0.00
2026-09-30T17:08:24.239,50400,101.8,0.475,0.00
2026-09-30T17:08:24.340,50500,101.6,0.475,0.00
2026-09-30T17:08:24.440,50600,101.6,0.475,0.00
2026-09-30T17:08:24.539,50700,101.8,0.476,0.00
2026-09-30T17:08:24.639,50800,101.6,0.475,0.00
2026-09-30T17:08:24.739,50900,101.9,0.476,0.00
2026-09-30T17:08:24.839,51000,101.6,0.475,0.00
2026-09-30T17:08:24.938,51100,101.5,0.474,0.00
2026-09-30T17:08:25.038,51200,101.7,0.475,0.00
2026-09-30T17:08:25.138,51300,101.7,0.475,0.00
2026-09-30T17:08:25.238,51400,101.9,0.476,0.00
2026-09-30T17:08:25.338,51500,101.8,0.475,0.00
2026-09-30T17:08:25.438,51600,101.8,0.475,0.00
2026-09-30T17:08:25.537,51700,101.8,0.475,0.00
2026-09-30T17:08:25.638,51800,101.8,0.476,0.00
2026-09-30T17:08:25.737,51900,101.4,0.474,0.00
2026-09-30T17:08:25.838,52000,101.8,0.476,0.00
2026-09-30T17:08:25.938,52100,101.5,0.474,0.00
2026-09-30T17:08:26.037,52200,101.5,0.474,0.00
2026-09-30T17:08:26.137,52300,101.8,0.475,0.00
2026-09-30T17:08:26.237,52400,101.9,0.476,0.00
2026-09-30T17:08:26.338,52500,101.8,0.475,0.00
2026-09-30T17:08:26.437,52600,101.6,0.475,0.00
2026-09-30T17:08:26.537,52700,101.6,0.475,0.00
2026-09-30T17:08:26.637,52800,101.9,0.476,0.00
2026-09-30T17:08:26.738,52900,101.6,0.475,0.00
2026-09-30T17:08:26.837,53000,101.6,0.475,0.00
2026-09-30T17:08:26.937,53100,101.5,0.474,0.00
2026-09-30T17:08:27.037,53200,101.9,0.476,0.00
2026-09-30T17:08:27.137,53300,101.6,0.475,0.00
2026-09-30T17:08:27.237,53400,101.7,0.475,0.00
2026-09-30T17:08:27.336,53500,101.8,0.476,0.00
2026-09-30T17:08:27.437,53600,101.9,0.476,0.00
2026-09-30T17:08:27.537,53700,101.6,0.475,0.00
2026-09-30T17:08:27.636,53800,101.7,0.475,0.00
2026-09-30T17:08:27.737,53900,101.7,0.475,0.00
2026-09-30T17:08:27.836,54000,101.5,0.474,0.00
2026-09-30T17:08:27.937,54100,102.0,0.477,0.00
2026-09-30T17:08:28.036,54200,101.6,0.475,0.00
2026-09-30T17:08:28.136,54300,101.6,0.475,0.00
2026-09-30T17:08:28.236,54400,101.7,0.475,0.00
2026-09-30T17:08:28.330,54500,101.6,0.475,0.00
2026-09-30T17:08:28.436,54600,101.4,0.474,0.00
2026-09-30T17:08:28.535,54700,101.6,0.475,0.00
2026-09-30T17:08:28.636,54800,101.5,0.474,0.00
2026-09-30T17:08:28.736,54900,101.9,0.476,0.00
2026-09-30T17:08:28.820,55000,101.4,0.474,0.00
2026-09-30T17:08:28.921,55100,101.9,0.476,0.00
2026-09-30T17:08:29.035,55200,101.5,0.474,0.00
2026-09-30T17:08:29.134,55300,101.9,0.476,0.00
2026-09-30T17:08:29.224,55400,101.8,0.476,0.00
2026-09-30T17:08:29.335,55500,101.9,0.476,0.00
2026-09-30T17:08:29.427,55600,101.7,0.475,0.00
2026-09-30T17:08:29.534,55700,101.7,0.475,0.00
2026-09-30T17:08:29.635,55800,101.9,0.476,0.00
2026-09-30T17:08:29.734,55900,101.6,0.475,0.00
2026-09-30T17:08:29.822,56000,101.8,0.475,0.00
2026-09-30T17:08:29.929,56100,101.6,0.475,0.00
2026-09-30T17:08:30.023,56200,101.6,0.475,0.00
2026-09-30T17:08:30.135,56300,101.6,0.475,0.00
2026-09-30T17:08:30.219,56400,101.8,0.476,0.00
2026-09-30T17:08:30.319,56500,101.8,0.476,0.00
2026-09-30T17:08:30.419,56600,101.3,0.473,0.00
2026-09-30T17:08:30.522,56700,101.8,0.475,0.00
2026-09-30T17:08:30.634,56800,101.6,0.475,0.00
2026-09-30T17:08:30.731,56900,101.9,0.476,0.00
2026-09-30T17:08:30.833,57000,101.8,0.475,0.00
2026-09-30T17:08:30.919,57100,101.8,0.475,0.00
2026-09-30T17:08:31.019,57200,101.9,0.476,0.00
2026-09-30T17:08:31.134,57300,101.7,0.475,0.00
2026-09-30T17:08:31.219,57400,101.8,0.476,0.00
2026-09-30T17:08:31.319,57500,101.4,0.474,0.00
2026-09-30T17:08:31.419,57600,101.9,0.476,0.00
2026-09-30T17:08:31.518,57700,101.7,0.475,0.00
2026-09-30T17:08:31.618,57800,102.1,0.477,0.00
2026-09-30T17:08:31.719,57900,101.8,0.476,0.00
2026-09-30T17:08:31.818,58000,101.8,0.476,0.00
2026-09-30T17:08:31.918,58100,101.6,0.475,0.00
2026-09-30T17:08:32.019,58200,101.7,0.475,0.00
2026-09-30T17:08:32.118,58300,101.5,0.474,0.00
2026-09-30T17:08:32.233,58400,101.6,0.475,0.00
2026-09-30T17:08:32.318,58500,101.6,0.475,0.00
2026-09-30T17:08:32.419,58600,101.6,0.475,0.00
2026-09-30T17:08:32.519,58700,101.6,0.475,0.00
2026-09-30T17:08:32.618,58800,101.9,0.476,0.00
2026-09-30T17:08:32.731,58900,101.9,0.476,0.00
2026-09-30T17:08:32.818,59000,101.8,0.476,0.00
2026-09-30T17:08:32.931,59100,101.7,0.475,0.00
2026-09-30T17:08:33.018,59200,101.8,0.476,0.00
2026-09-30T17:08:33.118,59300,101.9,0.476,0.00
2026-09-30T17:08:33.218,59400,101.9,0.476,0.00
2026-09-30T17:08:33.323,59500,101.9,0.476,0.00
2026-09-30T17:08:33.417,59600,101.9,0.476,0.00
2026-09-30T17:08:33.518,59700,101.7,0.475,0.00
2026-09-30T17:08:33.617,59800,101.9,0.476,0.00
2026-09-30T17:08:33.717,59900,101.6,0.475,0.00
2026-09-30T17:08:33.818,60000,101.9,0.476,0.00
2026-09-30T17:08:33.917,60100,101.7,0.475,0.00
2026-09-30T17:08:34.017,60200,101.8,0.475,0.00
2026-09-30T17:08:34.117,60300,101.7,0.475,0.00
2026-09-30T17:08:34.217,60400,102.0,0.477,0.00
2026-09-30T17:08:34.316,60500,101.8,0.476,0.00
2026-09-30T17:08:34.430,60600,101.8,0.476,0.00
2026-09-30T17:08:34.517,60700,101.7,0.475,0.00
2026-09-30T17:08:34.617,60800,101.9,0.476,0.00
2026-09-30T17:08:34.717,60900,101.8,0.475,0.00
2026-09-30T17:08:34.816,61000,101.8,0.475,0.00
2026-09-30T17:08:34.929,61100,101.6,0.475,0.00
2026-09-30T17:08:35.029,61200,101.8,0.476,0.00
2026-09-30T17:08:35.117,61300,102.0,0.477,0.00
2026-09-30T17:08:35.227,61400,101.6,0.475,0.00
2026-09-30T17:08:35.317,61500,101.8,0.476,0.00
2026-09-30T17:08:35.429,61600,101.7,0.475,0.00
2026-09-30T17:08:35.516,61700,101.7,0.475,0.00
2026-09-30T17:08:35.620,61800,101.7,0.475,0.00
2026-09-30T17:08:35.729,61900,101.6,0.475,0.00
2026-09-30T17:08:35.816,62000,101.7,0.475,0.00
2026-09-30T17:08:35.916,62100,101.6,0.475,0.00
2026-09-30T17:08:36.029,62200,101.8,0.475,0.00
2026-09-30T17:08:36.116,62300,101.4,0.474,0.00
2026-09-30T17:08:36.216,62400,101.9,0.476,0.00
2026-09-30T17:08:36.316,62500,101.6,0.475,0.00
2026-09-30T17:08:36.416,62600,101.7,0.475,0.00
2026-09-30T17:08:36.516,62700,101.7,0.475,0.00
2026-09-30T17:08:36.616,62800,101.9,0.476,0.00
2026-09-30T17:08:36.716,62900,101.8,0.476,0.00
2026-09-30T17:08:36.816,63000,101.7,0.475,0.00
2026-09-30T17:08:36.916,63100,101.8,0.475,0.00
2026-09-30T17:08:37.016,63200,101.8,0.476,0.00
2026-09-30T17:08:37.116,63300,101.9,0.476,0.00
2026-09-30T17:08:37.216,63400,101.6,0.475,0.00
2026-09-30T17:08:37.326,63500,101.8,0.476,0.00
2026-09-30T17:08:37.414,63600,101.9,0.476,0.00
2026-09-30T17:08:37.523,63700,101.6,0.475,0.00
2026-09-30T17:08:37.627,63800,101.6,0.475,0.00
2026-09-30T17:08:37.716,63900,101.9,0.476,0.00
2026-09-30T17:08:37.816,64000,101.4,0.474,0.00
2026-09-30T17:08:37.915,64100,101.7,0.475,0.00
2026-09-30T17:08:38.026,64200,101.9,0.476,0.00
2026-09-30T17:08:38.126,64300,101.6,0.475,0.00
2026-09-30T17:08:38.216,64400,101.6,0.475,0.00
2026-09-30T17:08:38.314,64500,101.6,0.475,0.00
2026-09-30T17:08:38.415,64600,101.8,0.475,0.00
2026-09-30T17:08:38.514,64700,101.8,0.475,0.00
2026-09-30T17:08:38.626,64800,101.9,0.476,0.00
2026-09-30T17:08:38.715,64900,102.1,0.477,0.00
2026-09-30T17:08:38.825,65000,101.8,0.475,0.00
2026-09-30T17:08:38.915,65100,101.6,0.475,0.00
2026-09-30T17:08:39.025,65200,101.6,0.475,0.00
2026-09-30T17:08:39.115,65300,101.6,0.475,0.00
2026-09-30T17:08:39.221,65400,101.5,0.474,0.00
2026-09-30T17:08:39.325,65500,101.8,0.475,0.00
2026-09-30T17:08:39.415,65600,101.7,0.475,0.00
2026-09-30T17:08:39.515,65700,101.6,0.475,0.00
2026-09-30T17:08:39.614,65800,101.8,0.475,0.00
2026-09-30T17:08:39.715,65900,102.0,0.477,0.00
2026-09-30T17:08:39.819,66000,101.6,0.475,0.00
2026-09-30T17:08:39.914,66100,101.4,0.474,0.00
2026-09-30T17:08:40.014,66200,101.6,0.475,0.00
2026-09-30T17:08:40.114,66300,101.9,0.476,0.00
2026-09-30T17:08:40.214,66400,101.8,0.475,0.00
2026-09-30T17:08:40.324,66500,101.8,0.475,0.00
2026-09-30T17:08:40.414,66600,101.8,0.475,0.00
2026-09-30T17:08:40.514,66700,101.7,0.475,0.00
2026-09-30T17:08:40.614,66800,101.9,0.476,0.00
2026-09-30T17:08:40.712,66900,101.8,0.476,0.00
2026-09-30T17:08:40.814,67000,101.7,0.475,0.00
2026-09-30T17:08:40.913,67100,101.9,0.476,0.00
2026-09-30T17:08:41.012,67200,101.9,0.476,0.00
2026-09-30T17:08:41.123,67300,101.7,0.475,0.00
2026-09-30T17:08:41.213,67400,101.9,0.476,0.00
2026-09-30T17:08:41.323,67500,101.7,0.475,0.00
2026-09-30T17:08:41.413,67600,101.6,0.475,0.00
2026-09-30T17:08:41.513,67700,101.7,0.475,0.00
2026-09-30T17:08:41.615,67800,101.6,0.475,0.00
2026-09-30T17:08:41.713,67900,101.8,0.475,0.00
2026-09-30T17:08:41.813,68000,101.6,0.475,0.00
2026-09-30T17:08:41.913,68100,101.7,0.475,0.00
2026-09-30T17:08:42.022,68200,101.9,0.476,0.00
2026-09-30T17:08:42.123,68300,101.9,0.476,0.00
2026-09-30T17:08:42.222,68400,101.8,0.476,0.00
2026-09-30T17:08:42.311,68500,101.7,0.475,0.00
2026-09-30T17:08:42.422,68600,101.7,0.475,0.00
2026-09-30T17:08:42.516,68700,101.4,0.474,0.00
2026-09-30T17:08:42.622,68800,101.9,0.476,0.00
2026-09-30T17:08:42.722,68900,101.9,0.476,0.00
2026-09-30T17:08:42.812,69000,101.8,0.476,0.00
2026-09-30T17:08:42.913,69100,101.8,0.475,0.00
2026-09-30T17:08:43.012,69200,101.6,0.475,0.00
2026-09-30T17:08:43.112,69300,101.6,0.475,0.00
2026-09-30T17:08:43.212,69400,101.4,0.474,0.00
2026-09-30T17:08:43.322,69500,101.7,0.475,0.00
2026-09-30T17:08:43.413,69600,101.8,0.475,0.00
2026-09-30T17:08:43.512,69700,101.8,0.476,0.00
2026-09-30T17:08:43.612,69800,101.8,0.476,0.00
2026-09-30T17:08:43.712,69900,101.9,0.476,0.00
2026-09-30T17:08:43.812,70000,101.7,0.475,0.00
2026-09-30T17:08:43.912,70100,101.5,0.474,0.00
2026-09-30T17:08:44.020,70200,101.8,0.475,0.00
2026-09-30T17:08:44.112,70300,101.6,0.475,0.00
2026-09-30T17:08:44.212,70400,101.7,0.475,0.00
2026-09-30T17:08:44.313,70500,101.8,0.475,0.00
2026-09-30T17:08:44.413,70600,101.6,0.475,0.00
2026-09-30T17:08:44.513,70700,101.6,0.475,0.00
2026-09-30T17:08:44.613,70800,101.8,0.476,0.00
2026-09-30T17:08:44.713,70900,101.9,0.476,0.00
2026-09-30T17:08:44.813,71000,101.8,0.475,0.00
2026-09-30T17:08:44.920,71100,101.6,0.475,0.00
2026-09-30T17:08:45.020,71200,101.9,0.476,0.00
2026-09-30T17:08:45.120,71300,101.8,0.475,0.00
2026-09-30T17:08:45.220,71400,101.8,0.476,0.00
2026-09-30T17:08:45.320,71500,102.0,0.477,0.00
2026-09-30T17:08:45.412,71600,101.5,0.474,0.00
2026-09-30T17:08:45.510,71700,101.5,0.474,0.00
2026-09-30T17:08:45.610,71800,101.6,0.475,0.00
2026-09-30T17:08:45.710,71900,101.7,0.475,0.00
2026-09-30T17:08:45.810,72000,101.6,0.475,0.00
2026-09-30T17:08:45.911,72100,101.7,0.475,0.00
2026-09-30T17:08:46.017,72200,101.6,0.475,0.00
2026-09-30T17:08:46.110,72300,101.9,0.476,0.00
2026-09-30T17:08:46.210,72400,101.5,0.474,0.00
2026-09-30T17:08:46.310,72500,101.8,0.475,0.00
2026-09-30T17:08:46.410,72600,101.4,0.474,0.00
2026-09-30T17:08:46.509,72700,101.9,0.476,0.00
2026-09-30T17:08:46.611,72800,101.8,0.475,0.00
2026-09-30T17:08:46.717,72900,101.4,0.474,0.00
2026-09-30T17:08:46.810,73000,101.6,0.475,0.00
2026-09-30T17:08:46.910,73100,101.7,0.475,0.00
2026-09-30T17:08:47.011,73200,101.6,0.475,0.00
2026-09-30T17:08:47.109,73300,101.4,0.474,0.00
2026-09-30T17:08:47.209,73400,101.8,0.475,0.00
2026-09-30T17:08:47.309,73500,101.8,0.475,0.00
2026-09-30T17:08:47.410,73600,101.8,0.475,0.00
2026-09-30T17:08:47.510,73700,101.9,0.476,0.00
2026-09-30T17:08:47.609,73800,101.4,0.474,0.00
2026-09-30T17:08:47.709,73900,101.9,0.476,0.00
2026-09-30T17:08:47.809,74000,101.6,0.475,0.00
2026-09-30T17:08:47.910,74100,101.7,0.475,0.00
2026-09-30T17:08:48.009,74200,101.8,0.476,0.00
2026-09-30T17:08:48.115,74300,101.6,0.475,0.00
2026-09-30T17:08:48.217,74400,101.7,0.475,0.00
2026-09-30T17:08:48.310,74500,101.8,0.476,0.00
2026-09-30T17:08:48.412,74600,101.8,0.476,0.00
2026-09-30T17:08:48.508,74700,102.0,0.477,0.00
2026-09-30T17:08:48.616,74800,101.5,0.474,0.00
2026-09-30T17:08:48.709,74900,101.6,0.475,0.00
2026-09-30T17:08:48.808,75000,101.8,0.475,0.00
2026-09-30T17:08:48.908,75100,101.5,0.474,0.00
2026-09-30T17:08:49.009,75200,101.6,0.475,0.00
2026-09-30T17:08:49.109,75300,101.8,0.475,0.00
2026-09-30T17:08:49.215,75400,101.8,0.475,0.00
2026-09-30T17:08:49.309,75500,101.6,0.475,0.00
2026-09-30T17:08:49.408,75600,101.9,0.476,0.00
2026-09-30T17:08:49.511,75700,101.8,0.476,0.00
2026-09-30T17:08:49.611,75800,101.8,0.475,0.00
2026-09-30T17:08:49.707,75900,101.8,0.475,0.00
2026-09-30T17:08:49.809,76000,101.6,0.475,0.00
2026-09-30T17:08:49.908,76100,101.6,0.475,0.00
2026-09-30T17:08:50.008,76200,101.7,0.475,0.00
2026-09-30T17:08:50.107,76300,101.7,0.475,0.00
2026-09-30T17:08:50.215,76400,101.9,0.476,0.00
2026-09-30T17:08:50.308,76500,101.7,0.475,0.00
2026-09-30T17:08:50.407,76600,101.6,0.475,0.00
2026-09-30T17:08:50.508,76700,101.9,0.476,0.00
2026-09-30T17:08:50.608,76800,101.7,0.475,0.00
2026-09-30T17:08:50.707,76900,101.5,0.474,0.00
2026-09-30T17:08:50.814,77000,101.8,0.476,0.00
2026-09-30T17:08:50.910,77100,101.6,0.475,0.00
2026-09-30T17:08:51.010,77200,101.8,0.475,0.00
2026-09-30T17:08:51.107,77300,101.9,0.476,0.00
2026-09-30T17:08:51.207,77400,101.7,0.475,0.00
2026-09-30T17:08:51.307,77500,101.6,0.475,0.00
2026-09-30T17:08:51.407,77600,101.5,0.474,0.00
2026-09-30T17:08:51.508,77700,101.8,0.475,0.00
2026-09-30T17:08:51.607,77800,101.8,0.475,0.00
2026-09-30T17:08:51.707,77900,101.7,0.475,0.00
2026-09-30T17:08:51.807,78000,101.8,0.475,0.00
2026-09-30T17:08:51.908,78100,101.5,0.474,0.00
2026-09-30T17:08:52.007,78200,101.6,0.475,0.00
2026-09-30T17:08:52.106,78300,101.8,0.475,0.00
2026-09-30T17:08:52.207,78400,101.8,0.476,0.00
2026-09-30T17:08:52.308,78500,101.8,0.476,0.00
2026-09-30T17:08:52.412,78600,101.5,0.474,0.00
2026-09-30T17:08:52.508,78700,101.6,0.475,0.00
2026-09-30T17:08:52.606,78800,101.8,0.475,0.00
2026-09-30T17:08:52.706,78900,101.6,0.475,0.00
2026-09-30T17:08:52.806,79000,101.5,0.474,0.00
2026-09-30T17:08:52.907,79100,101.6,0.475,0.00
2026-09-30T17:08:53.006,79200,102.0,0.477,0.00
2026-09-30T17:08:53.106,79300,101.9,0.476,0.00
2026-09-30T17:08:53.206,79400,101.6,0.475,0.00
2026-09-30T17:08:53.311,79500,101.8,0.475,0.00
2026-09-30T17:08:53.409,79600,101.6,0.475,0.00
2026-09-30T17:08:53.507,79700,101.7,0.475,0.00
2026-09-30T17:08:53.610,79800,101.8,0.476,0.00
2026-09-30T17:08:53.706,79900,101.5,0.474,0.00
2026-09-30T17:08:53.807,80000,101.7,0.475,0.00
2026-09-30T17:08:53.910,80100,101.9,0.476,0.00
2026-09-30T17:08:54.007,80200,101.7,0.475,0.00
2026-09-30T17:08:54.106,80300,101.8,0.476,0.00
2026-09-30T17:08:54.206,80400,101.6,0.475,0.00
2026-09-30T17:08:54.310,80500,101.8,0.475,0.00
2026-09-30T17:08:54.410,80600,101.5,0.474,0.00
2026-09-30T17:08:54.506,80700,101.9,0.476,0.00
2026-09-30T17:08:54.605,80800,101.8,0.476,0.00
2026-09-30T17:08:54.706,80900,101.8,0.476,0.00
2026-09-30T17:08:54.806,81000,101.7,0.475,0.00
2026-09-30T17:08:54.905,81100,101.8,0.475,0.00
2026-09-30T17:08:55.004,81200,101.8,0.475,0.00
2026-09-30T17:08:55.106,81300,101.8,0.476,0.00
2026-09-30T17:08:55.205,81400,101.4,0.474,0.00
2026-09-30T17:08:55.305,81500,101.5,0.474,0.00
2026-09-30T17:08:55.407,81600,101.5,0.474,0.00
2026-09-30T17:08:55.510,81700,101.6,0.475,0.00
2026-09-30T17:08:55.605,81800,101.9,0.476,0.00
2026-09-30T17:08:55.709,81900,101.9,0.476,0.00
2026-09-30T17:08:55.805,82000,101.5,0.474,0.00
2026-09-30T17:08:55.905,82100,101.6,0.475,0.00
2026-09-30T17:08:56.009,82200,101.7,0.475,0.00
2026-09-30T17:08:56.109,82300,101.7,0.475,0.00
2026-09-30T17:08:56.205,82400,102.1,0.477,0.00
2026-09-30T17:08:56.304,82500,101.5,0.474,0.00
2026-09-30T17:08:56.409,82600,101.7,0.475,0.00
2026-09-30T17:08:56.505,82700,101.6,0.475,0.00
2026-09-30T17:08:56.604,82800,101.7,0.475,0.00
2026-09-30T17:08:56.704,82900,101.6,0.475,0.00
2026-09-30T17:08:56.805,83000,101.6,0.475,0.00
2026-09-30T17:08:56.904,83100,101.8,0.475,0.00
2026-09-30T17:08:57.005,83200,101.7,0.475,0.00
2026-09-30T17:08:57.108,83300,101.8,0.475,0.00
2026-09-30T17:08:57.204,83400,101.6,0.475,0.00
2026-09-30T17:08:57.304,83500,101.7,0.475,0.00
2026-09-30T17:08:57.404,83600,101.7,0.475,0.00
2026-09-30T17:08:57.503,83700,101.9,0.476,0.00
2026-09-30T17:08:57.607,83800,101.7,0.475,0.00
2026-09-30T17:08:57.704,83900,101.6,0.475,0.00
2026-09-30T17:08:57.804,84000,101.5,0.474,0.00
2026-09-30T17:08:57.904,84100,101.6,0.475,0.00
2026-09-30T17:08:58.004,84200,101.6,0.475,0.00
2026-09-30T17:08:58.104,84300,101.8,0.475,0.00
2026-09-30T17:08:58.203,84400,101.8,0.475,0.00
2026-09-30T17:08:58.303,84500,101.5,0.474,0.00
2026-09-30T17:08:58.403,84600,101.5,0.474,0.00
2026-09-30T17:08:58.503,84700,101.6,0.475,0.00
2026-09-30T17:08:58.604,84800,101.8,0.475,0.00
2026-09-30T17:08:58.704,84900,101.9,0.476,0.00
2026-09-30T17:08:58.806,85000,101.6,0.475,0.00
2026-09-30T17:08:58.903,85100,101.6,0.475,0.00
2026-09-30T17:08:59.003,85200,101.6,0.475,0.00
2026-09-30T17:08:59.104,85300,101.8,0.475,0.00
2026-09-30T17:08:59.206,85400,102.0,0.477,0.00
2026-09-30T17:08:59.304,85500,101.7,0.475,0.00
2026-09-30T17:08:59.403,85600,101.8,0.475,0.00
2026-09-30T17:08:59.503,85700,102.0,0.477,0.00
2026-09-30T17:08:59.603,85800,101.8,0.476,0.00
2026-09-30T17:08:59.703,85900,101.8,0.475,0.00
2026-09-30T17:08:59.805,86000,101.9,0.476,0.00
2026-09-30T17:08:59.902,86100,101.5,0.474,0.00
2026-09-30T17:09:00.005,86200,101.3,0.473,0.00
2026-09-30T17:09:00.102,86300,101.4,0.474,0.00
2026-09-30T17:09:00.202,86400,101.6,0.475,0.00
2026-09-30T17:09:00.301,86500,101.5,0.474,0.00
2026-09-30T17:09:00.402,86600,101.5,0.474,0.00
2026-09-30T17:09:00.503,86700,101.6,0.475,0.00
2026-09-30T17:09:00.603,86800,101.7,0.475,0.00
2026-09-30T17:09:00.703,86900,101.4,0.474,0.00
2026-09-30T17:09:00.805,87000,101.6,0.475,0.00
2026-09-30T17:09:00.902,87100,101.8,0.475,0.00
2026-09-30T17:09:01.002,87200,101.7,0.475,0.00
2026-09-30T17:09:01.102,87300,101.7,0.475,0.00
2026-09-30T17:09:01.202,87400,101.6,0.475,0.00
2026-09-30T17:09:01.304,87500,101.8,0.475,0.00
2026-09-30T17:09:01.403,87600,101.5,0.474,0.00
2026-09-30T17:09:01.503,87700,101.7,0.475,0.00
2026-09-30T17:09:01.602,87800,101.7,0.475,0.00
2026-09-30T17:09:01.701,87900,101.6,0.475,0.00
2026-09-30T17:09:01.801,88000,101.6,0.475,0.00
2026-09-30T17:09:01.900,88100,101.3,0.473,0.00
2026-09-30T17:09:02.003,88200,101.9,0.476,0.00
2026-09-30T17:09:02.102,88300,101.5,0.474,0.00
2026-09-30T17:09:02.201,88400,101.6,0.475,0.00
2026-09-30T17:09:02.301,88500,101.5,0.474,0.00
2026-09-30T17:09:02.403,88600,101.6,0.475,0.00
2026-09-30T17:09:02.504,88700,101.5,0.474,0.00
2026-09-30T17:09:02.601,88800,101.5,0.474,0.00
2026-09-30T17:09:02.701,88900,101.5,0.474,0.00
2026-09-30T17:09:02.801,89000,101.6,0.475,0.00
2026-09-30T17:09:02.903,89100,101.7,0.475,0.00
2026-09-30T17:09:03.001,89200,101.6,0.475,0.00
2026-09-30T17:09:03.102,89300,101.6,0.475,0.00
2026-09-30T17:09:03.201,89400,101.7,0.475,0.00
2026-09-30T17:09:03.301,89500,101.5,0.474,0.00
2026-09-30T17:09:03.401,89600,101.5,0.474,0.00
2026-09-30T17:09:03.501,89700,101.9,0.476,0.00
2026-09-30T17:09:03.601,89800,101.6,0.475,0.00
2026-09-30T17:09:03.701,89900,101.8,0.476,0.00
2026-09-30T17:09:03.800,90000,101.6,0.475,0.00
2026-09-30T17:09:03.901,90100,101.5,0.474,0.00
2026-09-30T17:09:04.000,90200,101.9,0.476,0.00
2026-09-30T17:09:04.102,90300,101.3,0.473,0.00
2026-09-30T17:09:04.200,90400,101.8,0.475,0.00
2026-09-30T17:09:04.296,90500,101.4,0.474,0.00
2026-09-30T17:09:04.401,90600,101.5,0.474,0.00
2026-09-30T17:09:04.501,90700,101.9,0.476,0.00
2026-09-30T17:09:04.600,90800,101.6,0.475,0.00
2026-09-30T17:09:04.700,90900,101.3,0.473,0.00
2026-09-30T17:09:04.800,91000,101.6,0.475,0.00
2026-09-30T17:09:04.901,91100,101.9,0.476,0.00
2026-09-30T17:09:05.000,91200,101.5,0.474,0.00
2026-09-30T17:09:05.100,91300,101.5,0.474,0.00
2026-09-30T17:09:05.200,91400,101.7,0.475,0.00
2026-09-30T17:09:05.299,91500,101.9,0.476,0.00
2026-09-30T17:09:05.400,91600,101.5,0.474,0.00
2026-09-30T17:09:05.500,91700,102.1,0.477,0.00
2026-09-30T17:09:05.598,91800,101.8,0.476,0.00
2026-09-30T17:09:05.700,91900,101.7,0.475,0.00
2026-09-30T17:09:05.799,92000,101.7,0.475,0.00
2026-09-30T17:09:05.884,92100,101.8,0.475,0.00
2026-09-30T17:09:05.999,92200,101.9,0.476,0.00
2026-09-30T17:09:06.100,92300,101.6,0.475,0.00
2026-09-30T17:09:06.199,92400,101.6,0.475,0.00
2026-09-30T17:09:06.299,92500,101.7,0.475,0.00
2026-09-30T17:09:06.399,92600,101.8,0.475,0.00
2026-09-30T17:09:06.499,92700,102.1,0.477,0.00
2026-09-30T17:09:06.598,92800,101.4,0.474,0.00
2026-09-30T17:09:06.699,92900,101.8,0.475,0.00
2026-09-30T17:09:06.799,93000,101.8,0.475,0.00
2026-09-30T17:09:06.883,93100,101.7,0.475,0.00
2026-09-30T17:09:06.999,93200,101.6,0.475,0.00
2026-09-30T17:09:07.099,93300,101.6,0.475,0.00
2026-09-30T17:09:07.198,93400,101.4,0.474,0.00
2026-09-30T17:09:07.283,93500,101.8,0.476,0.00
2026-09-30T17:09:07.383,93600,101.9,0.476,0.00
2026-09-30T17:09:07.483,93700,101.5,0.474,0.00
2026-09-30T17:09:07.591,93800,101.6,0.475,0.00
2026-09-30T17:09:07.697,93900,101.4,0.474,0.00
2026-09-30T17:09:07.782,94000,101.6,0.475,0.00
2026-09-30T17:09:07.883,94100,101.6,0.475,0.00
2026-09-30T17:09:07.983,94200,101.6,0.475,0.00
2026-09-30T17:09:08.083,94300,101.5,0.474,0.00
2026-09-30T17:09:08.183,94400,101.4,0.474,0.00
2026-09-30T17:09:08.298,94500,101.8,0.475,0.00
2026-09-30T17:09:08.383,94600,101.3,0.473,0.00
2026-09-30T17:09:08.483,94700,101.4,0.474,0.00
2026-09-30T17:09:08.598,94800,101.8,0.476,0.00
2026-09-30T17:09:08.682,94900,101.5,0.474,0.00
2026-09-30T17:09:08.797,95000,101.4,0.474,0.00
2026-09-30T17:09:08.893,95100,102.0,0.477,0.00
2026-09-30T17:09:08.995,95200,101.6,0.475,0.00
2026-09-30T17:09:09.082,95300,101.6,0.475,0.00
2026-09-30T17:09:09.183,95400,101.9,0.476,0.00
2026-09-30T17:09:09.297,95500,101.7,0.475,0.00
2026-09-30T17:09:09.383,95600,101.7,0.475,0.00
2026-09-30T17:09:09.483,95700,101.8,0.475,0.00
2026-09-30T17:09:09.583,95800,101.7,0.475,0.00
2026-09-30T17:09:09.685,95900,101.8,0.476,0.00
2026-09-30T17:09:09.783,96000,102.0,0.477,0.00
2026-09-30T17:09:09.883,96100,101.7,0.475,0.00
2026-09-30T17:09:09.983,96200,101.8,0.476,0.00
2026-09-30T17:09:10.083,96300,101.7,0.475,0.00
2026-09-30T17:09:10.183,96400,101.5,0.474,0.00
2026-09-30T17:09:10.283,96500,102.0,0.477,0.00
2026-09-30T17:09:10.383,96600,101.6,0.475,0.00
2026-09-30T17:09:10.483,96700,101.6,0.475,0.00
2026-09-30T17:09:10.583,96800,101.5,0.474,0.00
2026-09-30T17:09:10.683,96900,101.7,0.475,0.00
2026-09-30T17:09:10.783,97000,101.8,0.475,0.00
2026-09-30T17:09:10.895,97100,101.8,0.475,0.00
2026-09-30T17:09:10.985,97200,101.6,0.475,0.00
2026-09-30T17:09:11.085,97300,101.6,0.475,0.00
2026-09-30T17:09:11.186,97400,101.6,0.475,0.00
2026-09-30T17:09:11.286,97500,101.7,0.475,0.00
2026-09-30T17:09:11.386,97600,101.7,0.475,0.00
2026-09-30T17:09:11.487,97700,101.6,0.475,0.00
2026-09-30T17:09:11.586,97800,101.6,0.475,0.00
2026-09-30T17:09:11.686,97900,101.6,0.475,0.00
2026-09-30T17:09:11.786,98000,102.1,0.477,0.00
2026-09-30T17:09:11.892,98100,101.6,0.475,0.00
2026-09-30T17:09:11.994,98200,101.5,0.474,0.00
2026-09-30T17:09:12.091,98300,101.6,0.475,0.00
2026-09-30T17:09:12.191,98400,101.8,0.476,0.00
2026-09-30T17:09:12.291,98500,101.8,0.475,0.00
2026-09-30T17:09:12.391,98600,101.6,0.475,0.00
2026-09-30T17:09:12.492,98700,101.6,0.475,0.00
2026-09-30T17:09:12.593,98800,101.9,0.476,0.00
2026-09-30T17:09:12.692,98900,101.6,0.475,0.00
2026-09-30T17:09:12.792,99000,101.9,0.476,0.00
2026-09-30T17:09:12.891,99100,101.6,0.475,0.00
2026-09-30T17:09:12.993,99200,101.6,0.475,0.00
2026-09-30T17:09:13.092,99300,101.4,0.474,0.00
2026-09-30T17:09:13.192,99400,101.8,0.476,0.00
2026-09-30T17:09:13.292,99500,101.7,0.475,0.00
2026-09-30T17:09:13.393,99600,101.7,0.475,0.00
2026-09-30T17:09:13.493,99700,101.4,0.474,0.00
2026-09-30T17:09:13.580,99800,101.6,0.475,0.00
2026-09-30T17:09:13.693,99900,101.8,0.475,0.00
2026-09-30T17:09:13.792,100000,101.9,0.476,0.00
2026-09-30T17:09:13.879,100100,101.9,0.476,0.00
2026-09-30T17:09:13.992,100200,101.6,0.475,0.00
2026-09-30T17:09:14.092,100300,101.9,0.476,0.00
2026-09-30T17:09:14.191,100400,101.9,0.476,0.00
2026-09-30T17:09:14.280,100500,102.0,0.477,0.00
2026-09-30T17:09:14.379,100600,101.9,0.476,0.00
2026-09-30T17:09:14.491,100700,101.5,0.474,0.00
2026-09-30T17:09:14.591,100800,101.7,0.475,0.00
2026-09-30T17:09:14.691,100900,101.7,0.475,0.00
2026-09-30T17:09:14.779,101000,101.9,0.476,0.00
2026-09-30T17:09:14.879,101100,101.6,0.475,0.00
2026-09-30T17:09:14.979,101200,101.6,0.475,0.00
2026-09-30T17:09:15.079,101300,101.8,0.475,0.00
2026-09-30T17:09:15.179,101400,101.8,0.475,0.00
2026-09-30T17:09:15.279,101500,101.9,0.476,0.00
2026-09-30T17:09:15.379,101600,101.8,0.476,0.00
2026-09-30T17:09:15.479,101700,101.6,0.475,0.00
2026-09-30T17:09:15.578,101800,101.6,0.475,0.00
2026-09-30T17:09:15.678,101900,101.6,0.475,0.00
2026-09-30T17:09:15.778,102000,101.8,0.475,0.00
2026-09-30T17:09:15.878,102100,101.6,0.475,0.00
2026-09-30T17:09:15.979,102200,101.8,0.475,0.00
2026-09-30T17:09:16.078,102300,101.7,0.475,0.00
2026-09-30T17:09:16.177,102400,101.8,0.476,0.00
2026-09-30T17:09:16.289,102500,101.7,0.475,0.00
2026-09-30T17:09:16.379,102600,101.7,0.475,0.00
2026-09-30T17:09:16.478,102700,101.8,0.475,0.00
2026-09-30T17:09:16.578,102800,101.9,0.476,0.00
2026-09-30T17:09:16.678,102900,102.1,0.477,0.00
2026-09-30T17:09:16.778,103000,101.6,0.475,0.00
2026-09-30T17:09:16.878,103100,101.5,0.474,0.00
2026-09-30T17:09:16.978,103200,101.6,0.475,0.00
2026-09-30T17:09:17.078,103300,101.8,0.475,0.00
2026-09-30T17:09:17.177,103400,101.6,0.475,0.00
2026-09-30T17:09:17.278,103500,101.7,0.475,0.00
2026-09-30T17:09:17.378,103600,101.6,0.475,0.00
2026-09-30T17:09:17.478,103700,101.8,0.475,0.00
2026-09-30T17:09:17.577,103800,101.8,0.475,0.00
2026-09-30T17:09:17.677,103900,101.6,0.475,0.00
2026-09-30T17:09:17.777,104000,101.8,0.475,0.00
2026-09-30T17:09:17.888,104100,101.4,0.474,0.00
2026-09-30T17:09:17.977,104200,101.5,0.474,0.00
2026-09-30T17:09:18.078,104300,101.6,0.475,0.00
2026-09-30T17:09:18.176,104400,101.7,0.475,0.00
2026-09-30T17:09:18.277,104500,101.8,0.476,0.00
2026-09-30T17:09:18.388,104600,101.6,0.475,0.00
2026-09-30T17:09:18.478,104700,101.4,0.474,0.00
2026-09-30T17:09:18.577,104800,101.4,0.474,0.00
2026-09-30T17:09:18.676,104900,101.6,0.475,0.00
2026-09-30T17:09:18.778,105000,101.9,0.476,0.00
2026-09-30T17:09:18.876,105100,101.8,0.475,0.00
2026-09-30T17:09:18.977,105200,101.6,0.475,0.00
2026-09-30T17:09:19.077,105300,101.8,0.476,0.00
2026-09-30T17:09:19.177,105400,101.8,0.475,0.00
2026-09-30T17:09:19.276,105500,101.6,0.475,0.00
2026-09-30T17:09:19.386,105600,101.4,0.474,0.00
2026-09-30T17:09:19.477,105700,101.7,0.475,0.00
2026-09-30T17:09:19.576,105800,101.7,0.475,0.00
2026-09-30T17:09:19.686,105900,101.9,0.476,0.00
2026-09-30T17:09:19.776,106000,101.6,0.475,0.00
2026-09-30T17:09:19.877,106100,101.5,0.474,0.00
2026-09-30T17:09:19.976,106200,101.5,0.474,0.00
2026-09-30T17:09:20.075,106300,101.9,0.476,0.00
2026-09-30T17:09:20.186,106400,101.8,0.475,0.00
2026-09-30T17:09:20.286,106500,101.8,0.476,0.00
2026-09-30T17:09:20.376,106600,101.6,0.475,0.00
2026-09-30T17:09:20.476,106700,101.6,0.475,0.00
2026-09-30T17:09:20.575,106800,101.8,0.476,0.00
2026-09-30T17:09:20.685,106900,101.8,0.476,0.00
2026-09-30T17:09:20.776,107000,101.4,0.474,0.00
2026-09-30T17:09:20.876,107100,101.6,0.475,0.00
2026-09-30T17:09:20.974,107200,101.6,0.475,0.00
2026-09-30T17:09:21.085,107300,101.7,0.475,0.00
2026-09-30T17:09:21.175,107400,101.6,0.475,0.00
2026-09-30T17:09:21.274,107500,101.4,0.474,0.00
2026-09-30T17:09:21.385,107600,101.4,0.474,0.00
2026-09-30T17:09:21.475,107700,101.7,0.475,0.00
2026-09-30T17:09:21.585,107800,101.7,0.475,0.00
2026-09-30T17:09:21.678,107900,101.6,0.475,0.00
2026-09-30T17:09:21.774,108000,101.6,0.475,0.00
2026-09-30T17:09:21.875,108100,101.6,0.475,0.00
2026-09-30T17:09:21.975,108200,101.7,0.475,0.00
2026-09-30T17:09:22.076,108300,101.6,0.475,0.00
2026-09-30T17:09:22.180,108400,101.7,0.475,0.00
2026-09-30T17:09:22.285,108500,101.2,0.473,0.00
2026-09-30T17:09:22.375,108600,101.4,0.474,0.00
2026-09-30T17:09:22.482,108700,101.6,0.475,0.00
2026-09-30T17:09:22.573,108800,101.7,0.475,0.00
2026-09-30T17:09:22.675,108900,101.7,0.475,0.00
2026-09-30T17:09:22.774,109000,101.7,0.475,0.00
2026-09-30T17:09:22.874,109100,101.6,0.475,0.00
2026-09-30T17:09:22.973,109200,101.6,0.475,0.00
2026-09-30T17:09:23.083,109300,101.3,0.473,0.00
2026-09-30T17:09:23.174,109400,101.6,0.475,0.00
2026-09-30T17:09:23.274,109500,101.4,0.474,0.00
2026-09-30T17:09:23.373,109600,101.6,0.475,0.00
2026-09-30T17:09:23.474,109700,101.5,0.474,0.00
2026-09-30T17:09:23.574,109800,101.4,0.474,0.00
2026-09-30T17:09:23.674,109900,101.6,0.475,0.00
2026-09-30T17:09:23.774,110000,101.6,0.475,0.00
2026-09-30T17:09:23.874,110100,101.6,0.475,0.00
2026-09-30T17:09:23.976,110200,101.7,0.475,0.00
2026-09-30T17:09:24.073,110300,101.9,0.476,0.00
2026-09-30T17:09:24.173,110400,101.5,0.474,0.00
2026-09-30T17:09:24.273,110500,101.4,0.474,0.00
2026-09-30T17:09:24.374,110600,101.5,0.474,0.00
2026-09-30T17:09:24.473,110700,101.9,0.476,0.00
2026-09-30T17:09:24.576,110800,101.6,0.475,0.00
2026-09-30T17:09:24.673,110900,101.6,0.475,0.00
2026-09-30T17:09:24.774,111000,101.7,0.475,0.00
2026-09-30T17:09:24.873,111100,101.8,0.475,0.00
2026-09-30T17:09:24.978,111200,101.6,0.475,0.00
2026-09-30T17:09:25.073,111300,101.7,0.475,0.00
2026-09-30T17:09:25.174,111400,101.4,0.474,0.00
2026-09-30T17:09:25.274,111500,101.5,0.474,0.00
2026-09-30T17:09:25.372,111600,101.6,0.475,0.00
2026-09-30T17:09:25.478,111700,101.7,0.475,0.00
2026-09-30T17:09:25.578,111800,101.9,0.476,0.00
2026-09-30T17:09:25.680,111900,101.6,0.475,0.00
2026-09-30T17:09:25.772,112000,101.3,0.473,0.00
2026-09-30T17:09:25.872,112100,101.5,0.474,0.00
2026-09-30T17:09:25.973,112200,101.5,0.474,0.00
2026-09-30T17:09:26.073,112300,101.6,0.475,0.00
2026-09-30T17:09:26.173,112400,101.4,0.474,0.00
2026-09-30T17:09:26.272,112500,101.7,0.475,0.00
2026-09-30T17:09:26.373,112600,101.6,0.475,0.00
2026-09-30T17:09:26.473,112700,101.6,0.475,0.00
2026-09-30T17:09:26.573,112800,101.4,0.474,0.00
2026-09-30T17:09:26.673,112900,101.6,0.475,0.00
2026-09-30T17:09:26.780,113000,101.6,0.475,0.00
2026-09-30T17:09:26.871,113100,101.9,0.476,0.00
2026-09-30T17:09:26.973,113200,101.7,0.475,0.00
2026-09-30T17:09:27.071,113300,101.8,0.476,0.00
2026-09-30T17:09:27.172,113400,101.4,0.474,0.00
2026-09-30T17:09:27.272,113500,101.8,0.475,0.00
2026-09-30T17:09:27.379,113600,101.4,0.474,0.00
2026-09-30T17:09:27.474,113700,101.6,0.475,0.00
2026-09-30T17:09:27.578,113800,101.5,0.474,0.00
2026-09-30T17:09:27.671,113900,101.8,0.475,0.00
2026-09-30T17:09:27.771,114000,101.5,0.474,0.00
2026-09-30T17:09:27.870,114100,101.8,0.475,0.00
2026-09-30T17:09:27.971,114200,101.8,0.476,0.00
2026-09-30T17:09:28.072,114300,101.6,0.475,0.00
2026-09-30T17:09:28.172,114400,101.6,0.475,0.00
2026-09-30T17:09:28.271,114500,101.6,0.475,0.00
2026-09-30T17:09:28.379,114600,101.6,0.475,0.00
2026-09-30T17:09:28.472,114700,101.5,0.474,0.00
2026-09-30T17:09:28.571,114800,101.4,0.474,0.00
2026-09-30T17:09:28.671,114900,101.8,0.476,0.00
2026-09-30T17:09:28.774,115000,101.6,0.475,0.00
2026-09-30T17:09:28.872,115100,101.4,0.474,0.00
2026-09-30T17:09:28.975,115200,101.4,0.474,0.00
2026-09-30T17:09:29.071,115300,101.7,0.475,0.00
2026-09-30T17:09:29.171,115400,101.6,0.475,0.00
2026-09-30T17:09:29.271,115500,101.6,0.475,0.00
2026-09-30T17:09:29.371,115600,101.5,0.474,0.00
2026-09-30T17:09:29.471,115700,101.6,0.475,0.00
2026-09-30T17:09:29.571,115800,101.6,0.475,0.00
2026-09-30T17:09:29.670,115900,102.0,0.477,0.00
2026-09-30T17:09:29.771,116000,103.0,0.481,0.00
2026-09-30T17:09:29.870,116100,103.9,0.486,0.00
2026-09-30T17:09:29.976,116200,104.6,0.489,0.00
2026-09-30T17:09:30.071,116300,105.2,0.491,0.00
2026-09-30T17:09:30.170,116400,105.9,0.495,0.00
2026-09-30T17:09:30.271,116500,106.4,0.497,0.00
2026-09-30T17:09:30.373,116600,106.8,0.499,0.00
2026-09-30T17:09:30.471,116700,107.1,0.501,0.01
2026-09-30T17:09:30.571,116800,107.6,0.503,0.06
2026-09-30T17:09:30.673,116900,107.8,0.504,0.09
2026-09-30T17:09:30.771,117000,108.0,0.505,0.12
2026-09-30T17:09:30.872,117100,107.9,0.504,0.11
2026-09-30T17:09:30.970,117200,108.1,0.505,0.12
2026-09-30T17:09:31.070,117300,108.6,0.507,0.18
2026-09-30T17:09:31.169,117400,108.8,0.508,0.20
2026-09-30T17:09:31.270,117500,109.1,0.510,0.24
2026-09-30T17:09:31.370,117600,108.9,0.509,0.23
2026-09-30T17:09:31.470,117700,109.6,0.512,0.30
2026-09-30T17:09:31.569,117800,109.8,0.513,0.33
2026-09-30T17:09:31.669,117900,109.8,0.513,0.33
2026-09-30T17:09:31.769,118000,110.1,0.514,0.36
2026-09-30T17:09:31.869,118100,110.6,0.517,0.42
2026-09-30T17:09:31.969,118200,110.8,0.517,0.44
2026-09-30T17:09:32.075,118300,111.1,0.519,0.47
2026-09-30T17:09:32.168,118400,111.4,0.521,0.52
2026-09-30T17:09:32.269,118500,111.6,0.521,0.53
2026-09-30T17:09:32.370,118600,111.8,0.522,0.56
2026-09-30T17:09:32.474,118700,112.2,0.524,0.60
2026-09-30T17:09:32.574,118800,112.3,0.525,0.62
2026-09-30T17:09:32.669,118900,112.6,0.526,0.66
2026-09-30T17:09:32.769,119000,113.0,0.528,0.70
2026-09-30T17:09:32.874,119100,113.7,0.531,0.78
2026-09-30T17:09:32.969,119200,114.1,0.533,0.82
2026-09-30T17:09:33.068,119300,114.2,0.534,0.84
2026-09-30T17:09:33.167,119400,114.7,0.536,0.90
2026-09-30T17:09:33.268,119500,114.9,0.537,0.93
2026-09-30T17:09:33.368,119600,115.4,0.539,0.98
2026-09-30T17:09:33.468,119700,115.8,0.541,1.03
2026-09-30T17:09:33.569,119800,116.1,0.542,1.06
2026-09-30T17:09:33.673,119900,116.6,0.545,1.12
2026-09-30T17:09:33.768,120000,116.7,0.545,1.13
2026-09-30T17:09:33.869,120100,117.3,0.548,1.20
2026-09-30T17:09:33.969,120200,117.8,0.550,1.25
2026-09-30T17:09:34.073,120300,118.2,0.552,1.31
2026-09-30T17:09:34.168,120400,118.5,0.554,1.34
2026-09-30T17:09:34.269,120500,118.8,0.555,1.37
2026-09-30T17:09:34.368,120600,119.1,0.556,1.41
2026-09-30T17:09:34.468,120700,119.8,0.560,1.50
2026-09-30T17:09:34.568,120800,119.9,0.560,1.51
2026-09-30T17:09:34.667,120900,120.4,0.563,1.57
2026-09-30T17:09:34.766,121000,121.2,0.566,1.66
2026-09-30T17:09:34.868,121100,122.2,0.571,1.77
2026-09-30T17:09:34.967,121200,123.1,0.575,1.88
2026-09-30T17:09:35.069,121300,123.8,0.578,1.96
2026-09-30T17:09:35.167,121400,124.9,0.583,2.09
2026-09-30T17:09:35.267,121500,125.3,0.586,2.14
2026-09-30T17:09:35.370,121600,126.1,0.589,2.23
2026-09-30T17:09:35.468,121700,126.6,0.591,2.28
2026-09-30T17:09:35.567,121800,127.4,0.595,2.38
2026-09-30T17:09:35.667,121900,127.8,0.597,2.43
2026-09-30T17:09:35.769,122000,128.3,0.600,2.49
2026-09-30T17:09:35.868,122100,128.6,0.601,2.52
2026-09-30T17:09:35.968,122200,128.8,0.602,2.54
2026-09-30T17:09:36.071,122300,129.0,0.603,2.57
2026-09-30T17:09:36.167,122400,129.3,0.604,2.61
2026-09-30T17:09:36.267,122500,129.2,0.604,2.59
2026-09-30T17:09:36.370,122600,129.6,0.606,2.64
2026-09-30T17:09:36.468,122700,129.8,0.606,2.66
2026-09-30T17:09:36.570,122800,130.0,0.607,2.69
2026-09-30T17:09:36.667,122900,130.2,0.608,2.71
2026-09-30T17:09:36.767,123000,130.4,0.609,2.74
2026-09-30T17:09:36.868,123100,130.5,0.610,2.74
2026-09-30T17:09:36.967,123200,130.9,0.612,2.80
2026-09-30T17:09:37.066,123300,131.0,0.612,2.80
2026-09-30T17:09:37.166,123400,131.4,0.614,2.85
2026-09-30T17:09:37.266,123500,131.6,0.615,2.88
2026-09-30T17:09:37.367,123600,132.1,0.617,2.93
2026-09-30T17:09:37.467,123700,132.3,0.618,2.96
2026-09-30T17:09:37.567,123800,132.1,0.617,2.93
2026-09-30T17:09:37.667,123900,132.9,0.621,3.02
2026-09-30T17:09:37.766,124000,132.9,0.621,3.02
2026-09-30T17:09:37.866,124100,133.4,0.623,3.09
2026-09-30T17:09:37.969,124200,133.4,0.623,3.09
2026-09-30T17:09:38.069,124300,133.8,0.625,3.12
2026-09-30T17:09:38.167,124400,133.9,0.626,3.14
2026-09-30T17:09:38.266,124500,134.4,0.628,3.20
2026-09-30T17:09:38.366,124600,134.4,0.628,3.20
2026-09-30T17:09:38.465,124700,134.6,0.629,3.23
2026-09-30T17:09:38.565,124800,134.8,0.630,3.24
2026-09-30T17:09:38.666,124900,135.1,0.631,3.28
2026-09-30T17:09:38.765,125000,135.4,0.633,3.31
2026-09-30T17:09:38.866,125100,135.1,0.631,3.28
2026-09-30T17:09:38.968,125200,135.4,0.633,3.32
2026-09-30T17:09:39.066,125300,135.6,0.634,3.34
2026-09-30T17:09:39.165,125400,136.0,0.635,3.39
2026-09-30T17:09:39.265,125500,136.0,0.635,3.39
2026-09-30T17:09:39.365,125600,136.0,0.635,3.39
2026-09-30T17:09:39.466,125700,136.1,0.636,3.40
2026-09-30T17:09:39.567,125800,136.1,0.636,3.40
2026-09-30T17:09:39.665,125900,136.4,0.637,3.43
2026-09-30T17:09:39.765,126000,136.5,0.638,3.45
2026-09-30T17:09:39.866,126100,136.6,0.638,3.46
2026-09-30T17:09:39.965,126200,136.6,0.638,3.45
2026-09-30T17:09:40.066,126300,136.8,0.639,3.47
2026-09-30T17:09:40.166,126400,136.8,0.639,3.48
2026-09-30T17:09:40.266,126500,137.1,0.640,3.51
2026-09-30T17:09:40.366,126600,137.0,0.640,3.50
2026-09-30T17:09:40.466,126700,137.3,0.642,3.54
2026-09-30T17:09:40.566,126800,137.4,0.642,3.55
2026-09-30T17:09:40.666,126900,137.4,0.642,3.55
2026-09-30T17:09:40.766,127000,137.8,0.644,3.59
2026-09-30T17:09:40.866,127100,138.0,0.645,3.62
2026-09-30T17:09:40.964,127200,138.1,0.645,3.63
2026-09-30T17:09:41.066,127300,138.1,0.645,3.63
2026-09-30T17:09:41.167,127400,138.4,0.647,3.66
2026-09-30T17:09:41.264,127500,138.5,0.647,3.68
2026-09-30T17:09:41.367,127600,138.6,0.647,3.69
2026-09-30T17:09:41.466,127700,138.9,0.649,3.73
2026-09-30T17:09:41.564,127800,138.8,0.649,3.72
2026-09-30T17:09:41.663,127900,138.7,0.648,3.70
2026-09-30T17:09:41.765,128000,138.9,0.649,3.73
2026-09-30T17:09:41.864,128100,139.2,0.650,3.76
2026-09-30T17:09:41.964,128200,139.2,0.650,3.76
2026-09-30T17:09:42.064,128300,139.3,0.651,3.77
2026-09-30T17:09:42.164,128400,139.4,0.652,3.79
2026-09-30T17:09:42.264,128500,139.3,0.651,3.77
2026-09-30T17:09:42.364,128600,139.6,0.652,3.80
2026-09-30T17:09:42.464,128700,139.8,0.653,3.82
2026-09-30T17:09:42.563,128800,140.1,0.654,3.86
2026-09-30T17:09:42.664,128900,140.1,0.654,3.86
2026-09-30T17:09:42.764,129000,140.1,0.654,3.86
2026-09-30T17:09:42.863,129100,139.8,0.653,3.82
2026-09-30T17:09:42.964,129200,140.1,0.655,3.87
2026-09-30T17:09:43.063,129300,140.2,0.655,3.88
2026-09-30T17:09:43.163,129400,140.0,0.654,3.85
2026-09-30T17:09:43.263,129500,140.1,0.654,3.86
2026-09-30T17:09:43.364,129600,140.1,0.655,3.87
2026-09-30T17:09:43.463,129700,140.4,0.656,3.90
2026-09-30T17:09:43.563,129800,140.1,0.654,3.86
2026-09-30T17:09:43.664,129900,140.3,0.655,3.88
2026-09-30T17:09:43.762,130000,140.3,0.655,3.88
2026-09-30T17:09:43.863,130100,140.4,0.656,3.90
2026-09-30T17:09:43.963,130200,140.6,0.657,3.92
2026-09-30T17:09:44.063,130300,140.6,0.657,3.92
2026-09-30T17:09:44.163,130400,140.4,0.656,3.90
2026-09-30T17:09:44.263,130500,140.5,0.656,3.91
2026-09-30T17:09:44.362,130600,140.8,0.658,3.94
2026-09-30T17:09:44.462,130700,140.6,0.657,3.92
2026-09-30T17:09:44.563,130800,140.6,0.657,3.93
2026-09-30T17:09:44.662,130900,140.8,0.658,3.94
2026-09-30T17:09:44.763,131000,140.8,0.658,3.94
2026-09-30T17:09:44.863,131100,140.7,0.657,3.93
2026-09-30T17:09:44.946,131200,140.8,0.658,3.94
2026-09-30T17:09:45.062,131300,140.6,0.657,3.92
2026-09-30T17:09:45.162,131400,140.8,0.658,3.94
2026-09-30T17:09:45.246,131500,140.9,0.658,3.96
2026-09-30T17:09:45.361,131600,140.9,0.658,3.96
2026-09-30T17:09:45.463,131700,140.8,0.658,3.94
2026-09-30T17:09:45.546,131800,140.8,0.658,3.95
2026-09-30T17:09:45.661,131900,140.6,0.657,3.93
2026-09-30T17:09:45.762,132000,140.9,0.658,3.96
2026-09-30T17:09:45.861,132100,141.1,0.659,3.98
2026-09-30T17:09:45.961,132200,140.9,0.659,3.96
2026-09-30T17:09:46.062,132300,141.1,0.659,3.98
2026-09-30T17:09:46.157,132400,140.9,0.659,3.96
2026-09-30T17:09:46.261,132500,140.8,0.658,3.94
2026-09-30T17:09:46.346,132600,141.0,0.659,3.97
2026-09-30T17:09:46.461,132700,141.2,0.660,3.99
2026-09-30T17:09:46.546,132800,141.2,0.660,3.99
2026-09-30T17:09:46.646,132900,141.1,0.659,3.98
2026-09-30T17:09:46.746,133000,141.4,0.661,4.01
2026-09-30T17:09:46.859,133100,141.2,0.660,3.99
2026-09-30T17:09:46.954,133200,141.5,0.661,4.03
2026-09-30T17:09:47.046,133300,141.3,0.660,4.01
2026-09-30T17:09:47.146,133400,141.2,0.660,3.99
2026-09-30T17:09:47.261,133500,141.5,0.661,4.03
2026-09-30T17:09:47.346,133600,141.4,0.661,4.01
2026-09-30T17:09:47.460,133700,141.3,0.660,4.01
2026-09-30T17:09:47.546,133800,141.3,0.660,4.01
2026-09-30T17:09:47.645,133900,141.3,0.660,4.01
2026-09-30T17:09:47.745,134000,141.4,0.661,4.02
2026-09-30T17:09:47.846,134100,141.3,0.660,4.00
2026-09-30T17:09:47.945,134200,141.3,0.660,4.01
2026-09-30T17:09:48.045,134300,141.4,0.661,4.01
2026-09-30T17:09:48.144,134400,141.4,0.661,4.02
2026-09-30T17:09:48.247,134500,141.6,0.661,4.04
2026-09-30T17:09:48.345,134600,141.6,0.661,4.04
2026-09-30T17:09:48.444,134700,141.4,0.661,4.02
2026-09-30T17:09:48.545,134800,141.5,0.661,4.03
2026-09-30T17:09:48.645,134900,141.4,0.661,4.02
2026-09-30T17:09:48.744,135000,141.7,0.662,4.05
2026-09-30T17:09:48.845,135100,141.6,0.661,4.04
2026-09-30T17:09:48.954,135200,141.4,0.661,4.01
2026-09-30T17:09:49.049,135300,141.3,0.660,4.01
2026-09-30T17:09:49.144,135400,141.6,0.661,4.04
2026-09-30T17:09:49.245,135500,141.5,0.661,4.03
2026-09-30T17:09:49.344,135600,141.4,0.661,4.01
2026-09-30T17:09:49.445,135700,141.6,0.661,4.04
2026-09-30T17:09:49.557,135800,141.6,0.661,4.04
2026-09-30T17:09:49.644,135900,141.9,0.663,4.07
2026-09-30T17:09:49.744,136000,141.4,0.661,4.02
2026-09-30T17:09:49.844,136100,141.6,0.661,4.04
2026-09-30T17:09:49.948,136200,141.8,0.662,4.06
2026-09-30T17:09:50.044,136300,141.8,0.663,4.07
2026-09-30T17:09:50.158,136400,141.8,0.662,4.06
2026-09-30T17:09:50.244,136500,141.6,0.662,4.04
2026-09-30T17:09:50.344,136600,141.8,0.662,4.06
2026-09-30T17:09:50.443,136700,141.8,0.663,4.07
2026-09-30T17:09:50.543,136800,141.6,0.662,4.04
2026-09-30T17:09:50.646,136900,141.9,0.663,4.07
2026-09-30T17:09:50.757,137000,141.8,0.663,4.07
2026-09-30T17:09:50.844,137100,141.8,0.663,4.07
2026-09-30T17:09:50.944,137200,141.8,0.662,4.06
2026-09-30T17:09:51.043,137300,141.9,0.663,4.07
2026-09-30T17:09:51.156,137400,141.8,0.662,4.06
2026-09-30T17:09:51.256,137500,141.9,0.663,4.08
2026-09-30T17:09:51.356,137600,141.9,0.663,4.07
2026-09-30T17:09:51.443,137700,141.6,0.661,4.04
2026-09-30T17:09:51.543,137800,141.6,0.661,4.04
2026-09-30T17:09:51.643,137900,142.1,0.664,4.09
2026-09-30T17:09:51.756,138000,141.6,0.661,4.04
2026-09-30T17:09:51.844,138100,141.8,0.662,4.06
2026-09-30T17:09:51.943,138200,142.0,0.663,4.09
2026-09-30T17:09:52.043,138300,141.8,0.663,4.07
2026-09-30T17:09:52.143,138400,141.8,0.663,4.07
2026-09-30T17:09:52.242,138500,141.9,0.663,4.07
2026-09-30T17:09:52.355,138600,141.7,0.662,4.05
2026-09-30T17:09:52.442,138700,141.9,0.663,4.07
2026-09-30T17:09:52.555,138800,142.1,0.664,4.09
2026-09-30T17:09:52.653,138900,141.6,0.662,4.04
2026-09-30T17:09:52.755,139000,141.5,0.661,4.03
2026-09-30T17:09:52.842,139100,141.6,0.662,4.04
2026-09-30T17:09:52.942,139200,141.7,0.662,4.05
2026-09-30T17:09:53.055,139300,141.8,0.663,4.07
2026-09-30T17:09:53.143,139400,141.7,0.662,4.05
2026-09-30T17:09:53.242,139500,141.8,0.662,4.06
2026-09-30T17:09:53.342,139600,141.7,0.662,4.05
2026-09-30T17:09:53.445,139700,141.6,0.662,4.04
2026-09-30T17:09:53.542,139800,141.6,0.662,4.04
2026-09-30T17:09:53.642,139900,141.7,0.662,4.05
2026-09-30T17:09:53.742,140000,141.7,0.662,4.05
2026-09-30T17:09:53.842,140100,141.6,0.662,4.04
2026-09-30T17:09:53.954,140200,141.6,0.662,4.04
2026-09-30T17:09:54.052,140300,141.4,0.661,4.01
2026-09-30T17:09:54.141,140400,141.6,0.662,4.04
2026-09-30T17:09:54.241,140500,141.8,0.663,4.07
2026-09-30T17:09:54.352,140600,141.7,0.662,4.05
2026-09-30T17:09:54.454,140700,141.4,0.661,4.01
2026-09-30T17:09:54.541,140800,141.8,0.662,4.06
2026-09-30T17:09:54.641,140900,141.6,0.662,4.04
2026-09-30T17:09:54.741,141000,141.7,0.662,4.05
2026-09-30T17:09:54.841,141100,141.6,0.662,4.04
2026-09-30T17:09:54.942,141200,141.3,0.660,4.01
2026-09-30T17:09:55.043,141300,141.6,0.662,4.04
2026-09-30T17:09:55.141,141400,141.5,0.661,4.03
2026-09-30T17:09:55.240,141500,141.8,0.663,4.07
2026-09-30T17:09:55.341,141600,141.4,0.661,4.02
2026-09-30T17:09:55.452,141700,141.6,0.661,4.04
2026-09-30T17:09:55.541,141800,141.7,0.662,4.05
2026-09-30T17:09:55.651,141900,141.7,0.662,4.05
2026-09-30T17:09:55.741,142000,141.6,0.662,4.04
2026-09-30T17:09:55.850,142100,141.7,0.662,4.05
2026-09-30T17:09:55.952,142200,141.6,0.662,4.04
2026-09-30T17:09:56.044,142300,141.6,0.662,4.04
2026-09-30T17:09:56.141,142400,141.7,0.662,4.05
2026-09-30T17:09:56.241,142500,141.3,0.660,4.01
2026-09-30T17:09:56.340,142600,141.5,0.661,4.03
2026-09-30T17:09:56.440,142700,141.4,0.661,4.02
2026-09-30T17:09:56.540,142800,141.7,0.662,4.05
2026-09-30T17:09:56.640,142900,141.6,0.661,4.04
2026-09-30T17:09:56.740,143000,141.3,0.660,4.01
2026-09-30T17:09:56.840,143100,141.5,0.661,4.03
2026-09-30T17:09:56.940,143200,141.5,0.661,4.03
2026-09-30T17:09:57.042,143300,141.4,0.661,4.02
2026-09-30T17:09:57.151,143400,141.6,0.661,4.04
2026-09-30T17:09:57.240,143500,141.6,0.661,4.04
2026-09-30T17:09:57.340,143600,141.5,0.661,4.03
2026-09-30T17:09:57.441,143700,141.4,0.661,4.02
2026-09-30T17:09:57.545,143800,141.5,0.661,4.03
2026-09-30T17:09:57.650,143900,141.5,0.661,4.03
2026-09-30T17:09:57.740,144000,141.6,0.662,4.04
2026-09-30T17:09:57.840,144100,141.4,0.661,4.01
2026-09-30T17:09:57.939,144200,141.6,0.661,4.04
2026-09-30T17:09:58.049,144300,141.6,0.662,4.04
2026-09-30T17:09:58.139,144400,141.5,0.661,4.03
2026-09-30T17:09:58.238,144500,141.3,0.660,4.00
2026-09-30T17:09:58.349,144600,141.4,0.661,4.02
2026-09-30T17:09:58.439,144700,141.3,0.660,4.01
2026-09-30T17:09:58.538,144800,141.4,0.661,4.02
2026-09-30T17:09:58.649,144900,141.3,0.660,4.01
2026-09-30T17:09:58.739,145000,141.4,0.661,4.01
2026-09-30T17:09:58.839,145100,141.3,0.660,4.00
2026-09-30T17:09:58.939,145200,141.5,0.661,4.03
2026-09-30T17:09:59.039,145300,141.6,0.661,4.04
2026-09-30T17:09:59.137,145400,141.4,0.661,4.02
2026-09-30T17:09:59.248,145500,141.4,0.661,4.02
2026-09-30T17:09:59.338,145600,141.5,0.661,4.03
2026-09-30T17:09:59.449,145700,141.7,0.662,4.05
2026-09-30T17:09:59.538,145800,141.3,0.660,4.00
2026-09-30T17:09:59.648,145900,141.6,0.661,4.04
2026-09-30T17:09:59.739,146000,142.3,0.665,4.12
2026-09-30T17:09:59.838,146100,143.9,0.672,4.31
2026-09-30T17:09:59.937,146200,145.7,0.681,4.52
2026-09-30T17:10:00.048,146300,147.3,0.688,4.71
2026-09-30T17:10:00.147,146400,148.4,0.694,4.84
2026-09-30T17:10:00.239,146500,149.3,0.697,4.93
2026-09-30T17:10:00.338,146600,150.0,0.701,5.02
2026-09-30T17:10:00.448,146700,150.6,0.704,5.09
2026-09-30T17:10:00.537,146800,151.4,0.707,5.18
2026-09-30T17:10:00.638,146900,152.0,0.710,5.26
2026-09-30T17:10:00.738,147000,152.3,0.712,5.29
2026-09-30T17:10:00.837,147100,153.0,0.715,5.37
2026-09-30T17:10:00.947,147200,153.1,0.715,5.38
2026-09-30T17:10:01.047,147300,153.2,0.716,5.39
2026-09-30T17:10:01.138,147400,153.8,0.719,5.47
2026-09-30T17:10:01.238,147500,154.1,0.720,5.50
2026-09-30T17:10:01.346,147600,154.8,0.723,5.58
2026-09-30T17:10:01.437,147700,156.0,0.729,5.72
2026-09-30T17:10:01.537,147800,156.9,0.733,5.83
2026-09-30T17:10:01.637,147900,157.9,0.738,5.94
2026-09-30T17:10:01.742,148000,159.1,0.743,6.08
2026-09-30T17:10:01.836,148100,160.2,0.748,6.21
2026-09-30T17:10:01.937,148200,160.9,0.752,6.30
2026-09-30T17:10:02.046,148300,161.9,0.756,6.41
2026-09-30T17:10:02.137,148400,162.9,0.761,6.53
2026-09-30T17:10:02.236,148500,164.0,0.766,6.66
2026-09-30T17:10:02.337,148600,164.9,0.770,6.76
2026-09-30T17:10:02.442,148700,166.0,0.776,6.89
2026-09-30T17:10:02.536,148800,166.9,0.780,6.99
2026-09-30T17:10:02.636,148900,167.7,0.784,7.09
2026-09-30T17:10:02.736,149000,168.6,0.788,7.19
2026-09-30T17:10:02.836,149100,169.8,0.793,7.34
2026-09-30T17:10:02.936,149200,170.4,0.796,7.40
2026-09-30T17:10:03.036,149300,171.3,0.800,7.50
2026-09-30T17:10:03.137,149400,171.9,0.803,7.58
2026-09-30T17:10:03.236,149500,172.5,0.806,7.65
2026-09-30T17:10:03.337,149600,173.1,0.809,7.72
2026-09-30T17:10:03.437,149700,173.2,0.809,7.73
2026-09-30T17:10:03.535,149800,173.6,0.811,7.77
2026-09-30T17:10:03.635,149900,174.3,0.814,7.85
2026-09-30T17:10:03.735,150000,174.6,0.816,7.90
2026-09-30T17:10:03.836,150100,175.2,0.819,7.96
2026-09-30T17:10:03.944,150200,175.6,0.820,8.01
2026-09-30T17:10:04.040,150300,175.9,0.822,8.04
2026-09-30T17:10:04.136,150400,176.2,0.823,8.08
2026-09-30T17:10:04.236,150500,176.7,0.826,8.14
2026-09-30T17:10:04.336,150600,177.1,0.827,8.18
2026-09-30T17:10:04.436,150700,177.5,0.829,8.23
2026-09-30T17:10:04.536,150800,177.9,0.831,8.28
2026-09-30T17:10:04.636,150900,178.5,0.834,8.35
2026-09-30T17:10:04.742,151000,178.9,0.836,8.39
2026-09-30T17:10:04.837,151100,179.5,0.839,8.47
2026-09-30T17:10:04.943,151200,179.9,0.841,8.52
2026-09-30T17:10:05.038,151300,180.4,0.843,8.58
2026-09-30T17:10:05.144,151400,181.0,0.846,8.64
2026-09-30T17:10:05.238,151500,181.7,0.849,8.72
2026-09-30T17:10:05.337,151600,182.3,0.852,8.79
2026-09-30T17:10:05.437,151700,182.6,0.853,8.83
2026-09-30T17:10:05.537,151800,183.0,0.855,8.88
2026-09-30T17:10:05.640,151900,183.6,0.858,8.94
2026-09-30T17:10:05.738,152000,183.9,0.859,8.99
2026-09-30T17:10:05.838,152100,184.3,0.861,9.03
2026-09-30T17:10:05.942,152200,184.6,0.863,9.07
2026-09-30T17:10:06.041,152300,185.0,0.864,9.11
2026-09-30T17:10:06.141,152400,185.1,0.865,9.12
2026-09-30T17:10:06.242,152500,185.4,0.866,9.15
2026-09-30T17:10:06.342,152600,185.4,0.866,9.16
2026-09-30T17:10:06.443,152700,185.5,0.867,9.17
2026-09-30T17:10:06.542,152800,186.1,0.870,9.24
2026-09-30T17:10:06.642,152900,185.8,0.868,9.20
2026-09-30T17:10:06.742,153000,186.1,0.869,9.23
2026-09-30T17:10:06.842,153100,186.1,0.870,9.24
2026-09-30T17:10:06.942,153200,186.2,0.870,9.25
2026-09-30T17:10:07.035,153300,186.7,0.872,9.31
2026-09-30T17:10:07.134,153400,186.6,0.872,9.29
2026-09-30T17:10:07.233,153500,186.7,0.872,9.31
2026-09-30T17:10:07.334,153600,186.8,0.873,9.31
2026-09-30T17:10:07.433,153700,186.9,0.873,9.33
2026-09-30T17:10:07.534,153800,186.8,0.873,9.32
2026-09-30T17:10:07.632,153900,186.9,0.873,9.33
2026-09-30T17:10:07.734,154000,186.9,0.873,9.34
2026-09-30T17:10:07.833,154100,187.1,0.874,9.35
2026-09-30T17:10:07.933,154200,187.1,0.874,9.35
2026-09-30T17:10:08.034,154300,187.1,0.874,9.35
2026-09-30T17:10:08.133,154400,187.4,0.876,9.40
2026-09-30T17:10:08.233,154500,187.3,0.875,9.37
2026-09-30T17:10:08.333,154600,187.3,0.875,9.38
2026-09-30T17:10:08.433,154700,187.4,0.876,9.39
2026-09-30T17:10:08.533,154800,187.7,0.877,9.42
2026-09-30T17:10:08.633,154900,187.4,0.876,9.39
2026-09-30T17:10:08.733,155000,187.6,0.876,9.41
2026-09-30T17:10:08.833,155100,187.6,0.877,9.42
2026-09-30T17:10:08.934,155200,187.9,0.878,9.45
2026-09-30T17:10:09.033,155300,187.8,0.878,9.44
2026-09-30T17:10:09.132,155400,187.6,0.876,9.41
2026-09-30T17:10:09.233,155500,187.6,0.876,9.41
2026-09-30T17:10:09.333,155600,187.9,0.878,9.45
2026-09-30T17:10:09.434,155700,188.0,0.878,9.46
2026-09-30T17:10:09.532,155800,187.8,0.877,9.43
2026-09-30T17:10:09.633,155900,188.0,0.878,9.46
2026-09-30T17:10:09.732,156000,188.1,0.879,9.47
2026-09-30T17:10:09.833,156100,187.9,0.878,9.45
2026-09-30T17:10:09.932,156200,188.0,0.878,9.46
2026-09-30T17:10:10.033,156300,188.0,0.878,9.46
2026-09-30T17:10:10.133,156400,188.3,0.880,9.49
2026-09-30T17:10:10.239,156500,188.2,0.879,9.48
2026-09-30T17:10:10.332,156600,188.3,0.880,9.50
2026-09-30T17:10:10.433,156700,187.9,0.878,9.45
2026-09-30T17:10:10.532,156800,188.4,0.880,9.50
2026-09-30T17:10:10.638,156900,188.1,0.879,9.48
2026-09-30T17:10:10.732,157000,188.6,0.881,9.53
2026-09-30T17:10:10.837,157100,188.5,0.881,9.52
2026-09-30T17:10:10.932,157200,188.3,0.880,9.50
2026-09-30T17:10:11.032,157300,188.8,0.882,9.55
2026-09-30T17:10:11.132,157400,188.8,0.882,9.56
2026-09-30T17:10:11.232,157500,188.8,0.882,9.56
2026-09-30T17:10:11.330,157600,188.6,0.881,9.53
2026-09-30T17:10:11.435,157700,188.9,0.883,9.56
2026-09-30T17:10:11.531,157800,189.1,0.883,9.59
2026-09-30T17:10:11.635,157900,189.1,0.883,9.59
2026-09-30T17:10:11.731,158000,189.1,0.884,9.59
2026-09-30T17:10:11.837,158100,189.0,0.883,9.58
2026-09-30T17:10:11.937,158200,189.4,0.885,9.62
2026-09-30T17:10:12.032,158300,190.3,0.889,9.72
2026-09-30T17:10:12.132,158400,191.1,0.893,9.82
2026-09-30T17:10:12.232,158500,192.2,0.898,9.95
2026-09-30T17:10:12.332,158600,193.1,0.902,10.06
2026-09-30T17:10:12.432,158700,194.2,0.907,10.18
2026-09-30T17:10:12.531,158800,195.1,0.912,10.29
2026-09-30T17:10:12.631,158900,195.6,0.914,10.35
2026-09-30T17:10:12.732,159000,196.2,0.917,10.42
2026-09-30T17:10:12.831,159100,196.6,0.919,10.47
2026-09-30T17:10:12.934,159200,197.2,0.921,10.53
2026-09-30T17:10:13.031,159300,197.3,0.922,10.55
2026-09-30T17:10:13.131,159400,197.7,0.924,10.59
2026-09-30T17:10:13.234,159500,198.1,0.925,10.64
2026-09-30T17:10:13.331,159600,198.6,0.928,10.69
2026-09-30T17:10:13.430,159700,199.1,0.930,10.75
2026-09-30T17:10:13.532,159800,199.4,0.932,10.79
2026-09-30T17:10:13.630,159900,199.4,0.932,10.79
2026-09-30T17:10:13.731,160000,199.9,0.934,10.85
2026-09-30T17:10:13.833,160100,200.3,0.936,10.89
2026-09-30T17:10:13.935,160200,200.9,0.939,10.97
2026-09-30T17:10:14.031,160300,200.9,0.939,10.97
2026-09-30T17:10:14.130,160400,201.3,0.941,11.02
2026-09-30T17:10:14.231,160500,201.6,0.942,11.05
2026-09-30T17:10:14.330,160600,202.2,0.945,11.12
2026-09-30T17:10:14.434,160700,202.4,0.946,11.15
2026-09-30T17:10:14.531,160800,202.8,0.948,11.19
2026-09-30T17:10:14.634,160900,203.1,0.949,11.22
2026-09-30T17:10:14.734,161000,203.3,0.950,11.25
2026-09-30T17:10:14.830,161100,203.9,0.953,11.32
2026-09-30T17:10:14.932,161200,204.4,0.955,11.37
2026-09-30T17:10:15.029,161300,204.7,0.956,11.41
2026-09-30T17:10:15.130,161400,205.0,0.958,11.45
2026-09-30T17:10:15.230,161500,205.4,0.960,11.50
2026-09-30T17:10:15.329,161600,205.9,0.962,11.56
2026-09-30T17:10:15.429,161700,206.5,0.965,11.62
2026-09-30T17:10:15.534,161800,206.6,0.965,11.64
2026-09-30T17:10:15.631,161900,207.2,0.968,11.70
2026-09-30T17:10:15.729,162000,207.6,0.970,11.75
2026-09-30T17:10:15.829,162100,207.8,0.971,11.77
2026-09-30T17:10:15.930,162200,208.1,0.972,11.80
2026-09-30T17:10:16.030,162300,208.2,0.973,11.82
2026-09-30T17:10:16.130,162400,208.6,0.975,11.86
2026-09-30T17:10:16.229,162500,209.0,0.977,11.91
2026-09-30T17:10:16.329,162600,209.4,0.979,11.97
2026-09-30T17:10:16.429,162700,209.6,0.979,11.99
2026-09-30T17:10:16.529,162800,209.9,0.981,12.02
2026-09-30T17:10:16.629,162900,210.3,0.983,12.07
2026-09-30T17:10:16.729,163000,210.4,0.983,12.08
2026-09-30T17:10:16.832,163100,210.6,0.984,12.10
2026-09-30T17:10:16.929,163200,210.8,0.985,12.13
2026-09-30T17:10:17.028,163300,211.1,0.986,12.16
2026-09-30T17:10:17.132,163400,211.6,0.989,12.22
2026-09-30T17:10:17.229,163500,211.9,0.990,12.25
2026-09-30T17:10:17.328,163600,212.1,0.991,12.28
2026-09-30T17:10:17.428,163700,212.4,0.993,12.32
2026-09-30T17:10:17.529,163800,212.8,0.994,12.35
2026-09-30T17:10:17.628,163900,213.2,0.996,12.40
2026-09-30T17:10:17.731,164000,213.9,1.000,12.49
2026-09-30T17:10:17.831,164100,214.4,1.002,12.54
2026-09-30T17:10:17.928,164200,214.9,1.004,12.61
2026-09-30T17:10:18.029,164300,215.5,1.007,12.67
2026-09-30T17:10:18.129,164400,216.3,1.010,12.76
2026-09-30T17:10:18.228,164500,216.5,1.012,12.79
2026-09-30T17:10:18.328,164600,217.1,1.015,12.86
2026-09-30T17:10:18.428,164700,217.7,1.017,12.93
2026-09-30T17:10:18.528,164800,218.1,1.019,12.97
2026-09-30T17:10:18.628,164900,218.7,1.022,13.05
2026-09-30T17:10:18.727,165000,219.2,1.024,13.10
2026-09-30T17:10:18.828,165100,219.7,1.026,13.16
2026-09-30T17:10:18.928,165200,220.1,1.029,13.21
2026-09-30T17:10:19.028,165300,220.5,1.030,13.26
2026-09-30T17:10:19.127,165400,221.0,1.033,13.32
2026-09-30T17:10:19.229,165500,221.6,1.035,13.38
2026-09-30T17:10:19.328,165600,222.1,1.038,13.44
2026-09-30T17:10:19.427,165700,222.4,1.039,13.48
2026-09-30T17:10:19.530,165800,222.9,1.042,13.54
2026-09-30T17:10:19.627,165900,223.6,1.045,13.62
2026-09-30T17:10:19.727,166000,224.1,1.047,13.67
2026-09-30T17:10:19.828,166100,224.3,1.048,13.70
2026-09-30T17:10:19.928,166200,224.7,1.050,13.75
2026-09-30T17:10:20.027,166300,224.9,1.051,13.78
2026-09-30T17:10:20.127,166400,225.6,1.054,13.85
2026-09-30T17:10:20.227,166500,226.1,1.057,13.91
2026-09-30T17:10:20.325,166600,226.5,1.058,13.96
2026-09-30T17:10:20.428,166700,226.9,1.060,14.01
2026-09-30T17:10:20.527,166800,227.3,1.062,14.05
2026-09-30T17:10:20.627,166900,227.8,1.064,14.11
2026-09-30T17:10:20.727,167000,228.4,1.067,14.18
2026-09-30T17:10:20.828,167100,228.9,1.070,14.24
2026-09-30T17:10:20.927,167200,229.4,1.072,14.29
2026-09-30T17:10:21.027,167300,230.0,1.075,14.37
2026-09-30T17:10:21.127,167400,230.3,1.076,14.40
2026-09-30T17:10:21.226,167500,230.5,1.077,14.43
2026-09-30T17:10:21.328,167600,231.3,1.081,14.51
2026-09-30T17:10:21.427,167700,231.8,1.083,14.58
2026-09-30T17:10:21.528,167800,232.4,1.086,14.65
2026-09-30T17:10:21.626,167900,232.8,1.088,14.70
2026-09-30T17:10:21.726,168000,233.2,1.090,14.74
2026-09-30T17:10:21.826,168100,233.9,1.093,14.82
2026-09-30T17:10:21.926,168200,234.4,1.095,14.89
2026-09-30T17:10:22.026,168300,234.7,1.097,14.91
2026-09-30T17:10:22.126,168400,235.1,1.098,14.96
2026-09-30T17:10:22.226,168500,235.8,1.102,15.04
2026-09-30T17:10:22.326,168600,236.3,1.104,15.10
2026-09-30T17:10:22.427,168700,236.8,1.106,15.16
2026-09-30T17:10:22.526,168800,236.9,1.107,15.18
2026-09-30T17:10:22.627,168900,237.4,1.109,15.24
2026-09-30T17:10:22.725,169000,237.8,1.111,15.27
2026-09-30T17:10:22.825,169100,238.3,1.113,15.33
2026-09-30T17:10:22.925,169200,238.4,1.114,15.35
2026-09-30T17:10:23.027,169300,238.9,1.116,15.40
2026-09-30T17:10:23.125,169400,239.1,1.117,15.43
2026-09-30T17:10:23.225,169500,239.6,1.119,15.48
2026-09-30T17:10:23.325,169600,239.9,1.121,15.52
2026-09-30T17:10:23.410,169700,239.8,1.121,15.51
2026-09-30T17:10:23.524,169800,240.5,1.124,15.59
2026-09-30T17:10:23.626,169900,240.9,1.126,15.64
2026-09-30T17:10:23.725,170000,241.2,1.127,15.67
2026-09-30T17:10:23.825,170100,241.9,1.130,15.76
2026-09-30T17:10:23.925,170200,242.2,1.132,15.79
2026-09-30T17:10:24.025,170300,242.8,1.135,15.86
2026-09-30T17:10:24.125,170400,244.0,1.140,16.00
2026-09-30T17:10:24.225,170500,245.1,1.145,16.13
2026-09-30T17:10:24.325,170600,246.1,1.150,16.25
2026-09-30T17:10:24.410,170700,247.0,1.154,16.35
2026-09-30T17:10:24.525,170800,248.1,1.159,16.48
2026-09-30T17:10:24.624,170900,249.0,1.163,16.59
2026-09-30T17:10:24.725,171000,249.6,1.166,16.65
2026-09-30T17:10:24.809,171100,250.4,1.170,16.75
2026-09-30T17:10:24.924,171200,250.6,1.171,16.78
2026-09-30T17:10:25.024,171300,251.1,1.173,16.83
2026-09-30T17:10:25.117,171400,251.4,1.175,16.87
2026-09-30T17:10:25.224,171500,251.9,1.177,16.92
2026-09-30T17:10:25.309,171600,252.1,1.178,16.95
2026-09-30T17:10:25.409,171700,252.3,1.179,16.97
2026-09-30T17:10:25.524,171800,252.8,1.181,17.03
2026-09-30T17:10:25.624,171900,253.1,1.183,17.07
2026-09-30T17:10:25.724,172000,253.6,1.185,17.13
2026-09-30T17:10:25.824,172100,253.9,1.186,17.16
2026-09-30T17:10:25.924,172200,253.9,1.187,17.16
2026-09-30T17:10:26.024,172300,254.2,1.188,17.19
2026-09-30T17:10:26.124,172400,254.7,1.190,17.25
2026-09-30T17:10:26.225,172500,254.9,1.191,17.28
2026-09-30T17:10:26.324,172600,255.5,1.194,17.35
2026-09-30T17:10:26.424,172700,255.8,1.195,17.38
2026-09-30T17:10:26.508,172800,256.2,1.197,17.43
2026-09-30T17:10:26.608,172900,256.4,1.198,17.45
2026-09-30T17:10:26.723,173000,256.5,1.199,17.46
2026-09-30T17:10:26.808,173100,257.1,1.201,17.53
2026-09-30T17:10:26.908,173200,257.3,1.202,17.56
2026-09-30T17:10:27.008,173300,257.4,1.203,17.57
2026-09-30T17:10:27.107,173400,258.0,1.206,17.64
2026-09-30T17:10:27.222,173500,258.4,1.207,17.68
2026-09-30T17:10:27.322,173600,258.8,1.209,17.73
2026-09-30T17:10:27.407,173700,259.1,1.211,17.77
2026-09-30T17:10:27.523,173800,259.7,1.213,17.83
2026-09-30T17:10:27.623,173900,259.8,1.214,17.85
2026-09-30T17:10:27.722,174000,260.2,1.216,17.89
2026-09-30T17:10:27.807,174100,260.7,1.218,17.96
2026-09-30T17:10:27.907,174200,261.2,1.220,18.01
2026-09-30T17:10:28.007,174300,261.2,1.221,18.02
2026-09-30T17:10:28.122,174400,261.6,1.222,18.06
2026-09-30T17:10:28.221,174500,262.1,1.225,18.12
2026-09-30T17:10:28.320,174600,262.3,1.226,18.14
2026-09-30T17:10:28.408,174700,262.8,1.228,18.20
2026-09-30T17:10:28.507,174800,263.1,1.229,18.23
2026-09-30T17:10:28.607,174900,263.2,1.230,18.25
2026-09-30T17:10:28.710,175000,263.6,1.232,18.29
2026-09-30T17:10:28.821,175100,263.7,1.232,18.31
2026-09-30T17:10:28.921,175200,263.9,1.233,18.33
2026-09-30T17:10:29.019,175300,264.2,1.235,18.37
2026-09-30T17:10:29.107,175400,264.1,1.234,18.35
2026-09-30T17:10:29.206,175500,264.3,1.235,18.38
2026-09-30T17:10:29.306,175600,264.7,1.237,18.42
2026-09-30T17:10:29.406,175700,264.7,1.237,18.43
2026-09-30T17:10:29.506,175800,264.7,1.237,18.42
2026-09-30T17:10:29.606,175900,265.1,1.239,18.46
2026-09-30T17:10:29.706,176000,264.9,1.238,18.45
2026-09-30T17:10:29.806,176100,265.1,1.239,18.46
2026-09-30T17:10:29.906,176200,265.1,1.239,18.46
2026-09-30T17:10:30.006,176300,265.1,1.239,18.47
2026-09-30T17:10:30.106,176400,265.2,1.239,18.48
2026-09-30T17:10:30.206,176500,265.6,1.241,18.53
2026-09-30T17:10:30.306,176600,265.6,1.241,18.52
2026-09-30T17:10:30.405,176700,265.4,1.240,18.50
2026-09-30T17:10:30.519,176800,265.5,1.241,18.51
2026-09-30T17:10:30.606,176900,265.7,1.241,18.54
2026-09-30T17:10:30.706,177000,265.7,1.242,18.54
2026-09-30T17:10:30.806,177100,265.4,1.240,18.51
2026-09-30T17:10:30.905,177200,265.8,1.242,18.55
2026-09-30T17:10:31.019,177300,265.9,1.242,18.56
2026-09-30T17:10:31.106,177400,265.9,1.242,18.56
2026-09-30T17:10:31.205,177500,265.7,1.242,18.54
2026-09-30T17:10:31.305,177600,266.0,1.243,18.57
2026-09-30T17:10:31.405,177700,265.9,1.242,18.56
2026-09-30T17:10:31.512,177800,266.2,1.244,18.59
2026-09-30T17:10:31.605,177900,266.1,1.243,18.58
2026-09-30T17:10:31.705,178000,265.9,1.243,18.57
2026-09-30T17:10:31.805,178100,266.2,1.244,18.59
2026-09-30T17:10:31.905,178200,266.1,1.243,18.59
2026-09-30T17:10:32.005,178300,266.4,1.245,18.62
2026-09-30T17:10:32.118,178400,266.5,1.245,18.63
2026-09-30T17:10:32.217,178500,266.5,1.245,18.63
2026-09-30T17:10:32.305,178600,266.5,1.245,18.63
2026-09-30T17:10:32.417,178700,266.4,1.245,18.62
2026-09-30T17:10:32.504,178800,266.1,1.243,18.59
2026-09-30T17:10:32.604,178900,266.4,1.245,18.62
2026-09-30T17:10:32.717,179000,266.6,1.246,18.65
2026-09-30T17:10:32.805,179100,266.7,1.246,18.65
2026-09-30T17:10:32.905,179200,266.6,1.246,18.64
2026-09-30T17:10:33.004,179300,266.6,1.246,18.64
2026-09-30T17:10:33.104,179400,266.7,1.246,18.65
2026-09-30T17:10:33.215,179500,266.4,1.245,18.62
2026-09-30T17:10:33.317,179600,266.8,1.247,18.67
2026-09-30T17:10:33.404,179700,267.0,1.248,18.69
2026-09-30T17:10:33.504,179800,266.7,1.246,18.66
2026-09-30T17:10:33.616,179900,266.9,1.247,18.68
2026-09-30T17:10:33.704,180000,266.7,1.246,18.66
2026-09-30T17:10:33.804,180100,266.7,1.246,18.66
2026-09-30T17:10:33.904,180200,267.1,1.248,18.70
2026-09-30T17:10:34.004,180300,266.9,1.247,18.68
2026-09-30T17:10:34.104,180400,266.9,1.247,18.68
2026-09-30T17:10:34.204,180500,266.9,1.247,18.67
2026-09-30T17:10:34.305,180600,267.1,1.248,18.70
2026-09-30T17:10:34.404,180700,267.2,1.249,18.72
2026-09-30T17:10:34.504,180800,266.9,1.247,18.68
2026-09-30T17:10:34.603,180900,266.9,1.247,18.68
2026-09-30T17:10:34.703,181000,266.8,1.247,18.67
2026-09-30T17:10:34.804,181100,267.3,1.249,18.73
2026-09-30T17:10:34.903,181200,267.1,1.248,18.70
2026-09-30T17:10:35.004,181300,267.0,1.248,18.69
2026-09-30T17:10:35.104,181400,267.1,1.248,18.70
2026-09-30T17:10:35.215,181500,267.1,1.248,18.70
2026-09-30T17:10:35.303,181600,267.1,1.248,18.70
2026-09-30T17:10:35.403,181700,267.1,1.248,18.70
2026-09-30T17:10:35.503,181800,267.2,1.249,18.72
2026-09-30T17:10:35.604,181900,267.0,1.248,18.69
2026-09-30T17:10:35.703,182000,267.1,1.248,18.70
2026-09-30T17:10:35.803,182100,267.1,1.248,18.70
2026-09-30T17:10:35.903,182200,267.1,1.248,18.70
2026-09-30T17:10:36.002,182300,267.2,1.248,18.71
2026-09-30T17:10:36.103,182400,267.4,1.249,18.73
2026-09-30T17:10:36.214,182500,267.4,1.249,18.73
2026-09-30T17:10:36.303,182600,267.3,1.249,18.73
2026-09-30T17:10:36.402,182700,267.2,1.249,18.72
2026-09-30T17:10:36.514,182800,267.1,1.248,18.70
2026-09-30T17:10:36.603,182900,267.4,1.249,18.73
2026-09-30T17:10:36.702,183000,267.3,1.249,18.73
2026-09-30T17:10:36.802,183100,267.3,1.249,18.73
2026-09-30T17:10:36.903,183200,267.4,1.250,18.74
2026-09-30T17:10:37.002,183300,267.6,1.250,18.76
2026-09-30T17:10:37.102,183400,267.3,1.249,18.73
2026-09-30T17:10:37.202,183500,267.5,1.250,18.75
2026-09-30T17:10:37.302,183600,267.5,1.250,18.75
2026-09-30T17:10:37.403,183700,267.4,1.249,18.73
2026-09-30T17:10:37.502,183800,267.6,1.250,18.76
2026-09-30T17:10:37.603,183900,267.6,1.250,18.76
2026-09-30T17:10:37.702,184000,267.7,1.251,18.77
2026-09-30T17:10:37.812,184100,267.2,1.249,18.72
2026-09-30T17:10:37.912,184200,267.3,1.249,18.73
2026-09-30T17:10:38.002,184300,267.7,1.251,18.77
2026-09-30T17:10:38.103,184400,267.7,1.251,18.77
2026-09-30T17:10:38.212,184500,267.6,1.250,18.75
2026-09-30T17:10:38.303,184600,267.4,1.249,18.73
2026-09-30T17:10:38.403,184700,267.5,1.250,18.75
2026-09-30T17:10:38.503,184800,267.7,1.251,18.78
2026-09-30T17:10:38.603,184900,267.7,1.251,18.77
2026-09-30T17:10:38.704,185000,267.6,1.250,18.76
2026-09-30T17:10:38.811,185100,267.7,1.251,18.77
2026-09-30T17:10:38.912,185200,267.9,1.252,18.79
2026-09-30T17:10:39.009,185300,267.8,1.251,18.78
2026-09-30T17:10:39.110,185400,267.7,1.251,18.78
2026-09-30T17:10:39.210,185500,267.6,1.250,18.75
2026-09-30T17:10:39.310,185600,268.0,1.252,18.81
2026-09-30T17:10:39.410,185700,267.9,1.252,18.79
2026-09-30T17:10:39.511,185800,267.6,1.250,18.76
2026-09-30T17:10:39.600,185900,267.9,1.252,18.80
2026-09-30T17:10:39.711,186000,267.8,1.251,18.78
2026-09-30T17:10:39.811,186100,268.1,1.253,18.81
2026-09-30T17:10:39.901,186200,268.2,1.253,18.84
2026-09-30T17:10:40.000,186300,268.1,1.253,18.82
2026-09-30T17:10:40.099,186400,268.4,1.254,18.86
2026-09-30T17:10:40.201,186500,268.4,1.254,18.86
2026-09-30T17:10:40.300,186600,268.9,1.257,18.92
2026-09-30T17:10:40.401,186700,269.2,1.258,18.95
2026-09-30T17:10:40.500,186800,269.5,1.259,18.98
2026-09-30T17:10:40.600,186900,269.8,1.261,19.02
2026-09-30T17:10:40.701,187000,269.9,1.261,19.03
2026-09-30T17:10:40.800,187100,270.5,1.264,19.10
2026-09-30T17:10:40.899,187200,270.4,1.263,19.08
2026-09-30T17:10:41.000,187300,270.8,1.265,19.13
2026-09-30T17:10:41.099,187400,270.9,1.266,19.15
2026-09-30T17:10:41.199,187500,271.4,1.268,19.20
2026-09-30T17:10:41.300,187600,272.0,1.271,19.27
2026-09-30T17:10:41.399,187700,272.6,1.274,19.34
2026-09-30T17:10:41.509,187800,273.2,1.277,19.42
2026-09-30T17:10:41.600,187900,274.1,1.281,19.51
2026-09-30T17:10:41.699,188000,274.6,1.283,19.57
2026-09-30T17:10:41.799,188100,275.0,1.285,19.62
2026-09-30T17:10:41.899,188200,276.0,1.290,19.74
2026-09-30T17:10:42.008,188300,276.9,1.294,19.84
2026-09-30T17:10:42.099,188400,277.4,1.296,19.91
2026-09-30T17:10:42.202,188500,278.2,1.300,20.00
2026-09-30T17:10:42.298,188600,278.7,1.302,20.06
2026-09-30T17:10:42.400,188700,279.4,1.306,20.14
2026-09-30T17:10:42.498,188800,280.3,1.310,20.24
2026-09-30T17:10:42.599,188900,280.7,1.312,20.29
2026-09-30T17:10:42.698,189000,281.2,1.314,20.35
2026-09-30T17:10:42.801,189100,282.0,1.318,20.44
2026-09-30T17:10:42.898,189200,282.4,1.320,20.49
2026-09-30T17:10:42.998,189300,283.3,1.324,20.59
2026-09-30T17:10:43.107,189400,283.9,1.326,20.66
2026-09-30T17:10:43.199,189500,284.4,1.329,20.72
2026-09-30T17:10:43.299,189600,284.8,1.331,20.77
2026-09-30T17:10:43.398,189700,285.6,1.334,20.86
2026-09-30T17:10:43.499,189800,286.1,1.337,20.92
2026-09-30T17:10:43.598,189900,286.7,1.340,20.99
2026-09-30T17:10:43.706,190000,287.4,1.343,21.08
2026-09-30T17:10:43.803,190100,288.1,1.346,21.15
2026-09-30T17:10:43.901,190200,288.6,1.348,21.21
2026-09-30T17:10:43.998,190300,289.1,1.351,21.27
2026-09-30T17:10:44.098,190400,289.6,1.353,21.32
2026-09-30T17:10:44.199,190500,290.2,1.356,21.41
2026-09-30T17:10:44.298,190600,290.9,1.359,21.48
2026-09-30T17:10:44.399,190700,291.3,1.361,21.53
2026-09-30T17:10:44.498,190800,291.9,1.364,21.60
2026-09-30T17:10:44.606,190900,292.1,1.365,21.62
2026-09-30T17:10:44.696,191000,292.7,1.368,21.69
2026-09-30T17:10:44.797,191100,293.2,1.370,21.75
2026-09-30T17:10:44.898,191200,293.7,1.373,21.81
2026-09-30T17:10:44.997,191300,294.0,1.374,21.84
2026-09-30T17:10:45.097,191400,294.1,1.374,21.86
2026-09-30T17:10:45.201,191500,294.7,1.377,21.93
2026-09-30T17:10:45.303,191600,294.8,1.378,21.94
2026-09-30T17:10:45.397,191700,295.2,1.379,21.98
2026-09-30T17:10:45.497,191800,295.4,1.380,22.01
2026-09-30T17:10:45.597,191900,296.2,1.384,22.11
2026-09-30T17:10:45.697,192000,296.3,1.385,22.11
2026-09-30T17:10:45.797,192100,296.4,1.385,22.13
2026-09-30T17:10:45.897,192200,296.9,1.387,22.18
2026-09-30T17:10:45.997,192300,297.6,1.390,22.26
2026-09-30T17:10:46.097,192400,297.7,1.391,22.27
2026-09-30T17:10:46.196,192500,298.3,1.394,22.35
2026-09-30T17:10:46.296,192600,298.6,1.395,22.38
2026-09-30T17:10:46.397,192700,299.2,1.398,22.46
2026-09-30T17:10:46.496,192800,299.5,1.399,22.49
2026-09-30T17:10:46.595,192900,300.2,1.403,22.57
2026-09-30T17:10:46.697,193000,300.6,1.405,22.62
2026-09-30T17:10:46.797,193100,300.9,1.406,22.65
2026-09-30T17:10:46.897,193200,301.6,1.409,22.73
2026-09-30T17:10:46.997,193300,301.7,1.410,22.74
2026-09-30T17:10:47.096,193400,302.2,1.412,22.80
2026-09-30T17:10:47.197,193500,302.7,1.414,22.86
2026-09-30T17:10:47.297,193600,303.2,1.417,22.92
2026-09-30T17:10:47.398,193700,303.4,1.418,22.94
2026-09-30T17:10:47.496,193800,303.9,1.420,23.00
2026-09-30T17:10:47.597,193900,304.1,1.421,23.02
2026-09-30T17:10:47.697,194000,304.5,1.423,23.07
2026-09-30T17:10:47.796,194100,305.0,1.425,23.13
2026-09-30T17:10:47.899,194200,305.6,1.428,23.19
2026-09-30T17:10:47.996,194300,306.0,1.430,23.24
2026-09-30T17:10:48.096,194400,306.6,1.432,23.31
2026-09-30T17:10:48.196,194500,307.0,1.434,23.36
2026-09-30T17:10:48.296,194600,307.6,1.437,23.43
2026-09-30T17:10:48.402,194700,308.2,1.440,23.50
2026-09-30T17:10:48.495,194800,308.5,1.441,23.54
2026-09-30T17:10:48.596,194900,309.2,1.445,23.62
2026-09-30T17:10:48.695,195000,310.1,1.449,23.72
2026-09-30T17:10:48.795,195100,310.4,1.450,23.76
2026-09-30T17:10:48.896,195200,310.9,1.453,23.81
2026-09-30T17:10:48.996,195300,311.3,1.455,23.87
2026-09-30T17:10:49.098,195400,312.1,1.458,23.96
2026-09-30T17:10:49.195,195500,312.9,1.462,24.05
2026-09-30T17:10:49.301,195600,313.1,1.463,24.08
2026-09-30T17:10:49.395,195700,313.4,1.465,24.11
2026-09-30T17:10:49.497,195800,314.0,1.467,24.18
2026-09-30T17:10:49.595,195900,314.7,1.470,24.26
2026-09-30T17:10:49.698,196000,314.9,1.472,24.29
2026-09-30T17:10:49.794,196100,315.4,1.474,24.34
2026-09-30T17:10:49.894,196200,316.1,1.477,24.42
2026-09-30T17:10:50.001,196300,316.4,1.478,24.46
2026-09-30T17:10:50.095,196400,316.7,1.480,24.49
2026-09-30T17:10:50.194,196500,316.9,1.481,24.52
2026-09-30T17:10:50.295,196600,317.2,1.482,24.55
2026-09-30T17:10:50.394,196700,317.7,1.484,24.61
2026-09-30T17:10:50.499,196800,318.1,1.486,24.65
2026-09-30T17:10:50.595,196900,318.5,1.488,24.71
2026-09-30T17:10:50.694,197000,318.9,1.490,24.75
2026-09-30T17:10:50.794,197100,319.3,1.492,24.80
2026-09-30T17:10:50.900,197200,319.7,1.494,24.85
2026-09-30T17:10:50.994,197300,320.1,1.496,24.89
2026-09-30T17:10:51.095,197400,320.4,1.497,24.92
2026-09-30T17:10:51.193,197500,320.9,1.499,24.98
2026-09-30T17:10:51.295,197600,321.6,1.503,25.06
2026-09-30T17:10:51.394,197700,321.7,1.503,25.08
2026-09-30T17:10:51.494,197800,322.1,1.505,25.13
2026-09-30T17:10:51.593,197900,322.7,1.508,25.20
2026-09-30T17:10:51.694,198000,323.1,1.510,25.24
2026-09-30T17:10:51.794,198100,323.2,1.510,25.26
2026-09-30T17:10:51.893,198200,323.6,1.512,25.30
2026-09-30T17:10:51.994,198300,324.1,1.514,25.35
2026-09-30T17:10:52.095,198400,324.3,1.515,25.38
2026-09-30T17:10:52.193,198500,324.8,1.518,25.44
2026-09-30T17:10:52.296,198600,325.2,1.519,25.49
2026-09-30T17:10:52.394,198700,325.5,1.521,25.52
2026-09-30T17:10:52.493,198800,326.2,1.524,25.60
2026-09-30T17:10:52.593,198900,326.5,1.526,25.64
2026-09-30T17:10:52.693,199000,327.1,1.528,25.71
2026-09-30T17:10:52.796,199100,327.0,1.528,25.70
2026-09-30T17:10:52.893,199200,327.9,1.532,25.80
2026-09-30T17:10:52.992,199300,328.2,1.533,25.84
2026-09-30T17:10:53.093,199400,328.9,1.537,25.92
2026-09-30T17:10:53.192,199500,329.1,1.538,25.95
2026-09-30T17:10:53.293,199600,329.9,1.541,26.03
2026-09-30T17:10:53.392,199700,330.4,1.544,26.10
2026-09-30T17:10:53.493,199800,331.0,1.547,26.17
2026-09-30T17:10:53.593,199900,331.7,1.550,26.25
2026-09-30T17:10:53.697,200000,332.1,1.552,26.30
2026-09-30T17:10:53.797,200100,332.6,1.554,26.36
2026-09-30T17:10:53.897,200200,333.1,1.556,26.41
2026-09-30T17:10:53.992,200300,333.5,1.558,26.46
2026-09-30T17:10:54.097,200400,333.9,1.560,26.50
2026-09-30T17:10:54.196,200500,334.5,1.563,26.57
2026-09-30T17:10:54.293,200600,335.1,1.566,26.64
2026-09-30T17:10:54.393,200700,335.4,1.567,26.68
2026-09-30T17:10:54.492,200800,335.9,1.570,26.74
2026-09-30T17:10:54.592,200900,336.6,1.573,26.81
2026-09-30T17:10:54.692,201000,337.0,1.575,26.87
2026-09-30T17:10:54.791,201100,337.7,1.578,26.95
2026-09-30T17:10:54.893,201200,338.4,1.581,27.03
2026-09-30T17:10:54.991,201300,339.0,1.584,27.10
2026-09-30T17:10:55.092,201400,339.8,1.588,27.19
2026-09-30T17:10:55.194,201500,340.6,1.592,27.29
2026-09-30T17:10:55.295,201600,341.3,1.595,27.37
2026-09-30T17:10:55.392,201700,342.1,1.599,27.46
2026-09-30T17:10:55.491,201800,342.7,1.602,27.54
2026-09-30T17:10:55.592,201900,343.4,1.605,27.62
2026-09-30T17:10:55.691,202000,344.1,1.608,27.70
2026-09-30T17:10:55.793,202100,344.4,1.609,27.73
2026-09-30T17:10:55.891,202200,345.1,1.612,27.81
2026-09-30T17:10:55.992,202300,345.3,1.613,27.84
2026-09-30T17:10:56.092,202400,346.1,1.617,27.93
2026-09-30T17:10:56.191,202500,346.5,1.619,27.98
2026-09-30T17:10:56.291,202600,346.7,1.620,28.01
2026-09-30T17:10:56.394,202700,347.1,1.622,28.04
2026-09-30T17:10:56.491,202800,347.2,1.623,28.06
2026-09-30T17:10:56.592,202900,347.7,1.625,28.11
2026-09-30T17:10:56.691,203000,348.2,1.627,28.18
2026-09-30T17:10:56.791,203100,348.2,1.627,28.18
2026-09-30T17:10:56.894,203200,348.4,1.628,28.20
2026-09-30T17:10:56.995,203300,348.7,1.630,28.24
2026-09-30T17:10:57.094,203400,348.9,1.630,28.26
2026-09-30T17:10:57.190,203500,348.9,1.630,28.26
2026-09-30T17:10:57.290,203600,348.9,1.630,28.26
2026-09-30T17:10:57.391,203700,349.0,1.631,28.27
2026-09-30T17:10:57.490,203800,349.2,1.632,28.29
2026-09-30T17:10:57.591,203900,349.5,1.633,28.33
2026-09-30T17:10:57.690,204000,349.5,1.633,28.33
2026-09-30T17:10:57.790,204100,349.7,1.634,28.36
2026-09-30T17:10:57.890,204200,349.7,1.634,28.36
2026-09-30T17:10:57.990,204300,350.0,1.635,28.38
2026-09-30T17:10:58.090,204400,350.1,1.636,28.40
2026-09-30T17:10:58.190,204500,349.9,1.635,28.38
2026-09-30T17:10:58.290,204600,350.1,1.636,28.40
2026-09-30T17:10:58.390,204700,350.3,1.637,28.42
2026-09-30T17:10:58.491,204800,350.2,1.636,28.41
2026-09-30T17:10:58.590,204900,350.2,1.636,28.41
2026-09-30T17:10:58.690,205000,350.3,1.637,28.42
2026-09-30T17:10:58.790,205100,350.6,1.638,28.45
2026-09-30T17:10:58.892,205200,350.4,1.637,28.44
2026-09-30T17:10:58.992,205300,350.4,1.637,28.44
2026-09-30T17:10:59.091,205400,350.6,1.638,28.46
2026-09-30T17:10:59.191,205500,350.6,1.638,28.45
2026-09-30T17:10:59.292,205600,350.8,1.639,28.48
2026-09-30T17:10:59.390,205700,350.7,1.639,28.47
2026-09-30T17:10:59.490,205800,350.7,1.639,28.47
2026-09-30T17:10:59.590,205900,350.9,1.640,28.49
2026-09-30T17:10:59.689,206000,350.7,1.639,28.46
2026-09-30T17:10:59.791,206100,351.0,1.640,28.50
2026-09-30T17:10:59.889,206200,350.9,1.640,28.49
2026-09-30T17:10:59.990,206300,350.9,1.639,28.49
2026-09-30T17:11:00.089,206400,351.0,1.640,28.50
2026-09-30T17:11:00.189,206500,351.0,1.640,28.50
2026-09-30T17:11:00.289,206600,351.1,1.641,28.52
2026-09-30T17:11:00.389,206700,351.2,1.641,28.52
2026-09-30T17:11:00.489,206800,351.2,1.641,28.53
2026-09-30T17:11:00.590,206900,351.3,1.642,28.54
2026-09-30T17:11:00.689,207000,351.3,1.642,28.54
2026-09-30T17:11:00.789,207100,351.1,1.641,28.52
2026-09-30T17:11:00.888,207200,351.4,1.642,28.55
2026-09-30T17:11:00.988,207300,351.3,1.642,28.54
2026-09-30T17:11:01.089,207400,351.3,1.642,28.54
2026-09-30T17:11:01.189,207500,351.4,1.642,28.55
2026-09-30T17:11:01.288,207600,351.4,1.642,28.55
2026-09-30T17:11:01.389,207700,351.6,1.643,28.57
2026-09-30T17:11:01.488,207800,351.4,1.642,28.55
2026-09-30T17:11:01.588,207900,351.6,1.643,28.57
2026-09-30T17:11:01.688,208000,351.6,1.643,28.57
2026-09-30T17:11:01.789,208100,351.6,1.643,28.57
2026-09-30T17:11:01.888,208200,351.6,1.643,28.57
2026-09-30T17:11:01.988,208300,351.8,1.644,28.60
2026-09-30T17:11:02.088,208400,351.6,1.643,28.57
2026-09-30T17:11:02.189,208500,351.6,1.643,28.57
2026-09-30T17:11:02.288,208600,351.6,1.643,28.57
2026-09-30T17:11:02.388,208700,351.9,1.644,28.60
2026-09-30T17:11:02.488,208800,351.9,1.644,28.61
2026-09-30T17:11:02.588,208900,351.8,1.644,28.60
2026-09-30T17:11:02.688,209000,352.0,1.645,28.62
2026-09-30T17:11:02.788,209100,352.1,1.645,28.63
2026-09-30T17:11:02.887,209200,351.9,1.644,28.61
2026-09-30T17:11:02.988,209300,352.0,1.645,28.62
2026-09-30T17:11:03.088,209400,351.9,1.644,28.61
2026-09-30T17:11:03.188,209500,351.9,1.644,28.60
2026-09-30T17:11:03.288,209600,352.1,1.645,28.63
2026-09-30T17:11:03.388,209700,352.1,1.645,28.63
2026-09-30T17:11:03.486,209800,352.2,1.646,28.64
2026-09-30T17:11:03.588,209900,351.9,1.644,28.61
2026-09-30T17:11:03.687,210000,352.1,1.645,28.63
2026-09-30T17:11:03.786,210100,352.2,1.646,28.65
2026-09-30T17:11:03.888,210200,352.1,1.645,28.63
2026-09-30T17:11:03.988,210300,352.2,1.646,28.64
2026-09-30T17:11:04.078,210400,352.1,1.645,28.63
2026-09-30T17:11:04.187,210500,352.2,1.646,28.65
2026-09-30T17:11:04.288,210600,352.2,1.646,28.65
2026-09-30T17:11:04.387,210700,352.2,1.646,28.65
2026-09-30T17:11:04.487,210800,352.2,1.646,28.64
2026-09-30T17:11:04.587,210900,352.3,1.646,28.65
2026-09-30T17:11:04.687,211000,352.4,1.647,28.67
2026-09-30T17:11:04.787,211100,352.3,1.646,28.65
2026-09-30T17:11:04.886,211200,352.4,1.646,28.66
2026-09-30T17:11:04.971,211300,352.4,1.646,28.66
2026-09-30T17:11:05.087,211400,352.4,1.647,28.67
2026-09-30T17:11:05.186,211500,352.5,1.647,28.68
2026-09-30T17:11:05.286,211600,352.4,1.646,28.66
2026-09-30T17:11:05.387,211700,352.3,1.646,28.65
2026-09-30T17:11:05.486,211800,352.2,1.646,28.65
2026-09-30T17:11:05.571,211900,352.6,1.647,28.68
2026-09-30T17:11:05.686,212000,352.5,1.647,28.68
2026-09-30T17:11:05.786,212100,352.6,1.647,28.68
2026-09-30T17:11:05.885,212200,352.5,1.647,28.68
2026-09-30T17:11:05.986,212300,352.5,1.647,28.68
2026-09-30T17:11:06.078,212400,352.4,1.647,28.67
2026-09-30T17:11:06.178,212500,352.5,1.647,28.68
2026-09-30T17:11:06.286,212600,352.6,1.647,28.68
2026-09-30T17:11:06.370,212700,352.7,1.648,28.71
2026-09-30T17:11:06.486,212800,352.7,1.648,28.70
2026-09-30T17:11:06.570,212900,352.6,1.647,28.68
2026-09-30T17:11:06.670,213000,352.9,1.649,28.72
2026-09-30T17:11:06.770,213100,352.7,1.648,28.71
2026-09-30T17:11:06.870,213200,352.6,1.647,28.68
2026-09-30T17:11:06.969,213300,352.6,1.648,28.69
2026-09-30T17:11:07.084,213400,352.7,1.648,28.70
2026-09-30T17:11:07.185,213500,352.5,1.647,28.68
2026-09-30T17:11:07.285,213600,352.7,1.648,28.70
2026-09-30T17:11:07.384,213700,352.7,1.648,28.71
2026-09-30T17:11:07.484,213800,352.9,1.649,28.72
2026-09-30T17:11:07.576,213900,352.9,1.649,28.73
2026-09-30T17:11:07.684,214000,352.9,1.649,28.72
2026-09-30T17:11:07.772,214100,352.9,1.649,28.72
2026-09-30T17:11:07.869,214200,352.7,1.648,28.71
2026-09-30T17:11:07.969,214300,352.8,1.649,28.71
2026-09-30T17:11:08.069,214400,352.9,1.649,28.73
2026-09-30T17:11:08.169,214500,352.9,1.649,28.72
2026-09-30T17:11:08.269,214600,352.9,1.649,28.72
2026-09-30T17:11:08.369,214700,352.8,1.649,28.71
2026-09-30T17:11:08.469,214800,352.8,1.649,28.71
2026-09-30T17:11:08.569,214900,353.0,1.649,28.74
2026-09-30T17:11:08.669,215000,353.2,1.651,28.76
2026-09-30T17:11:08.770,215100,353.1,1.650,28.75
2026-09-30T17:11:08.870,215200,353.0,1.649,28.74
2026-09-30T17:11:08.978,215300,353.1,1.650,28.75
2026-09-30T17:11:09.077,215400,353.1,1.650,28.74
2026-09-30T17:11:09.183,215500,353.1,1.650,28.74
2026-09-30T17:11:09.277,215600,352.8,1.649,28.71
2026-09-30T17:11:09.377,215700,353.1,1.650,28.75
2026-09-30T17:11:09.477,215800,352.7,1.648,28.71
2026-09-30T17:11:09.577,215900,353.0,1.649,28.74
2026-09-30T17:11:09.682,216000,353.1,1.650,28.75
2026-09-30T17:11:09.778,216100,353.1,1.650,28.75
2026-09-30T17:11:09.878,216200,353.2,1.651,28.76
2026-09-30T17:11:09.978,216300,353.2,1.650,28.76
2026-09-30T17:11:10.078,216400,353.1,1.650,28.74
2026-09-30T17:11:10.181,216500,353.2,1.650,28.76
2026-09-30T17:11:10.278,216600,353.2,1.650,28.76
2026-09-30T17:11:10.378,216700,353.0,1.649,28.74
2026-09-30T17:11:10.478,216800,353.1,1.650,28.75
2026-09-30T17:11:10.578,216900,353.2,1.650,28.76
2026-09-30T17:11:10.680,217000,353.1,1.650,28.75
2026-09-30T17:11:10.781,217100,353.2,1.650,28.76
2026-09-30T17:11:10.880,217200,353.3,1.651,28.77
2026-09-30T17:11:10.980,217300,353.2,1.651,28.76
2026-09-30T17:11:11.080,217400,353.1,1.650,28.75
2026-09-30T17:11:11.180,217500,353.2,1.650,28.76
2026-09-30T17:11:11.280,217600,353.4,1.651,28.78
2026-09-30T17:11:11.380,217700,353.1,1.650,28.75
2026-09-30T17:11:11.480,217800,353.2,1.650,28.76
2026-09-30T17:11:11.567,217900,353.1,1.650,28.75
2026-09-30T17:11:11.667,218000,353.1,1.650,28.74
2026-09-30T17:11:11.781,218100,353.2,1.651,28.76
2026-09-30T17:11:11.868,218200,353.5,1.652,28.79
2026-09-30T17:11:11.967,218300,353.5,1.652,28.79
2026-09-30T17:11:12.068,218400,353.4,1.651,28.79
2026-09-30T17:11:12.168,218500,353.2,1.651,28.76
2026-09-30T17:11:12.267,218600,353.4,1.651,28.78
2026-09-30T17:11:12.380,218700,353.3,1.651,28.77
2026-09-30T17:11:12.468,218800,353.4,1.651,28.79
2026-09-30T17:11:12.567,218900,353.3,1.651,28.77
2026-09-30T17:11:12.665,219000,353.2,1.651,28.76
2026-09-30T17:11:12.767,219100,353.4,1.651,28.79
2026-09-30T17:11:12.867,219200,353.3,1.651,28.77
2026-09-30T17:11:12.978,219300,353.2,1.651,28.76
2026-09-30T17:11:13.067,219400,353.3,1.651,28.77
2026-09-30T17:11:13.167,219500,353.6,1.652,28.81
2026-09-30T17:11:13.266,219600,353.7,1.653,28.82
2026-09-30T17:11:13.366,219700,353.4,1.651,28.79
2026-09-30T17:11:13.466,219800,353.4,1.651,28.78
2026-09-30T17:11:13.566,219900,353.6,1.652,28.80
2026-09-30T17:11:13.667,220000,353.4,1.651,28.79
2026-09-30T17:11:13.767,220100,353.2,1.650,28.76
2026-09-30T17:11:13.872,220200,353.8,1.653,28.83
2026-09-30T17:11:13.966,220300,353.6,1.652,28.80
2026-09-30T17:11:14.067,220400,353.6,1.652,28.81
2026-09-30T17:11:14.166,220500,353.7,1.653,28.82
2026-09-30T17:11:14.266,220600,353.4,1.651,28.79
2026-09-30T17:11:14.366,220700,353.6,1.652,28.80
2026-09-30T17:11:14.466,220800,353.4,1.651,28.78
2026-09-30T17:11:14.565,220900,353.6,1.652,28.81
2026-09-30T17:11:14.678,221000,353.6,1.652,28.81
2026-09-30T17:11:14.766,221100,353.6,1.652,28.81
2026-09-30T17:11:14.865,221200,353.5,1.652,28.79
2026-09-30T17:11:14.964,221300,353.6,1.652,28.81
2026-09-30T17:11:15.076,221400,353.6,1.652,28.80
2026-09-30T17:11:15.166,221500,353.7,1.653,28.82
2026-09-30T17:11:15.265,221600,353.6,1.652,28.80
2026-09-30T17:11:15.365,221700,353.7,1.653,28.82
2026-09-30T17:11:15.465,221800,353.7,1.653,28.82
2026-09-30T17:11:15.577,221900,353.4,1.651,28.78
2026-09-30T17:11:15.665,222000,353.8,1.653,28.83
2026-09-30T17:11:15.764,222100,353.5,1.652,28.79
2026-09-30T17:11:15.865,222200,353.6,1.652,28.80
2026-09-30T17:11:15.964,222300,353.7,1.653,28.82
2026-09-30T17:11:16.076,222400,353.7,1.653,28.82
2026-09-30T17:11:16.175,222500,353.7,1.653,28.82
2026-09-30T17:11:16.264,222600,353.6,1.652,28.80
2026-09-30T17:11:16.376,222700,353.7,1.653,28.82
2026-09-30T17:11:16.464,222800,353.7,1.653,28.82
2026-09-30T17:11:16.566,222900,353.7,1.653,28.82
2026-09-30T17:11:16.664,223000,353.7,1.653,28.82
2026-09-30T17:11:16.765,223100,353.7,1.653,28.82
2026-09-30T17:11:16.863,223200,353.7,1.653,28.82
2026-09-30T17:11:16.975,223300,353.9,1.654,28.84
2026-09-30T17:11:17.075,223400,353.7,1.653,28.82
2026-09-30T17:11:17.164,223500,353.6,1.652,28.81
2026-09-30T17:11:17.264,223600,353.7,1.653,28.82
2026-09-30T17:11:17.364,223700,353.8,1.653,28.83
2026-09-30T17:11:17.464,223800,353.8,1.653,28.83
2026-09-30T17:11:17.564,223900,353.7,1.653,28.82
2026-09-30T17:11:17.664,224000,353.7,1.653,28.82
2026-09-30T17:11:17.763,224100,354.0,1.654,28.85
2026-09-30T17:11:17.865,224200,353.7,1.653,28.82
2026-09-30T17:11:17.963,224300,353.7,1.653,28.82
2026-09-30T17:11:18.064,224400,353.9,1.653,28.84
2026-09-30T17:11:18.163,224500,353.7,1.653,28.82
2026-09-30T17:11:18.264,224600,353.9,1.653,28.84
2026-09-30T17:11:18.363,224700,353.7,1.653,28.82
2026-09-30T17:11:18.462,224800,353.7,1.653,28.82
2026-09-30T17:11:18.573,224900,353.7,1.653,28.82
2026-09-30T17:11:18.664,225000,353.7,1.653,28.82
2026-09-30T17:11:18.763,225100,353.9,1.653,28.84
2026-09-30T17:11:18.864,225200,354.0,1.654,28.85
2026-09-30T17:11:18.962,225300,353.7,1.653,28.82
2026-09-30T17:11:19.073,225400,353.7,1.653,28.82
2026-09-30T17:11:19.165,225500,353.9,1.654,28.84
2026-09-30T17:11:19.263,225600,353.8,1.653,28.83
2026-09-30T17:11:19.363,225700,353.7,1.653,28.82
2026-09-30T17:11:19.463,225800,353.9,1.654,28.84
2026-09-30T17:11:19.562,225900,353.9,1.653,28.84
2026-09-30T17:11:19.673,226000,353.8,1.653,28.83
2026-09-30T17:11:19.762,226100,354.0,1.654,28.85
2026-09-30T17:11:19.872,226200,353.8,1.653,28.83
2026-09-30T17:11:19.963,226300,353.9,1.654,28.84
2026-09-30T17:11:20.066,226400,354.0,1.654,28.85
2026-09-30T17:11:20.163,226500,353.7,1.653,28.82
2026-09-30T17:11:20.263,226600,353.7,1.653,28.82
2026-09-30T17:11:20.361,226700,353.9,1.654,28.84
2026-09-30T17:11:20.462,226800,353.8,1.653,28.83
2026-09-30T17:11:20.566,226900,354.1,1.655,28.87
2026-09-30T17:11:20.662,227000,353.9,1.654,28.84
2026-09-30T17:11:20.761,227100,353.8,1.653,28.83
2026-09-30T17:11:20.863,227200,353.9,1.653,28.84
2026-09-30T17:11:20.961,227300,353.6,1.652,28.80
2026-09-30T17:11:21.062,227400,353.7,1.653,28.82
2026-09-30T17:11:21.161,227500,353.9,1.653,28.84
2026-09-30T17:11:21.271,227600,353.9,1.653,28.84
2026-09-30T17:11:21.362,227700,353.8,1.653,28.83
2026-09-30T17:11:21.461,227800,353.9,1.653,28.84
2026-09-30T17:11:21.561,227900,353.8,1.653,28.83
2026-09-30T17:11:21.661,228000,354.1,1.654,28.86
2026-09-30T17:11:21.770,228100,353.8,1.653,28.83
2026-09-30T17:11:21.870,228200,353.9,1.653,28.84
2026-09-30T17:11:21.961,228300,353.9,1.654,28.84
2026-09-30T17:11:22.061,228400,353.7,1.653,28.82
2026-09-30T17:11:22.161,228500,353.8,1.653,28.83
2026-09-30T17:11:22.260,228600,353.7,1.653,28.82
2026-09-30T17:11:22.360,228700,353.9,1.654,28.84
2026-09-30T17:11:22.461,228800,354.0,1.654,28.85
2026-09-30T17:11:22.560,228900,354.0,1.654,28.85
2026-09-30T17:11:22.661,229000,353.9,1.654,28.84
2026-09-30T17:11:22.761,229100,353.8,1.653,28.83
2026-09-30T17:11:22.861,229200,353.8,1.653,28.83
2026-09-30T17:11:22.960,229300,353.8,1.653,28.83
2026-09-30T17:11:23.060,229400,354.1,1.654,28.86
2026-09-30T17:11:23.160,229500,353.9,1.654,28.84
2026-09-30T17:11:23.261,229600,353.9,1.653,28.84
2026-09-30T17:11:23.361,229700,353.9,1.653,28.84
2026-09-30T17:11:23.460,229800,353.9,1.653,28.84
2026-09-30T17:11:23.561,229900,353.7,1.653,28.82
2026-09-30T17:11:23.660,230000,353.6,1.652,28.80
2026-09-30T17:11:23.761,230100,353.9,1.654,28.84
2026-09-30T17:11:23.860,230200,353.8,1.653,28.83
2026-09-30T17:11:23.961,230300,353.9,1.653,28.84
2026-09-30T17:11:24.060,230400,353.8,1.653,28.83
2026-09-30T17:11:24.160,230500,353.9,1.654,28.84
2026-09-30T17:11:24.260,230600,354.0,1.654,28.85
2026-09-30T17:11:24.360,230700,353.8,1.653,28.83
2026-09-30T17:11:24.459,230800,353.9,1.654,28.84
2026-09-30T17:11:24.560,230900,354.0,1.654,28.85
2026-09-30T17:11:24.660,231000,353.9,1.653,28.84
2026-09-30T17:11:24.760,231100,353.9,1.653,28.84
2026-09-30T17:11:24.867,231200,353.9,1.654,28.84
2026-09-30T17:11:24.967,231300,354.0,1.654,28.85
2026-09-30T17:11:25.068,231400,353.9,1.654,28.84
2026-09-30T17:11:25.160,231500,353.9,1.654,28.84
2026-09-30T17:11:25.259,231600,353.8,1.653,28.83
2026-09-30T17:11:25.360,231700,354.1,1.655,28.87
2026-09-30T17:11:25.459,231800,353.8,1.653,28.83
2026-09-30T17:11:25.566,231900,354.1,1.655,28.87
2026-09-30T17:11:25.659,232000,353.6,1.652,28.80
2026-09-30T17:11:25.760,232100,353.8,1.653,28.83
2026-09-30T17:11:25.859,232200,353.9,1.654,28.84
2026-09-30T17:11:25.960,232300,353.8,1.653,28.83
2026-09-30T17:11:26.059,232400,354.1,1.655,28.87
2026-09-30T17:11:26.162,232500,353.9,1.653,28.84
2026-09-30T17:11:26.259,232600,353.9,1.654,28.84
2026-09-30T17:11:26.362,232700,353.9,1.653,28.84
2026-09-30T17:11:26.459,232800,353.8,1.653,28.83
2026-09-30T17:11:26.566,232900,353.7,1.653,28.82
2026-09-30T17:11:26.660,233000,353.8,1.653,28.83
2026-09-30T17:11:26.758,233100,353.8,1.653,28.83
2026-09-30T17:11:26.859,233200,353.9,1.654,28.84
2026-09-30T17:11:26.958,233300,353.9,1.653,28.84
2026-09-30T17:11:27.058,233400,353.9,1.653,28.84
2026-09-30T17:11:27.166,233500,354.0,1.654,28.85
2026-09-30T17:11:27.262,233600,353.8,1.653,28.83
2026-09-30T17:11:27.359,233700,354.0,1.654,28.85
2026-09-30T17:11:27.458,233800,354.1,1.654,28.86
2026-09-30T17:11:27.559,233900,353.9,1.654,28.84
2026-09-30T17:11:27.660,234000,353.9,1.654,28.84
2026-09-30T17:11:27.759,234100,353.7,1.653,28.82
2026-09-30T17:11:27.858,234200,353.9,1.654,28.84
2026-09-30T17:11:27.958,234300,353.8,1.653,28.83
2026-09-30T17:11:28.058,234400,353.9,1.654,28.84
2026-09-30T17:11:28.158,234500,353.7,1.653,28.82
2026-09-30T17:11:28.258,234600,353.9,1.654,28.84
2026-09-30T17:11:28.358,234700,354.0,1.654,28.85
2026-09-30T17:11:28.458,234800,353.7,1.653,28.82
2026-09-30T17:11:28.558,234900,353.9,1.653,28.84
2026-09-30T17:11:28.659,235000,353.9,1.654,28.84
2026-09-30T17:11:28.760,235100,353.7,1.653,28.82
2026-09-30T17:11:28.858,235200,354.0,1.654,28.85
2026-09-30T17:11:28.957,235300,354.0,1.654,28.85
2026-09-30T17:11:29.057,235400,354.1,1.654,28.86
2026-09-30T17:11:29.157,235500,354.0,1.654,28.85
2026-09-30T17:11:29.258,235600,354.0,1.654,28.85
2026-09-30T17:11:29.363,235700,353.7,1.653,28.82
2026-09-30T17:11:29.457,235800,354.0,1.654,28.85
2026-09-30T17:11:29.560,235900,354.0,1.654,28.85
2026-09-30T17:11:29.657,236000,353.9,1.654,28.84
2026-09-30T17:11:29.757,236100,354.0,1.654,28.85
2026-09-30T17:11:29.863,236200,354.0,1.654,28.85
2026-09-30T17:11:29.957,236300,353.9,1.653,28.84
2026-09-30T17:11:30.063,236400,353.9,1.653,28.84
2026-09-30T17:11:30.156,236500,354.1,1.655,28.87
2026-09-30T17:11:30.258,236600,353.9,1.653,28.84
2026-09-30T17:11:30.357,236700,353.9,1.653,28.84
2026-09-30T17:11:30.457,236800,354.0,1.654,28.85
2026-09-30T17:11:30.557,236900,353.8,1.653,28.83
2026-09-30T17:11:30.657,237000,354.1,1.654,28.86
2026-09-30T17:11:30.757,237100,353.9,1.653,28.84
2026-09-30T17:11:30.857,237200,353.7,1.653,28.82
2026-09-30T17:11:30.959,237300,353.9,1.654,28.84
2026-09-30T17:11:31.059,237400,353.9,1.653,28.84
2026-09-30T17:11:31.161,237500,353.8,1.653,28.83
2026-09-30T17:11:31.262,237600,353.9,1.654,28.84
2026-09-30T17:11:31.361,237700,353.9,1.654,28.84
2026-09-30T17:11:31.460,237800,353.9,1.654,28.84
2026-09-30T17:11:31.556,237900,353.9,1.653,28.84
2026-09-30T17:11:31.656,238000,353.8,1.653,28.83
2026-09-30T17:11:31.757,238100,354.0,1.654,28.85
2026-09-30T17:11:31.861,238200,353.9,1.653,28.84
2026-09-30T17:11:31.956,238300,354.0,1.654,28.85
2026-09-30T17:11:32.056,238400,353.7,1.653,28.82
2026-09-30T17:11:32.158,238500,353.9,1.654,28.84
2026-09-30T17:11:32.259,238600,353.7,1.653,28.82
2026-09-30T17:11:32.355,238700,353.9,1.654,28.84
2026-09-30T17:11:32.456,238800,353.9,1.654,28.84
2026-09-30T17:11:32.554,238900,353.9,1.654,28.84
2026-09-30T17:11:32.655,239000,353.9,1.653,28.84
2026-09-30T17:11:32.761,239100,353.6,1.652,28.81
2026-09-30T17:11:32.860,239200,353.7,1.653,28.82
2026-09-30T17:11:32.956,239300,353.8,1.653,28.83
2026-09-30T17:11:33.055,239400,354.2,1.655,28.87
2026-09-30T17:11:33.155,239500,353.9,1.653,28.84
2026-09-30T17:11:33.255,239600,353.7,1.653,28.82
2026-09-30T17:11:33.355,239700,353.9,1.653,28.84
2026-09-30T17:11:33.455,239800,354.0,1.654,28.85
2026-09-30T17:11:33.555,239900,354.0,1.654,28.85
2026-09-30T17:11:33.655,240000,353.8,1.653,28.83
2026-09-30T17:11:33.754,240100,354.1,1.654,28.86
2026-09-30T17:11:33.855,240200,353.9,1.654,28.84
2026-09-30T17:11:33.957,240300,353.8,1.653,28.83
2026-09-30T17:11:34.054,240400,353.7,1.653,28.82
2026-09-30T17:11:34.154,240500,354.1,1.654,28.86
2026-09-30T17:11:34.254,240600,353.9,1.653,28.84
2026-09-30T17:11:34.354,240700,353.9,1.653,28.84
2026-09-30T17:11:34.455,240800,353.9,1.653,28.84
2026-09-30T17:11:34.553,240900,353.7,1.653,28.82
2026-09-30T17:11:34.655,241000,353.7,1.653,28.82
2026-09-30T17:11:34.754,241100,353.7,1.653,28.82
2026-09-30T17:11:34.854,241200,354.0,1.654,28.85
2026-09-30T17:11:34.954,241300,353.8,1.653,28.83
2026-09-30T17:11:35.053,241400,354.1,1.654,28.86
2026-09-30T17:11:35.154,241500,353.9,1.653,28.84
2026-09-30T17:11:35.254,241600,353.8,1.653,28.83
2026-09-30T17:11:35.354,241700,354.0,1.654,28.85
2026-09-30T17:11:35.454,241800,353.9,1.653,28.84
2026-09-30T17:11:35.558,241900,353.9,1.654,28.84
2026-09-30T17:11:35.655,242000,354.0,1.654,28.85
2026-09-30T17:11:35.753,242100,353.9,1.653,28.84
2026-09-30T17:11:35.858,242200,353.9,1.654,28.84
2026-09-30T17:11:35.954,242300,354.0,1.654,28.85
2026-09-30T17:11:36.055,242400,353.9,1.653,28.84
2026-09-30T17:11:36.158,242500,353.7,1.653,28.82
2026-09-30T17:11:36.257,242600,353.9,1.654,28.84
2026-09-30T17:11:36.355,242700,354.1,1.654,28.86
2026-09-30T17:11:36.455,242800,353.9,1.653,28.84
2026-09-30T17:11:36.557,242900,353.7,1.653,28.82
2026-09-30T17:11:36.653,243000,353.9,1.653,28.84
2026-09-30T17:11:36.753,243100,353.9,1.653,28.84
2026-09-30T17:11:36.855,243200,353.7,1.653,28.82
2026-09-30T17:11:36.953,243300,354.0,1.654,28.85
2026-09-30T17:11:37.053,243400,353.8,1.653,28.83
2026-09-30T17:11:37.155,243500,353.9,1.653,28.84
2026-09-30T17:11:37.255,243600,353.9,1.654,28.84
2026-09-30T17:11:37.356,243700,353.9,1.653,28.84
2026-09-30T17:11:37.453,243800,353.9,1.653,28.84
2026-09-30T17:11:37.553,243900,353.8,1.653,28.83
2026-09-30T17:11:37.652,244000,353.9,1.653,28.84
2026-09-30T17:11:37.755,244100,353.9,1.653,28.84
2026-09-30T17:11:37.852,244200,354.0,1.654,28.85
2026-09-30T17:11:37.952,244300,353.9,1.653,28.84
2026-09-30T17:11:38.052,244400,354.0,1.654,28.85
2026-09-30T17:11:38.153,244500,353.7,1.653,28.82
2026-09-30T17:11:38.253,244600,353.7,1.653,28.82
2026-09-30T17:11:38.354,244700,353.8,1.653,28.83
2026-09-30T17:11:38.453,244800,353.7,1.653,28.82
2026-09-30T17:11:38.553,244900,353.7,1.653,28.82
2026-09-30T17:11:38.653,245000,353.8,1.653,28.83
2026-09-30T17:11:38.754,245100,353.6,1.652,28.81
2026-09-30T17:11:38.854,245200,353.7,1.653,28.82
2026-09-30T17:11:38.954,245300,353.7,1.653,28.82
2026-09-30T17:11:39.054,245400,353.8,1.653,28.83
2026-09-30T17:11:39.154,245500,353.9,1.654,28.84
2026-09-30T17:11:39.254,245600,353.9,1.653,28.84
2026-09-30T17:11:39.354,245700,353.9,1.653,28.84
2026-09-30T17:11:39.454,245800,353.7,1.653,28.82
2026-09-30T17:11:39.552,245900,353.9,1.654,28.84
2026-09-30T17:11:39.654,246000,353.8,1.653,28.83
2026-09-30T17:11:39.754,246100,353.7,1.653,28.82
2026-09-30T17:11:39.850,246200,353.6,1.652,28.81
2026-09-30T17:11:39.952,246300,353.6,1.652,28.80
2026-09-30T17:11:40.051,246400,353.7,1.653,28.82
2026-09-30T17:11:40.153,246500,353.8,1.653,28.83
2026-09-30T17:11:40.252,246600,353.7,1.653,28.82
2026-09-30T17:11:40.353,246700,353.6,1.652,28.81
2026-09-30T17:11:40.452,246800,353.9,1.654,28.84
2026-09-30T17:11:40.551,246900,353.7,1.653,28.82
2026-09-30T17:11:40.651,247000,353.8,1.653,28.83
2026-09-30T17:11:40.738,247100,353.6,1.652,28.81
2026-09-30T17:11:40.851,247200,353.9,1.653,28.84
2026-09-30T17:11:40.953,247300,353.9,1.653,28.84
2026-09-30T17:11:41.051,247400,354.0,1.654,28.85
2026-09-30T17:11:41.151,247500,353.7,1.653,28.82
2026-09-30T17:11:41.251,247600,353.9,1.653,28.84
2026-09-30T17:11:41.351,247700,353.7,1.653,28.82
2026-09-30T17:11:41.451,247800,353.8,1.653,28.83
2026-09-30T17:11:41.551,247900,353.7,1.653,28.82
2026-09-30T17:11:41.650,248000,353.9,1.654,28.84
2026-09-30T17:11:41.750,248100,353.8,1.653,28.83
2026-09-30T17:11:41.851,248200,353.9,1.653,28.84
2026-09-30T17:11:41.950,248300,353.9,1.653,28.84
2026-09-30T17:11:42.051,248400,353.9,1.653,28.84
2026-09-30T17:11:42.150,248500,353.7,1.653,28.82
2026-09-30T17:11:42.251,248600,353.6,1.652,28.81
2026-09-30T17:11:42.350,248700,353.9,1.653,28.84
2026-09-30T17:11:42.450,248800,353.6,1.652,28.80
2026-09-30T17:11:42.550,248900,353.9,1.653,28.84
2026-09-30T17:11:42.650,249000,353.7,1.653,28.82
2026-09-30T17:11:42.750,249100,353.8,1.653,28.83
2026-09-30T17:11:42.850,249200,353.7,1.653,28.82
2026-09-30T17:11:42.950,249300,354.1,1.654,28.86
2026-09-30T17:11:43.050,249400,354.0,1.654,28.85
2026-09-30T17:11:43.150,249500,353.8,1.653,28.83
2026-09-30T17:11:43.250,249600,353.6,1.652,28.81
2026-09-30T17:11:43.350,249700,353.9,1.653,28.84
2026-09-30T17:11:43.450,249800,353.7,1.653,28.82
2026-09-30T17:11:43.549,249900,353.8,1.653,28.83
2026-09-30T17:11:43.650,250000,353.9,1.653,28.84
2026-09-30T17:11:43.749,250100,353.4,1.651,28.79
2026-09-30T17:11:43.849,250200,353.8,1.653,28.83
2026-09-30T17:11:43.949,250300,353.9,1.654,28.84
2026-09-30T17:11:44.051,250400,353.5,1.652,28.79
2026-09-30T17:11:44.149,250500,353.6,1.652,28.81
2026-09-30T17:11:44.249,250600,353.8,1.653,28.83
2026-09-30T17:11:44.349,250700,353.5,1.652,28.79
2026-09-30T17:11:44.449,250800,353.6,1.652,28.81
2026-09-30T17:11:44.549,250900,353.7,1.653,28.82
2026-09-30T17:11:44.649,251000,353.9,1.653,28.84
2026-09-30T17:11:44.749,251100,353.8,1.653,28.83
2026-09-30T17:11:44.849,251200,353.9,1.654,28.84
2026-09-30T17:11:44.949,251300,353.9,1.653,28.84
2026-09-30T17:11:45.034,251400,353.8,1.653,28.83
2026-09-30T17:11:45.147,251500,353.9,1.654,28.84
2026-09-30T17:11:45.249,251600,353.9,1.654,28.84
2026-09-30T17:11:45.349,251700,354.1,1.654,28.86
2026-09-30T17:11:45.448,251800,353.7,1.653,28.82
2026-09-30T17:11:45.549,251900,353.6,1.652,28.81
2026-09-30T17:11:45.647,252000,353.9,1.653,28.84
2026-09-30T17:11:45.748,252100,353.6,1.652,28.81
2026-09-30T17:11:45.848,252200,353.9,1.654,28.84
2026-09-30T17:11:45.933,252300,353.6,1.652,28.81
2026-09-30T17:11:46.032,252400,353.7,1.653,28.82
2026-09-30T17:11:46.149,252500,353.7,1.653,28.82
2026-09-30T17:11:46.232,252600,353.7,1.653,28.82
2026-09-30T17:11:46.348,252700,353.7,1.653,28.82
2026-09-30T17:11:46.432,252800,353.7,1.653,28.82
2026-09-30T17:11:46.532,252900,353.7,1.653,28.82
2026-09-30T17:11:46.632,253000,353.5,1.652,28.79
2026-09-30T17:11:46.732,253100,353.7,1.653,28.82
2026-09-30T17:11:46.832,253200,353.6,1.652,28.81
2026-09-30T17:11:46.932,253300,354.0,1.654,28.85
2026-09-30T17:11:47.032,253400,353.6,1.652,28.80
2026-09-30T17:11:47.132,253500,353.8,1.653,28.83
2026-09-30T17:11:47.246,253600,353.8,1.653,28.83
2026-09-30T17:11:47.346,253700,353.9,1.653,28.84
2026-09-30T17:11:47.432,253800,353.7,1.653,28.82
2026-09-30T17:11:47.532,253900,353.9,1.653,28.84
2026-09-30T17:11:47.631,254000,353.9,1.654,28.84
2026-09-30T17:11:47.732,254100,353.7,1.653,28.82
2026-09-30T17:11:47.831,254200,353.7,1.653,28.82
2026-09-30T17:11:47.931,254300,353.9,1.654,28.84
2026-09-30T17:11:48.031,254400,353.7,1.653,28.82
2026-09-30T17:11:48.131,254500,353.7,1.653,28.82
2026-09-30T17:11:48.231,254600,353.6,1.652,28.81
2026-09-30T17:11:48.346,254700,353.7,1.653,28.82
2026-09-30T17:11:48.431,254800,353.9,1.653,28.84
2026-09-30T17:11:48.531,254900,353.8,1.653,28.83
2026-09-30T17:11:48.631,255000,353.7,1.653,28.82
2026-09-30T17:11:48.731,255100,353.6,1.652,28.81
2026-09-30T17:11:48.845,255200,353.6,1.652,28.81
2026-09-30T17:11:48.931,255300,354.0,1.654,28.85
2026-09-30T17:11:49.031,255400,354.0,1.654,28.85
2026-09-30T17:11:49.131,255500,353.5,1.652,28.79
2026-09-30T17:11:49.231,255600,353.7,1.653,28.82
2026-09-30T17:11:49.330,255700,353.6,1.652,28.80
2026-09-30T17:11:49.431,255800,353.8,1.653,28.83
2026-09-30T17:11:49.531,255900,353.9,1.654,28.84
2026-09-30T17:11:49.631,256000,354.1,1.654,28.86
2026-09-30T17:11:49.731,256100,353.7,1.653,28.82
2026-09-30T17:11:49.830,256200,353.8,1.653,28.83
2026-09-30T17:11:49.944,256300,353.7,1.653,28.82
2026-09-30T17:11:50.031,256400,353.4,1.651,28.79
2026-09-30T17:11:50.130,256500,353.6,1.652,28.80
2026-09-30T17:11:50.230,256600,353.6,1.652,28.81
2026-09-30T17:11:50.330,256700,353.9,1.653,28.84
2026-09-30T17:11:50.429,256800,353.9,1.654,28.84
2026-09-30T17:11:50.543,256900,353.9,1.653,28.84
2026-09-30T17:11:50.630,257000,353.8,1.653,28.83
2026-09-30T17:11:50.730,257100,353.6,1.652,28.81
2026-09-30T17:11:50.830,257200,353.6,1.652,28.80
2026-09-30T17:11:50.929,257300,353.8,1.653,28.83
2026-09-30T17:11:51.043,257400,353.7,1.653,28.82
2026-09-30T17:11:51.130,257500,353.3,1.651,28.77
2026-09-30T17:11:51.230,257600,353.8,1.653,28.83
2026-09-30T17:11:51.330,257700,353.6,1.652,28.81
2026-09-30T17:11:51.436,257800,353.9,1.653,28.84
2026-09-30T17:11:51.530,257900,353.6,1.652,28.81
2026-09-30T17:11:51.629,258000,353.7,1.653,28.82
2026-09-30T17:11:51.729,258100,353.6,1.652,28.80
2026-09-30T17:11:51.829,258200,353.5,1.652,28.79
2026-09-30T17:11:51.929,258300,353.8,1.653,28.83
2026-09-30T17:11:52.029,258400,353.7,1.653,28.82
2026-09-30T17:11:52.129,258500,353.6,1.652,28.80
2026-09-30T17:11:52.229,258600,353.3,1.651,28.77
2026-09-30T17:11:52.329,258700,353.6,1.652,28.80
2026-09-30T17:11:52.429,258800,353.9,1.653,28.84
2026-09-30T17:11:52.529,258900,353.7,1.653,28.82
2026-09-30T17:11:52.629,259000,353.4,1.651,28.79
2026-09-30T17:11:52.729,259100,353.7,1.653,28.82
2026-09-30T17:11:52.829,259200,353.6,1.652,28.80
2026-09-30T17:11:52.929,259300,353.9,1.654,28.84
2026-09-30T17:11:53.029,259400,353.5,1.652,28.79
2026-09-30T17:11:53.129,259500,353.6,1.652,28.80
2026-09-30T17:11:53.229,259600,353.7,1.653,28.82
2026-09-30T17:11:53.329,259700,353.7,1.653,28.82
2026-09-30T17:11:53.429,259800,353.7,1.653,28.82
2026-09-30T17:11:53.529,259900,353.8,1.653,28.83
2026-09-30T17:11:53.641,260000,353.6,1.652,28.81
2026-09-30T17:11:53.728,260100,353.4,1.651,28.79
2026-09-30T17:11:53.828,260200,353.8,1.653,28.83
2026-09-30T17:11:53.928,260300,353.9,1.654,28.84
2026-09-30T17:11:54.028,260400,353.6,1.652,28.80
2026-09-30T17:11:54.130,260500,353.7,1.653,28.82
2026-09-30T17:11:54.241,260600,353.9,1.654,28.84
2026-09-30T17:11:54.334,260700,353.6,1.652,28.81
2026-09-30T17:11:54.428,260800,353.8,1.653,28.83
2026-09-30T17:11:54.538,260900,353.9,1.653,28.84
2026-09-30T17:11:54.634,261000,354.1,1.654,28.86
2026-09-30T17:11:54.733,261100,353.8,1.653,28.83
2026-09-30T17:11:54.831,261200,353.9,1.654,28.84
2026-09-30T17:11:54.928,261300,353.6,1.652,28.81
2026-09-30T17:11:55.028,261400,354.0,1.654,28.85
2026-09-30T17:11:55.128,261500,353.7,1.653,28.82
2026-09-30T17:11:55.239,261600,353.7,1.653,28.82
2026-09-30T17:11:55.327,261700,353.9,1.654,28.84
2026-09-30T17:11:55.428,261800,354.1,1.654,28.86
2026-09-30T17:11:55.527,261900,354.0,1.654,28.85
2026-09-30T17:11:55.627,262000,354.1,1.654,28.86
2026-09-30T17:11:55.727,262100,354.1,1.655,28.87
2026-09-30T17:11:55.838,262200,354.0,1.654,28.85
2026-09-30T17:11:55.927,262300,354.2,1.655,28.88
2026-09-30T17:11:56.027,262400,354.2,1.655,28.87
2026-09-30T17:11:56.126,262500,354.2,1.655,28.87
2026-09-30T17:11:56.232,262600,354.1,1.655,28.87
2026-09-30T17:11:56.332,262700,354.2,1.655,28.87
2026-09-30T17:11:56.427,262800,354.4,1.656,28.90
2026-09-30T17:11:56.527,262900,354.3,1.656,28.89
2026-09-30T17:11:56.627,263000,354.6,1.657,28.92
2026-09-30T17:11:56.731,263100,354.4,1.656,28.90
2026-09-30T17:11:56.827,263200,354.6,1.657,28.92
2026-09-30T17:11:56.927,263300,354.6,1.657,28.92
2026-09-30T17:11:57.026,263400,354.8,1.658,28.95
2026-09-30T17:11:57.137,263500,354.9,1.658,28.95
2026-09-30T17:11:57.236,263600,354.9,1.658,28.95
2026-09-30T17:11:57.324,263700,355.0,1.659,28.97
2026-09-30T17:11:57.436,263800,355.1,1.659,28.98
2026-09-30T17:11:57.526,263900,355.2,1.660,29.00
2026-09-30T17:11:57.625,264000,355.6,1.662,29.04
2026-09-30T17:11:57.737,264100,355.6,1.661,29.03
2026-09-30T17:11:57.825,264200,355.9,1.663,29.07
2026-09-30T17:11:57.925,264300,356.1,1.664,29.09
2026-09-30T17:11:58.037,264400,356.2,1.664,29.11
2026-09-30T17:11:58.126,264500,356.6,1.666,29.16
2026-09-30T17:11:58.225,264600,356.9,1.668,29.20
2026-09-30T17:11:58.326,264700,357.7,1.671,29.28
2026-09-30T17:11:58.426,264800,358.6,1.676,29.39
2026-09-30T17:11:58.525,264900,359.2,1.678,29.46
2026-09-30T17:11:58.636,265000,360.1,1.683,29.57
2026-09-30T17:11:58.725,265100,360.8,1.686,29.65
2026-09-30T17:11:58.829,265200,361.5,1.689,29.73
2026-09-30T17:11:58.924,265300,362.2,1.692,29.81
2026-09-30T17:11:59.035,265400,362.9,1.696,29.90
2026-09-30T17:11:59.126,265500,363.6,1.699,29.98
2026-09-30T17:11:59.224,265600,364.3,1.702,30.06
2026-09-30T17:11:59.324,265700,364.8,1.705,30.11
2026-09-30T17:11:59.435,265800,365.5,1.708,30.20
2026-09-30T17:11:59.526,265900,366.2,1.711,30.28
2026-09-30T17:11:59.634,266000,366.7,1.714,30.34
2026-09-30T17:11:59.724,266100,366.9,1.715,30.36
2026-09-30T17:11:59.827,266200,367.4,1.717,30.42
2026-09-30T17:11:59.934,266300,367.9,1.719,30.47
2026-09-30T17:12:00.025,266400,368.1,1.720,30.49
2026-09-30T17:12:00.124,266500,368.5,1.722,30.55
2026-09-30T17:12:00.224,266600,368.9,1.724,30.59
2026-09-30T17:12:00.324,266700,369.2,1.725,30.63
2026-09-30T17:12:00.425,266800,369.1,1.724,30.61
2026-09-30T17:12:00.534,266900,369.8,1.728,30.70
2026-09-30T17:12:00.625,267000,370.1,1.729,30.73
2026-09-30T17:12:00.724,267100,370.5,1.731,30.78
2026-09-30T17:12:00.824,267200,370.6,1.732,30.79
2026-09-30T17:12:00.924,267300,370.9,1.733,30.83
2026-09-30T17:12:01.025,267400,371.4,1.736,30.89
2026-09-30T17:12:01.123,267500,371.7,1.737,30.92
2026-09-30T17:12:01.223,267600,372.2,1.739,30.98
2026-09-30T17:12:01.323,267700,372.5,1.741,31.01
2026-09-30T17:12:01.424,267800,372.7,1.741,31.03
2026-09-30T17:12:01.524,267900,373.2,1.744,31.09
2026-09-30T17:12:01.624,268000,373.2,1.744,31.10
2026-09-30T17:12:01.723,268100,373.6,1.745,31.14
2026-09-30T17:12:01.827,268200,374.1,1.748,31.20
2026-09-30T17:12:01.932,268300,374.4,1.749,31.23
2026-09-30T17:12:02.030,268400,374.7,1.751,31.28
2026-09-30T17:12:02.124,268500,374.9,1.752,31.29
2026-09-30T17:12:02.223,268600,375.5,1.755,31.36
2026-09-30T17:12:02.324,268700,375.9,1.756,31.41
2026-09-30T17:12:02.424,268800,376.2,1.758,31.45
2026-09-30T17:12:02.524,268900,376.7,1.760,31.51
2026-09-30T17:12:02.622,269000,377.1,1.762,31.55
2026-09-30T17:12:02.723,269100,377.5,1.764,31.60
2026-09-30T17:12:02.829,269200,378.0,1.766,31.66
2026-09-30T17:12:02.923,269300,378.3,1.768,31.69
2026-09-30T17:12:03.028,269400,378.7,1.770,31.74
2026-09-30T17:12:03.131,269500,379.3,1.772,31.81
2026-09-30T17:12:03.230,269600,379.2,1.772,31.80
2026-09-30T17:12:03.331,269700,379.8,1.775,31.87
2026-09-30T17:12:03.425,269800,380.3,1.777,31.93
2026-09-30T17:12:03.528,269900,380.6,1.778,31.95
2026-09-30T17:12:03.623,270000,381.0,1.780,32.01
2026-09-30T17:12:03.723,270100,381.2,1.781,32.03
2026-09-30T17:12:03.823,270200,381.5,1.783,32.06
2026-09-30T17:12:03.923,270300,381.9,1.785,32.12
2026-09-30T17:12:04.022,270400,382.2,1.786,32.14
2026-09-30T17:12:04.122,270500,382.5,1.787,32.18
2026-09-30T17:12:04.221,270600,382.7,1.788,32.21
2026-09-30T17:12:04.323,270700,383.1,1.790,32.25
2026-09-30T17:12:04.422,270800,383.6,1.792,32.31
2026-09-30T17:12:04.522,270900,383.7,1.793,32.32
2026-09-30T17:12:04.623,271000,383.9,1.794,32.34
2026-09-30T17:12:04.722,271100,384.1,1.795,32.36
2026-09-30T17:12:04.822,271200,384.6,1.797,32.43
2026-09-30T17:12:04.922,271300,384.7,1.797,32.44
2026-09-30T17:12:05.022,271400,385.1,1.799,32.48
2026-09-30T17:12:05.122,271500,385.6,1.802,32.55
2026-09-30T17:12:05.229,271600,386.0,1.804,32.59
2026-09-30T17:12:05.322,271700,386.9,1.808,32.69
2026-09-30T17:12:05.422,271800,386.9,1.808,32.70
2026-09-30T17:12:05.524,271900,387.8,1.812,32.80
2026-09-30T17:12:05.622,272000,388.6,1.816,32.89
2026-09-30T17:12:05.723,272100,389.2,1.819,32.97
2026-09-30T17:12:05.821,272200,390.2,1.823,33.09
2026-09-30T17:12:05.922,272300,391.1,1.828,33.19
2026-09-30T17:12:06.022,272400,392.1,1.832,33.30
2026-09-30T17:12:06.122,272500,392.9,1.836,33.39
2026-09-30T17:12:06.222,272600,393.7,1.840,33.50
2026-09-30T17:12:06.320,272700,394.6,1.844,33.60
2026-09-30T17:12:06.421,272800,395.6,1.848,33.71
2026-09-30T17:12:06.522,272900,396.2,1.851,33.78
2026-09-30T17:12:06.621,273000,397.2,1.856,33.90
2026-09-30T17:12:06.721,273100,397.8,1.859,33.97
2026-09-30T17:12:06.822,273200,398.7,1.863,34.07
2026-09-30T17:12:06.921,273300,399.2,1.865,34.13
2026-09-30T17:12:07.021,273400,399.8,1.868,34.20
2026-09-30T17:12:07.121,273500,400.3,1.870,34.26
2026-09-30T17:12:07.220,273600,400.9,1.873,34.33
2026-09-30T17:12:07.321,273700,401.2,1.875,34.37
2026-09-30T17:12:07.421,273800,401.7,1.877,34.42
2026-09-30T17:12:07.521,273900,402.1,1.879,34.47
2026-09-30T17:12:07.621,274000,402.3,1.880,34.50
2026-09-30T17:12:07.721,274100,402.9,1.882,34.56
2026-09-30T17:12:07.820,274200,403.4,1.885,34.63
2026-09-30T17:12:07.919,274300,403.5,1.885,34.63
2026-09-30T17:12:08.021,274400,403.9,1.887,34.68
2026-09-30T17:12:08.121,274500,404.2,1.889,34.71
2026-09-30T17:12:08.220,274600,404.2,1.889,34.72
2026-09-30T17:12:08.320,274700,405.1,1.893,34.82
2026-09-30T17:12:08.427,274800,405.6,1.895,34.88
2026-09-30T17:12:08.520,274900,405.9,1.896,34.91
2026-09-30T17:12:08.620,275000,406.2,1.898,34.95
2026-09-30T17:12:08.722,275100,406.9,1.901,35.03
2026-09-30T17:12:08.820,275200,407.2,1.903,35.07
2026-09-30T17:12:08.920,275300,408.0,1.906,35.16
2026-09-30T17:12:09.026,275400,408.4,1.908,35.20
2026-09-30T17:12:09.125,275500,409.0,1.911,35.28
2026-09-30T17:12:09.220,275600,409.0,1.911,35.28
2026-09-30T17:12:09.320,275700,409.6,1.914,35.34
2026-09-30T17:12:09.420,275800,410.0,1.916,35.39
2026-09-30T17:12:09.518,275900,410.6,1.919,35.47
2026-09-30T17:12:09.620,276000,411.0,1.920,35.51
2026-09-30T17:12:09.720,276100,411.2,1.921,35.53
2026-09-30T17:12:09.819,276200,411.6,1.923,35.58
2026-09-30T17:12:09.919,276300,412.0,1.925,35.63
2026-09-30T17:12:10.024,276400,412.4,1.927,35.68
2026-09-30T17:12:10.119,276500,412.9,1.929,35.73
2026-09-30T17:12:10.219,276600,412.9,1.929,35.73
2026-09-30T17:12:10.319,276700,413.1,1.930,35.76
2026-09-30T17:12:10.419,276800,413.5,1.932,35.80
2026-09-30T17:12:10.521,276900,413.6,1.932,35.81
2026-09-30T17:12:10.619,277000,414.0,1.934,35.86
2026-09-30T17:12:10.724,277100,414.1,1.935,35.87
2026-09-30T17:12:10.819,277200,414.4,1.936,35.90
2026-09-30T17:12:10.919,277300,414.7,1.938,35.94
2026-09-30T17:12:11.019,277400,414.8,1.938,35.96
2026-09-30T17:12:11.123,277500,415.0,1.939,35.98
2026-09-30T17:12:11.219,277600,415.1,1.940,35.99
2026-09-30T17:12:11.319,277700,415.3,1.941,36.01
2026-09-30T17:12:11.418,277800,415.4,1.941,36.02
2026-09-30T17:12:11.519,277900,415.2,1.940,36.01
2026-09-30T17:12:11.617,278000,415.6,1.942,36.05
2026-09-30T17:12:11.719,278100,415.6,1.942,36.05
2026-09-30T17:12:11.818,278200,415.7,1.942,36.06
2026-09-30T17:12:11.918,278300,415.8,1.943,36.07
2026-09-30T17:12:12.018,278400,415.9,1.943,36.09
2026-09-30T17:12:12.119,278500,416.0,1.944,36.09
2026-09-30T17:12:12.222,278600,416.0,1.944,36.09
2026-09-30T17:12:12.318,278700,416.2,1.945,36.12
2026-09-30T17:12:12.422,278800,416.1,1.944,36.11
2026-09-30T17:12:12.517,278900,416.2,1.945,36.12
2026-09-30T17:12:12.618,279000,416.4,1.946,36.15
2026-09-30T17:12:12.718,279100,416.3,1.945,36.13
2026-09-30T17:12:12.818,279200,416.6,1.947,36.17
2026-09-30T17:12:12.918,279300,416.7,1.947,36.18
2026-09-30T17:12:13.017,279400,416.5,1.946,36.15
2026-09-30T17:12:13.119,279500,416.7,1.947,36.18
2026-09-30T17:12:13.216,279600,416.7,1.947,36.18
2026-09-30T17:12:13.317,279700,416.9,1.948,36.20
2026-09-30T17:12:13.421,279800,416.9,1.948,36.20
2026-09-30T17:12:13.518,279900,416.9,1.948,36.20
2026-09-30T17:12:13.617,280000,417.2,1.949,36.23
2026-09-30T17:12:13.718,280100,417.2,1.949,36.23
2026-09-30T17:12:13.821,280200,417.1,1.949,36.22
2026-09-30T17:12:13.917,280300,417.0,1.948,36.21
2026-09-30T17:12:14.021,280400,416.9,1.948,36.20
2026-09-30T17:12:14.117,280500,417.2,1.950,36.24
2026-09-30T17:12:14.217,280600,417.1,1.949,36.23
2026-09-30T17:12:14.318,280700,417.2,1.949,36.23
2026-09-30T17:12:14.417,280800,417.3,1.950,36.25
2026-09-30T17:12:14.517,280900,417.6,1.951,36.28
2026-09-30T17:12:14.616,281000,417.2,1.950,36.24
2026-09-30T17:12:14.716,281100,417.6,1.951,36.28
2026-09-30T17:12:14.815,281200,417.5,1.951,36.27
2026-09-30T17:12:14.918,281300,417.8,1.952,36.31
2026-09-30T17:12:15.016,281400,417.6,1.951,36.28
2026-09-30T17:12:15.116,281500,417.6,1.951,36.28
2026-09-30T17:12:15.216,281600,417.8,1.952,36.31
2026-09-30T17:12:15.319,281700,417.7,1.952,36.30
2026-09-30T17:12:15.416,281800,417.5,1.951,36.27
2026-09-30T17:12:15.516,281900,417.6,1.951,36.28
2026-09-30T17:12:15.617,282000,418.0,1.953,36.33
2026-09-30T17:12:15.716,282100,418.1,1.953,36.34
2026-09-30T17:12:15.815,282200,418.1,1.953,36.34
2026-09-30T17:12:15.919,282300,418.0,1.953,36.33
2026-09-30T17:12:16.016,282400,418.1,1.954,36.34
2026-09-30T17:12:16.117,282500,418.1,1.953,36.34
2026-09-30T17:12:16.216,282600,418.0,1.953,36.33
2026-09-30T17:12:16.316,282700,418.2,1.954,36.36
2026-09-30T17:12:16.415,282800,418.2,1.954,36.35
2026-09-30T17:12:16.515,282900,418.2,1.954,36.36
2026-09-30T17:12:16.616,283000,418.4,1.955,36.37
2026-09-30T17:12:16.715,283100,418.4,1.955,36.38
2026-09-30T17:12:16.818,283200,418.3,1.955,36.36
2026-09-30T17:12:16.915,283300,418.4,1.955,36.37
2026-09-30T17:12:17.015,283400,418.4,1.955,36.37
2026-09-30T17:12:17.118,283500,418.4,1.955,36.37
2026-09-30T17:12:17.216,283600,418.5,1.955,36.39
2026-09-30T17:12:17.316,283700,418.4,1.955,36.37
2026-09-30T17:12:17.417,283800,418.6,1.956,36.40
2026-09-30T17:12:17.515,283900,418.6,1.956,36.39
2026-09-30T17:12:17.615,284000,418.6,1.956,36.39
2026-09-30T17:12:17.716,284100,418.6,1.956,36.39
2026-09-30T17:12:17.815,284200,418.7,1.956,36.41
2026-09-30T17:12:17.917,284300,418.7,1.957,36.42
2026-09-30T17:12:18.016,284400,418.7,1.956,36.41
2026-09-30T17:12:18.116,284500,418.6,1.956,36.39
2026-09-30T17:12:18.214,284600,418.7,1.957,36.42
2026-09-30T17:12:18.314,284700,418.7,1.956,36.41
2026-09-30T17:12:18.417,284800,418.7,1.956,36.41
2026-09-30T17:12:18.513,284900,418.7,1.957,36.42
2026-09-30T17:12:18.616,285000,418.8,1.957,36.42
2026-09-30T17:12:18.714,285100,419.1,1.958,36.45
2026-09-30T17:12:18.815,285200,419.2,1.959,36.47
2026-09-30T17:12:18.914,285300,418.9,1.957,36.44
2026-09-30T17:12:19.015,285400,419.0,1.958,36.44
2026-09-30T17:12:19.114,285500,418.9,1.957,36.44
2026-09-30T17:12:19.214,285600,418.9,1.957,36.43
2026-09-30T17:12:19.314,285700,419.0,1.958,36.44
2026-09-30T17:12:19.414,285800,419.1,1.958,36.46
2026-09-30T17:12:19.514,285900,418.9,1.957,36.44
2026-09-30T17:12:19.613,286000,419.3,1.959,36.48
2026-09-30T17:12:19.715,286100,418.9,1.957,36.44
2026-09-30T17:12:19.816,286200,419.1,1.958,36.46
2026-09-30T17:12:19.914,286300,419.1,1.958,36.46
2026-09-30T17:12:20.013,286400,419.2,1.959,36.47
2026-09-30T17:12:20.112,286500,419.6,1.960,36.51
2026-09-30T17:12:20.215,286600,419.6,1.960,36.51
2026-09-30T17:12:20.314,286700,419.9,1.962,36.55
2026-09-30T17:12:20.414,286800,420.2,1.963,36.58
2026-09-30T17:12:20.513,286900,420.3,1.964,36.60
2026-09-30T17:12:20.614,287000,420.2,1.963,36.58
2026-09-30T17:12:20.714,287100,420.5,1.965,36.62
2026-09-30T17:12:20.813,287200,420.7,1.966,36.65
2026-09-30T17:12:20.913,287300,421.0,1.967,36.68
2026-09-30T17:12:21.013,287400,421.1,1.968,36.69
2026-09-30T17:12:21.114,287500,421.2,1.968,36.71
2026-09-30T17:12:21.214,287600,422.1,1.972,36.81
2026-09-30T17:12:21.313,287700,422.7,1.975,36.88
2026-09-30T17:12:21.413,287800,423.6,1.979,36.98
2026-09-30T17:12:21.513,287900,424.3,1.983,37.07
2026-09-30T17:12:21.613,288000,424.7,1.985,37.12
2026-09-30T17:12:21.711,288100,425.6,1.988,37.21
2026-09-30T17:12:21.813,288200,426.2,1.991,37.28
2026-09-30T17:12:21.913,288300,426.6,1.993,37.34
2026-09-30T17:12:22.013,288400,427.1,1.996,37.39
2026-09-30T17:12:22.112,288500,427.9,1.999,37.48
2026-09-30T17:12:22.213,288600,428.5,2.002,37.55
2026-09-30T17:12:22.313,288700,429.1,2.005,37.63
2026-09-30T17:12:22.413,288800,429.2,2.005,37.63
2026-09-30T17:12:22.512,288900,429.7,2.008,37.69
2026-09-30T17:12:22.612,289000,430.4,2.011,37.77
2026-09-30T17:12:22.713,289100,431.0,2.014,37.85
2026-09-30T17:12:22.812,289200,431.6,2.016,37.91
2026-09-30T17:12:22.912,289300,432.0,2.019,37.96
2026-09-30T17:12:23.012,289400,432.6,2.021,38.03
2026-09-30T17:12:23.112,289500,432.7,2.022,38.05
2026-09-30T17:12:23.197,289600,433.5,2.026,38.14
2026-09-30T17:12:23.312,289700,433.7,2.026,38.16
2026-09-30T17:12:23.412,289800,434.1,2.028,38.20
2026-09-30T17:12:23.497,289900,434.5,2.030,38.26
2026-09-30T17:12:23.612,290000,434.9,2.032,38.30
2026-09-30T17:12:23.711,290100,435.5,2.035,38.37
2026-09-30T17:12:23.812,290200,435.5,2.035,38.37
2026-09-30T17:12:23.911,290300,435.8,2.036,38.41
2026-09-30T17:12:24.011,290400,436.2,2.038,38.45
2026-09-30T17:12:24.112,290500,436.4,2.039,38.47
2026-09-30T17:12:24.211,290600,436.8,2.041,38.53
2026-09-30T17:12:24.296,290700,436.7,2.040,38.51
2026-09-30T17:12:24.396,290800,437.2,2.043,38.58
2026-09-30T17:12:24.511,290900,437.3,2.043,38.58
2026-09-30T17:12:24.595,291000,437.7,2.045,38.63
2026-09-30T17:12:24.698,291100,437.7,2.045,38.64
2026-09-30T17:12:24.795,291200,438.0,2.047,38.66
2026-09-30T17:12:24.896,291300,438.2,2.047,38.69
2026-09-30T17:12:25.011,291400,438.2,2.048,38.69
2026-09-30T17:12:25.095,291500,438.5,2.049,38.72
2026-09-30T17:12:25.195,291600,438.7,2.050,38.74
2026-09-30T17:12:25.295,291700,438.7,2.050,38.74
2026-09-30T17:12:25.410,291800,438.9,2.051,38.77
2026-09-30T17:12:25.496,291900,439.1,2.052,38.79
2026-09-30T17:12:25.604,292000,439.1,2.052,38.80
2026-09-30T17:12:25.695,292100,439.2,2.052,38.81
2026-09-30T17:12:25.795,292200,439.4,2.053,38.82
2026-09-30T17:12:25.909,292300,439.5,2.054,38.84
2026-09-30T17:12:25.997,292400,439.3,2.053,38.82
2026-09-30T17:12:26.109,292500,439.6,2.054,38.85
2026-09-30T17:12:26.195,292600,439.6,2.054,38.85
2026-09-30T17:12:26.295,292700,439.7,2.055,38.87
2026-09-30T17:12:26.394,292800,440.1,2.056,38.91
2026-09-30T17:12:26.509,292900,440.0,2.056,38.90
2026-09-30T17:12:26.594,293000,439.9,2.055,38.88
2026-09-30T17:12:26.695,293100,440.2,2.057,38.92
2026-09-30T17:12:26.794,293200,440.3,2.057,38.93
2026-09-30T17:12:26.894,293300,440.1,2.056,38.91
2026-09-30T17:12:27.008,293400,440.2,2.057,38.93
2026-09-30T17:12:27.097,293500,440.6,2.059,38.96
2026-09-30T17:12:27.194,293600,440.2,2.057,38.93
2026-09-30T17:12:27.294,293700,440.4,2.058,38.94
2026-09-30T17:12:27.401,293800,440.6,2.059,38.96
2026-09-30T17:12:27.494,293900,440.6,2.059,38.96
2026-09-30T17:12:27.594,294000,440.6,2.059,38.96
2026-09-30T17:12:27.694,294100,440.4,2.058,38.95
2026-09-30T17:12:27.794,294200,440.7,2.059,38.99
2026-09-30T17:12:27.894,294300,440.8,2.060,38.99
2026-09-30T17:12:27.993,294400,440.7,2.059,38.99
2026-09-30T17:12:28.107,294500,440.9,2.060,39.00
2026-09-30T17:12:28.193,294600,440.7,2.059,38.99
2026-09-30T17:12:28.293,294700,440.6,2.059,38.96
2026-09-30T17:12:28.394,294800,440.9,2.060,39.00
2026-09-30T17:12:28.493,294900,440.9,2.060,39.00
2026-09-30T17:12:28.593,295000,441.0,2.061,39.01
2026-09-30T17:12:28.707,295100,441.1,2.061,39.03
2026-09-30T17:12:28.794,295200,441.1,2.061,39.03
2026-09-30T17:12:28.893,295300,440.9,2.060,39.01
2026-09-30T17:12:29.007,295400,441.2,2.061,39.04
2026-09-30T17:12:29.092,295500,441.2,2.061,39.04
2026-09-30T17:12:29.206,295600,441.1,2.061,39.03
2026-09-30T17:12:29.301,295700,441.3,2.062,39.05
2026-09-30T17:12:29.393,295800,441.2,2.061,39.04
2026-09-30T17:12:29.493,295900,441.2,2.062,39.04
2026-09-30T17:12:29.593,296000,441.2,2.061,39.04
2026-09-30T17:12:29.693,296100,441.2,2.062,39.04
2026-09-30T17:12:29.794,296200,441.3,2.062,39.05
2026-09-30T17:12:29.893,296300,441.1,2.061,39.03
2026-09-30T17:12:29.992,296400,441.3,2.062,39.05
2026-09-30T17:12:30.098,296500,441.1,2.061,39.03
2026-09-30T17:12:30.193,296600,441.4,2.062,39.06
2026-09-30T17:12:30.293,296700,441.4,2.063,39.07
2026-09-30T17:12:30.400,296800,441.5,2.063,39.07
2026-09-30T17:12:30.493,296900,441.6,2.064,39.09
2026-09-30T17:12:30.592,297000,441.6,2.063,39.08
2026-09-30T17:12:30.692,297100,441.5,2.063,39.07
2026-09-30T17:12:30.805,297200,441.5,2.063,39.07
2026-09-30T17:12:30.892,297300,441.6,2.063,39.08
2026-09-30T17:12:30.992,297400,441.4,2.063,39.07
2026-09-30T17:12:31.092,297500,441.5,2.063,39.07
2026-09-30T17:12:31.192,297600,441.7,2.064,39.10
2026-09-30T17:12:31.292,297700,441.7,2.064,39.09
2026-09-30T17:12:31.404,297800,441.7,2.064,39.10
2026-09-30T17:12:31.492,297900,441.7,2.064,39.10
2026-09-30T17:12:31.592,298000,441.8,2.064,39.11
2026-09-30T17:12:31.692,298100,441.7,2.064,39.09
2026-09-30T17:12:31.803,298200,441.7,2.064,39.10
2026-09-30T17:12:31.892,298300,441.7,2.064,39.09
2026-09-30T17:12:31.991,298400,442.0,2.065,39.13
2026-09-30T17:12:32.092,298500,441.9,2.065,39.12
2026-09-30T17:12:32.191,298600,442.1,2.066,39.15
2026-09-30T17:12:32.291,298700,442.0,2.065,39.13
2026-09-30T17:12:32.392,298800,441.9,2.065,39.12
2026-09-30T17:12:32.491,298900,442.1,2.066,39.14
2026-09-30T17:12:32.591,299000,442.1,2.066,39.14
2026-09-30T17:12:32.691,299100,442.2,2.066,39.15
2026-09-30T17:12:32.791,299200,442.2,2.066,39.16
2026-09-30T17:12:32.891,299300,442.0,2.065,39.13
2026-09-30T17:12:32.991,299400,442.2,2.066,39.15
2026-09-30T17:12:33.091,299500,442.1,2.066,39.14
2026-09-30T17:12:33.191,299600,442.3,2.067,39.17
2026-09-30T17:12:33.291,299700,442.1,2.066,39.14
2026-09-30T17:12:33.392,299800,442.0,2.065,39.13
2026-09-30T17:12:33.491,299900,442.1,2.066,39.15
2026-09-30T17:12:33.602,300000,442.3,2.067,39.17
2026-09-30T17:12:33.693,300100,442.4,2.067,39.18
2026-09-30T17:12:33.791,300200,442.1,2.066,39.14
2026-09-30T17:12:33.890,300300,442.2,2.066,39.16
2026-09-30T17:12:34.002,300400,442.1,2.066,39.15
2026-09-30T17:12:34.091,300500,442.1,2.066,39.15
2026-09-30T17:12:34.190,300600,442.4,2.067,39.18
2026-09-30T17:12:34.290,300700,442.4,2.067,39.18
2026-09-30T17:12:34.390,300800,442.2,2.066,39.15
2026-09-30T17:12:34.489,300900,442.2,2.066,39.16
2026-09-30T17:12:34.602,301000,442.2,2.066,39.16
2026-09-30T17:12:34.693,301100,442.2,2.066,39.16
2026-09-30T17:12:34.789,301200,442.6,2.068,39.20
2026-09-30T17:12:34.901,301300,442.2,2.066,39.15
2026-09-30T17:12:34.990,301400,442.4,2.067,39.18
2026-09-30T17:12:35.090,301500,442.3,2.067,39.17
2026-09-30T17:12:35.189,301600,442.4,2.067,39.18
2026-09-30T17:12:35.301,301700,442.5,2.068,39.19
2026-09-30T17:12:35.390,301800,442.4,2.067,39.18
2026-09-30T17:12:35.489,301900,442.6,2.068,39.20
2026-09-30T17:12:35.600,302000,442.4,2.067,39.18
2026-09-30T17:12:35.689,302100,442.2,2.066,39.16
2026-09-30T17:12:35.789,302200,442.5,2.068,39.19
2026-09-30T17:12:35.889,302300,442.4,2.067,39.18
2026-09-30T17:12:36.000,302400,442.6,2.068,39.20
2026-09-30T17:12:36.090,302500,442.2,2.066,39.15
2026-09-30T17:12:36.189,302600,442.5,2.068,39.19
2026-09-30T17:12:36.288,302700,442.6,2.068,39.20
2026-09-30T17:12:36.400,302800,442.7,2.068,39.21
2026-09-30T17:12:36.489,302900,442.7,2.068,39.21
2026-09-30T17:12:36.589,303000,442.6,2.068,39.20
2026-09-30T17:12:36.689,303100,442.5,2.068,39.19
2026-09-30T17:12:36.788,303200,442.4,2.067,39.18
2026-09-30T17:12:36.888,303300,442.6,2.068,39.20
2026-09-30T17:12:36.999,303400,442.7,2.068,39.21
2026-09-30T17:12:37.098,303500,442.7,2.069,39.22
2026-09-30T17:12:37.188,303600,442.6,2.068,39.20
2026-09-30T17:12:37.299,303700,442.7,2.069,39.22
2026-09-30T17:12:37.389,303800,442.7,2.068,39.21
2026-09-30T17:12:37.488,303900,442.4,2.067,39.18
2026-09-30T17:12:37.598,304000,442.7,2.068,39.21
2026-09-30T17:12:37.688,304100,442.8,2.069,39.23
2026-09-30T17:12:37.787,304200,442.8,2.069,39.23
2026-09-30T17:12:37.898,304300,442.8,2.069,39.23
2026-09-30T17:12:37.988,304400,442.6,2.068,39.20
2026-09-30T17:12:38.089,304500,442.8,2.069,39.23
2026-09-30T17:12:38.187,304600,442.9,2.070,39.24
2026-09-30T17:12:38.287,304700,442.7,2.069,39.22
2026-09-30T17:12:38.388,304800,442.7,2.068,39.21
2026-09-30T17:12:38.487,304900,442.7,2.069,39.22
2026-09-30T17:12:38.588,305000,442.9,2.070,39.24
2026-09-30T17:12:38.687,305100,443.0,2.070,39.25
2026-09-30T17:12:38.790,305200,442.9,2.070,39.24
2026-09-30T17:12:38.887,305300,442.9,2.070,39.24
2026-09-30T17:12:38.997,305400,442.8,2.069,39.23
2026-09-30T17:12:39.088,305500,442.7,2.069,39.22
2026-09-30T17:12:39.191,305600,442.9,2.069,39.23
2026-09-30T17:12:39.287,305700,442.9,2.070,39.24
2026-09-30T17:12:39.387,305800,442.8,2.069,39.23
2026-09-30T17:12:39.487,305900,443.0,2.070,39.25
2026-09-30T17:12:39.587,306000,442.9,2.069,39.23
2026-09-30T17:12:39.687,306100,442.9,2.069,39.23
2026-09-30T17:12:39.786,306200,442.9,2.069,39.23
2026-09-30T17:12:39.886,306300,443.2,2.071,39.28
2026-09-30T17:12:39.986,306400,443.1,2.070,39.26
2026-09-30T17:12:40.086,306500,442.9,2.070,39.24
2026-09-30T17:12:40.196,306600,442.9,2.070,39.24
2026-09-30T17:12:40.290,306700,443.1,2.070,39.26
2026-09-30T17:12:40.396,306800,442.8,2.069,39.23
2026-09-30T17:12:40.489,306900,442.7,2.068,39.21
2026-09-30T17:12:40.595,307000,442.9,2.069,39.23
2026-09-30T17:12:40.687,307100,443.1,2.070,39.26
2026-09-30T17:12:40.786,307200,443.1,2.070,39.26
2026-09-30T17:12:40.886,307300,442.9,2.070,39.24
2026-09-30T17:12:40.987,307400,443.0,2.070,39.25
2026-09-30T17:12:41.085,307500,443.0,2.070,39.25
2026-09-30T17:12:41.186,307600,443.0,2.070,39.25
2026-09-30T17:12:41.295,307700,443.1,2.071,39.26
2026-09-30T17:12:41.386,307800,443.1,2.070,39.26
2026-09-30T17:12:41.486,307900,443.2,2.071,39.27
2026-09-30T17:12:41.585,308000,443.0,2.070,39.25
2026-09-30T17:12:41.686,308100,442.9,2.069,39.23
2026-09-30T17:12:41.786,308200,443.1,2.071,39.26
2026-09-30T17:12:41.886,308300,443.1,2.071,39.26
2026-09-30T17:12:41.985,308400,443.1,2.070,39.26
2026-09-30T17:12:42.085,308500,443.2,2.071,39.28
2026-09-30T17:12:42.185,308600,443.1,2.070,39.26
2026-09-30T17:12:42.293,308700,443.0,2.070,39.25
2026-09-30T17:12:42.385,308800,443.1,2.070,39.26
2026-09-30T17:12:42.485,308900,443.1,2.071,39.26
2026-09-30T17:12:42.586,309000,443.2,2.071,39.27
2026-09-30T17:12:42.685,309100,443.0,2.070,39.25
2026-09-30T17:12:42.785,309200,443.2,2.071,39.27
2026-09-30T17:12:42.893,309300,442.9,2.069,39.23
2026-09-30T17:12:42.993,309400,442.9,2.069,39.23
2026-09-30T17:12:43.085,309500,443.4,2.072,39.30
2026-09-30T17:12:43.192,309600,443.0,2.070,39.25
2026-09-30T17:12:43.285,309700,443.1,2.071,39.26
2026-09-30T17:12:43.394,309800,443.1,2.071,39.26
2026-09-30T17:12:43.486,309900,443.1,2.071,39.26
2026-09-30T17:12:43.588,310000,443.3,2.071,39.28
2026-09-30T17:12:43.685,310100,443.0,2.070,39.25
2026-09-30T17:12:43.784,310200,443.2,2.071,39.28
2026-09-30T17:12:43.884,310300,443.2,2.071,39.27
2026-09-30T17:12:43.983,310400,443.1,2.071,39.26
2026-09-30T17:12:44.085,310500,443.2,2.071,39.27
2026-09-30T17:12:44.184,310600,443.3,2.071,39.28
2026-09-30T17:12:44.285,310700,443.2,2.071,39.27
2026-09-30T17:12:44.384,310800,443.1,2.070,39.26
2026-09-30T17:12:44.484,310900,443.3,2.071,39.28
2026-09-30T17:12:44.584,311000,443.4,2.072,39.29
2026-09-30T17:12:44.691,311100,443.2,2.071,39.28
2026-09-30T17:12:44.792,311200,443.2,2.071,39.27
2026-09-30T17:12:44.885,311300,443.5,2.072,39.31
2026-09-30T17:12:44.985,311400,443.1,2.070,39.26
2026-09-30T17:12:45.085,311500,443.1,2.071,39.26
2026-09-30T17:12:45.185,311600,443.4,2.072,39.30
2026-09-30T17:12:45.285,311700,443.1,2.071,39.26
2026-09-30T17:12:45.385,311800,443.3,2.071,39.28
2026-09-30T17:12:45.485,311900,443.2,2.071,39.27
2026-09-30T17:12:45.586,312000,443.5,2.072,39.31
2026-09-30T17:12:45.685,312100,443.3,2.071,39.28
2026-09-30T17:12:45.785,312200,443.2,2.071,39.28
2026-09-30T17:12:45.885,312300,443.3,2.071,39.28
2026-09-30T17:12:45.986,312400,443.3,2.071,39.28
2026-09-30T17:12:46.086,312500,443.2,2.071,39.28
2026-09-30T17:12:46.186,312600,443.2,2.071,39.27
2026-09-30T17:12:46.286,312700,443.3,2.071,39.28
2026-09-30T17:12:46.386,312800,443.3,2.071,39.28
2026-09-30T17:12:46.486,312900,443.2,2.071,39.28
2026-09-30T17:12:46.590,313000,443.1,2.071,39.26
2026-09-30T17:12:46.688,313100,443.2,2.071,39.27
2026-09-30T17:12:46.788,313200,443.1,2.071,39.26
2026-09-30T17:12:46.888,313300,443.2,2.071,39.28
2026-09-30T17:12:46.988,313400,443.2,2.071,39.28
2026-09-30T17:12:47.088,313500,443.4,2.072,39.30
2026-09-30T17:12:47.188,313600,443.1,2.071,39.26
2026-09-30T17:12:47.288,313700,443.1,2.071,39.26
2026-09-30T17:12:47.389,313800,443.2,2.071,39.27
2026-09-30T17:12:47.489,313900,443.2,2.071,39.28
2026-09-30T17:12:47.589,314000,443.3,2.071,39.28
2026-09-30T17:12:47.689,314100,443.1,2.071,39.26
2026-09-30T17:12:47.783,314200,443.2,2.071,39.28
2026-09-30T17:12:47.889,314300,443.5,2.072,39.31
2026-09-30T17:12:47.989,314400,443.3,2.071,39.28
2026-09-30T17:12:48.082,314500,443.5,2.072,39.31
2026-09-30T17:12:48.187,314600,443.3,2.071,39.28
2026-09-30T17:12:48.289,314700,443.4,2.072,39.30
2026-09-30T17:12:48.383,314800,443.3,2.071,39.28
2026-09-30T17:12:48.482,314900,443.2,2.071,39.28
2026-09-30T17:12:48.588,315000,443.3,2.071,39.28
2026-09-30T17:12:48.683,315100,443.3,2.071,39.28
2026-09-30T17:12:48.782,315200,443.3,2.071,39.28
2026-09-30T17:12:48.882,315300,443.4,2.072,39.30
2026-09-30T17:12:48.981,315400,443.5,2.072,39.31
2026-09-30T17:12:49.084,315500,443.4,2.072,39.29
2026-09-30T17:12:49.183,315600,443.2,2.071,39.27
2026-09-30T17:12:49.280,315700,443.5,2.072,39.31
2026-09-30T17:12:49.382,315800,443.3,2.071,39.28
2026-09-30T17:12:49.484,315900,443.4,2.072,39.30
2026-09-30T17:12:49.582,316000,443.4,2.072,39.29
2026-09-30T17:12:49.681,316100,443.4,2.072,39.30
2026-09-30T17:12:49.780,316200,443.3,2.071,39.28
2026-09-30T17:12:49.881,316300,443.4,2.072,39.30
2026-09-30T17:12:49.982,316400,443.2,2.071,39.28
2026-09-30T17:12:50.081,316500,443.5,2.072,39.31
2026-09-30T17:12:50.182,316600,443.6,2.073,39.32
2026-09-30T17:12:50.281,316700,443.1,2.071,39.26
2026-09-30T17:12:50.381,316800,443.2,2.071,39.28
2026-09-30T17:12:50.481,316900,443.3,2.071,39.28
2026-09-30T17:12:50.581,317000,443.4,2.072,39.30
2026-09-30T17:12:50.681,317100,443.4,2.072,39.30
2026-09-30T17:12:50.781,317200,443.4,2.072,39.30
2026-09-30T17:12:50.880,317300,443.5,2.072,39.31
2026-09-30T17:12:50.982,317400,443.6,2.073,39.31
2026-09-30T17:12:51.080,317500,443.4,2.072,39.29
2026-09-30T17:12:51.180,317600,443.3,2.071,39.28
2026-09-30T17:12:51.280,317700,443.4,2.072,39.29
2026-09-30T17:12:51.380,317800,443.1,2.071,39.26
2026-09-30T17:12:51.481,317900,443.5,2.072,39.31
2026-09-30T17:12:51.580,318000,443.3,2.071,39.28
2026-09-30T17:12:51.680,318100,443.4,2.072,39.29
2026-09-30T17:12:51.780,318200,443.5,2.072,39.31
2026-09-30T17:12:51.885,318300,443.2,2.071,39.28
2026-09-30T17:12:51.980,318400,443.6,2.073,39.31
2026-09-30T17:12:52.080,318500,443.6,2.073,39.32
2026-09-30T17:12:52.180,318600,443.4,2.072,39.30
2026-09-30T17:12:52.280,318700,443.7,2.073,39.33
2026-09-30T17:12:52.385,318800,443.3,2.071,39.28
2026-09-30T17:12:52.481,318900,443.4,2.072,39.30
2026-09-30T17:12:52.579,319000,443.5,2.072,39.31
2026-09-30T17:12:52.680,319100,443.6,2.073,39.31
2026-09-30T17:12:52.779,319200,443.4,2.072,39.29
2026-09-30T17:12:52.880,319300,443.4,2.072,39.29
2026-09-30T17:12:52.979,319400,443.6,2.073,39.32
2026-09-30T17:12:53.079,319500,443.4,2.072,39.29
2026-09-30T17:12:53.179,319600,443.6,2.073,39.31
2026-09-30T17:12:53.279,319700,443.5,2.072,39.31
2026-09-30T17:12:53.379,319800,443.2,2.071,39.28
2026-09-30T17:12:53.483,319900,443.4,2.072,39.30
2026-09-30T17:12:53.579,320000,443.5,2.072,39.31
2026-09-30T17:12:53.679,320100,443.6,2.073,39.32
2026-09-30T17:12:53.781,320200,443.3,2.071,39.28
2026-09-30T17:12:53.879,320300,443.3,2.071,39.28
2026-09-30T17:12:53.979,320400,443.8,2.074,39.34
2026-09-30T17:12:54.083,320500,443.4,2.072,39.29
2026-09-30T17:12:54.179,320600,443.6,2.073,39.31
2026-09-30T17:12:54.278,320700,443.4,2.072,39.30
2026-09-30T17:12:54.380,320800,443.6,2.073,39.31
2026-09-30T17:12:54.478,320900,443.4,2.072,39.30
2026-09-30T17:12:54.578,321000,443.5,2.072,39.31
2026-09-30T17:12:54.680,321100,443.6,2.073,39.32
2026-09-30T17:12:54.778,321200,443.6,2.073,39.32
2026-09-30T17:12:54.878,321300,443.4,2.072,39.29
2026-09-30T17:12:54.978,321400,443.4,2.072,39.30
2026-09-30T17:12:55.077,321500,443.6,2.073,39.31
2026-09-30T17:12:55.179,321600,443.4,2.072,39.30
2026-09-30T17:12:55.281,321700,443.6,2.073,39.32
2026-09-30T17:12:55.378,321800,443.6,2.073,39.32
2026-09-30T17:12:55.478,321900,443.4,2.072,39.30
2026-09-30T17:12:55.579,322000,443.5,2.072,39.31
2026-09-30T17:12:55.678,322100,443.5,2.072,39.31
2026-09-30T17:12:55.778,322200,443.6,2.073,39.32
2026-09-30T17:12:55.878,322300,443.6,2.073,39.32
2026-09-30T17:12:55.978,322400,443.6,2.073,39.31
2026-09-30T17:12:56.078,322500,443.6,2.073,39.32
2026-09-30T17:12:56.179,322600,443.4,2.072,39.30
2026-09-30T17:12:56.277,322700,443.5,2.072,39.31
2026-09-30T17:12:56.377,322800,443.4,2.072,39.30
2026-09-30T17:12:56.480,322900,443.5,2.072,39.31
2026-09-30T17:12:56.578,323000,443.4,2.072,39.30
2026-09-30T17:12:56.681,323100,443.4,2.072,39.30
2026-09-30T17:12:56.778,323200,443.4,2.072,39.30
2026-09-30T17:12:56.878,323300,443.6,2.073,39.32
2026-09-30T17:12:56.978,323400,443.6,2.073,39.31
2026-09-30T17:12:57.077,323500,443.6,2.073,39.31
2026-09-30T17:12:57.178,323600,443.5,2.072,39.31
2026-09-30T17:12:57.278,323700,443.6,2.073,39.31
2026-09-30T17:12:57.379,323800,443.6,2.073,39.31
2026-09-30T17:12:57.477,323900,443.5,2.072,39.31
2026-09-30T17:12:57.577,324000,443.5,2.072,39.31
2026-09-30T17:12:57.677,324100,443.4,2.072,39.29
2026-09-30T17:12:57.780,324200,443.6,2.073,39.32
2026-09-30T17:12:57.877,324300,443.6,2.073,39.31
2026-09-30T17:12:57.977,324400,443.7,2.073,39.33
2026-09-30T17:12:58.077,324500,443.6,2.073,39.31
2026-09-30T17:12:58.177,324600,443.3,2.071,39.28
2026-09-30T17:12:58.277,324700,443.6,2.073,39.31
2026-09-30T17:12:58.377,324800,443.6,2.073,39.32
2026-09-30T17:12:58.476,324900,443.4,2.072,39.29
2026-09-30T17:12:58.576,325000,443.6,2.073,39.31
2026-09-30T17:12:58.679,325100,443.7,2.073,39.33
2026-09-30T17:12:58.779,325200,443.8,2.074,39.34
2026-09-30T17:12:58.878,325300,443.4,2.072,39.30
2026-09-30T17:12:58.976,325400,443.7,2.073,39.33
2026-09-30T17:12:59.077,325500,443.3,2.071,39.28
2026-09-30T17:12:59.176,325600,443.4,2.072,39.30
2026-09-30T17:12:59.278,325700,443.7,2.073,39.33
2026-09-30T17:12:59.379,325800,443.5,2.072,39.31
2026-09-30T17:12:59.476,325900,443.6,2.073,39.31
2026-09-30T17:12:59.577,326000,443.6,2.073,39.32
2026-09-30T17:12:59.676,326100,443.7,2.073,39.34
2026-09-30T17:12:59.776,326200,443.7,2.073,39.33
2026-09-30T17:12:59.874,326300,443.6,2.073,39.31
2026-09-30T17:12:59.977,326400,443.7,2.073,39.33
2026-09-30T17:13:00.076,326500,443.8,2.074,39.34
2026-09-30T17:13:00.176,326600,443.7,2.073,39.33
2026-09-30T17:13:00.275,326700,443.3,2.071,39.28
2026-09-30T17:13:00.376,326800,443.6,2.073,39.31
2026-09-30T17:13:00.477,326900,443.3,2.071,39.28
2026-09-30T17:13:00.575,327000,443.6,2.073,39.32
2026-09-30T17:13:00.675,327100,443.6,2.073,39.31
2026-09-30T17:13:00.776,327200,443.8,2.074,39.34
2026-09-30T17:13:00.877,327300,443.4,2.072,39.30
2026-09-30T17:13:00.975,327400,443.4,2.072,39.30
2026-09-30T17:13:01.077,327500,443.7,2.073,39.33
2026-09-30T17:13:01.175,327600,443.6,2.073,39.32
2026-09-30T17:13:01.275,327700,443.4,2.072,39.30
2026-09-30T17:13:01.375,327800,443.8,2.074,39.34
2026-09-30T17:13:01.475,327900,443.7,2.073,39.34
2026-09-30T17:13:01.575,328000,443.7,2.073,39.33
2026-09-30T17:13:01.676,328100,443.6,2.073,39.31
2026-09-30T17:13:01.775,328200,443.3,2.071,39.28
2026-09-30T17:13:01.875,328300,443.4,2.072,39.30
2026-09-30T17:13:01.973,328400,443.8,2.074,39.34
2026-09-30T17:13:02.075,328500,443.6,2.073,39.32
2026-09-30T17:13:02.175,328600,443.5,2.072,39.31
2026-09-30T17:13:02.275,328700,443.7,2.073,39.33
2026-09-30T17:13:02.375,328800,443.4,2.072,39.30
2026-09-30T17:13:02.476,328900,443.6,2.073,39.31
2026-09-30T17:13:02.575,329000,443.7,2.073,39.33
2026-09-30T17:13:02.674,329100,443.3,2.071,39.28
2026-09-30T17:13:02.774,329200,443.7,2.073,39.33
2026-09-30T17:13:02.874,329300,443.6,2.073,39.32
2026-09-30T17:13:02.974,329400,443.6,2.073,39.31
2026-09-30T17:13:03.075,329500,443.8,2.074,39.34
2026-09-30T17:13:03.158,329600,443.6,2.073,39.32
2026-09-30T17:13:03.274,329700,443.5,2.072,39.31
2026-09-30T17:13:03.374,329800,443.6,2.073,39.32
2026-09-30T17:13:03.474,329900,443.4,2.072,39.30
2026-09-30T17:13:03.574,330000,443.6,2.073,39.31
2026-09-30T17:13:03.674,330100,443.6,2.073,39.32
2026-09-30T17:13:03.773,330200,443.3,2.071,39.28
2026-09-30T17:13:03.874,330300,443.6,2.073,39.32
2026-09-30T17:13:03.974,330400,443.4,2.072,39.30
2026-09-30T17:13:04.058,330500,443.6,2.073,39.31
2026-09-30T17:13:04.174,330600,443.5,2.072,39.31
2026-09-30T17:13:04.273,330700,443.6,2.073,39.32
2026-09-30T17:13:04.368,330800,443.4,2.072,39.29
2026-09-30T17:13:04.473,330900,443.6,2.073,39.31
2026-09-30T17:13:04.573,331000,443.4,2.072,39.29
2026-09-30T17:13:04.673,331100,443.9,2.074,39.35
2026-09-30T17:13:04.757,331200,443.6,2.073,39.32
2026-09-30T17:13:04.873,331300,443.6,2.073,39.31
2026-09-30T17:13:04.957,331400,443.8,2.074,39.34
2026-09-30T17:13:05.073,331500,443.7,2.073,39.33
2026-09-30T17:13:05.172,331600,443.4,2.072,39.29
2026-09-30T17:13:05.273,331700,443.6,2.073,39.31
2026-09-30T17:13:05.357,331800,443.3,2.071,39.28
2026-09-30T17:13:05.457,331900,443.6,2.073,39.32
2026-09-30T17:13:05.557,332000,443.6,2.073,39.32
2026-09-30T17:13:05.672,332100,443.6,2.073,39.31
2026-09-30T17:13:05.773,332200,443.5,2.072,39.31
2026-09-30T17:13:05.857,332300,443.4,2.072,39.30
2026-09-30T17:13:05.957,332400,443.4,2.072,39.29
2026-09-30T17:13:06.057,332500,443.6,2.073,39.31
2026-09-30T17:13:06.157,332600,443.6,2.073,39.31
2026-09-30T17:13:06.257,332700,443.6,2.073,39.31
2026-09-30T17:13:06.356,332800,443.5,2.072,39.31
2026-09-30T17:13:06.457,332900,443.3,2.071,39.28
2026-09-30T17:13:06.556,333000,443.6,2.073,39.32
2026-09-30T17:13:06.668,333100,443.6,2.073,39.31
2026-09-30T17:13:06.757,333200,443.6,2.073,39.32
2026-09-30T17:13:06.856,333300,443.6,2.073,39.32
2026-09-30T17:13:06.956,333400,443.6,2.073,39.31
2026-09-30T17:13:07.056,333500,443.4,2.072,39.29
2026-09-30T17:13:07.156,333600,443.6,2.073,39.32
2026-09-30T17:13:07.256,333700,443.2,2.071,39.28
2026-09-30T17:13:07.357,333800,443.3,2.071,39.28
2026-09-30T17:13:07.456,333900,443.8,2.074,39.34
2026-09-30T17:13:07.556,334000,443.4,2.072,39.29
2026-09-30T17:13:07.656,334100,443.5,2.072,39.31
2026-09-30T17:13:07.756,334200,443.4,2.072,39.30
2026-09-30T17:13:07.867,334300,443.6,2.073,39.32
2026-09-30T17:13:07.956,334400,443.6,2.073,39.31
2026-09-30T17:13:08.055,334500,443.5,2.072,39.31
2026-09-30T17:13:08.156,334600,443.4,2.072,39.29
2026-09-30T17:13:08.256,334700,443.7,2.073,39.33
2026-09-30T17:13:08.356,334800,443.5,2.072,39.31
2026-09-30T17:13:08.456,334900,443.3,2.071,39.28
2026-09-30T17:13:08.556,335000,443.5,2.072,39.31
2026-09-30T17:13:08.656,335100,443.6,2.073,39.31
2026-09-30T17:13:08.755,335200,443.6,2.073,39.31
2026-09-30T17:13:08.855,335300,443.5,2.072,39.31
2026-09-30T17:13:08.969,335400,443.4,2.072,39.30
2026-09-30T17:13:09.055,335500,443.5,2.072,39.31
2026-09-30T17:13:09.155,335600,443.6,2.073,39.31
2026-09-30T17:13:09.255,335700,443.6,2.073,39.31
2026-09-30T17:13:09.355,335800,443.4,2.072,39.30
2026-09-30T17:13:09.455,335900,443.5,2.072,39.31
2026-09-30T17:13:09.555,336000,443.4,2.072,39.29
2026-09-30T17:13:09.655,336100,443.2,2.071,39.28
2026-09-30T17:13:09.755,336200,443.4,2.072,39.30
2026-09-30T17:13:09.855,336300,443.4,2.072,39.30
2026-09-30T17:13:09.967,336400,443.2,2.071,39.28
2026-09-30T17:13:10.055,336500,443.4,2.072,39.30
2026-09-30T17:13:10.162,336600,443.2,2.071,39.28
2026-09-30T17:13:10.267,336700,443.3,2.071,39.28
2026-09-30T17:13:10.354,336800,443.4,2.072,39.30
2026-09-30T17:13:10.454,336900,443.4,2.072,39.30
2026-09-30T17:13:10.566,337000,443.5,2.072,39.31
2026-09-30T17:13:10.655,337100,443.6,2.073,39.32
2026-09-30T17:13:10.754,337200,443.3,2.071,39.28
2026-09-30T17:13:10.855,337300,443.1,2.071,39.26
2026-09-30T17:13:10.954,337400,443.6,2.073,39.32
2026-09-30T17:13:11.053,337500,443.4,2.072,39.30
2026-09-30T17:13:11.166,337600,443.4,2.072,39.30
2026-09-30T17:13:11.254,337700,443.4,2.072,39.29
2026-09-30T17:13:11.354,337800,443.5,2.072,39.31
2026-09-30T17:13:11.454,337900,443.4,2.072,39.29
2026-09-30T17:13:11.566,338000,443.5,2.072,39.31
2026-09-30T17:13:11.654,338100,443.4,2.072,39.29
2026-09-30T17:13:11.754,338200,443.5,2.072,39.31
2026-09-30T17:13:11.854,338300,443.6,2.073,39.32
2026-09-30T17:13:11.954,338400,443.6,2.073,39.31
2026-09-30T17:13:12.053,338500,443.9,2.074,39.35
2026-09-30T17:13:12.166,338600,443.4,2.072,39.29
2026-09-30T17:13:12.254,338700,443.6,2.073,39.32
2026-09-30T17:13:12.354,338800,443.7,2.073,39.33
2026-09-30T17:13:12.454,338900,443.4,2.072,39.29
2026-09-30T17:13:12.553,339000,443.7,2.073,39.33
2026-09-30T17:13:12.665,339100,443.4,2.072,39.30
2026-09-30T17:13:12.754,339200,443.4,2.072,39.30
2026-09-30T17:13:12.854,339300,443.4,2.072,39.30
2026-09-30T17:13:12.953,339400,443.4,2.072,39.30
2026-09-30T17:13:13.053,339500,443.4,2.072,39.29
2026-09-30T17:13:13.153,339600,443.4,2.072,39.29
2026-09-30T17:13:13.259,339700,443.4,2.072,39.29
2026-09-30T17:13:13.353,339800,443.5,2.072,39.31
2026-09-30T17:13:13.462,339900,443.7,2.073,39.33
2026-09-30T17:13:13.553,340000,443.4,2.072,39.30
2026-09-30T17:13:13.653,340100,443.4,2.072,39.30
2026-09-30T17:13:13.753,340200,443.4,2.072,39.30
2026-09-30T17:13:13.853,340300,443.2,2.071,39.28
2026-09-30T17:13:13.953,340400,443.2,2.071,39.28
2026-09-30T17:13:14.052,340500,443.3,2.071,39.28
2026-09-30T17:13:14.152,340600,443.2,2.071,39.28
2026-09-30T17:13:14.253,340700,443.5,2.072,39.31
2026-09-30T17:13:14.351,340800,443.6,2.073,39.31
2026-09-30T17:13:14.458,340900,443.4,2.072,39.29
2026-09-30T17:13:14.553,341000,443.2,2.071,39.28
2026-09-30T17:13:14.652,341100,443.4,2.072,39.29
2026-09-30T17:13:14.763,341200,443.4,2.072,39.29
2026-09-30T17:13:14.853,341300,443.3,2.071,39.28
2026-09-30T17:13:14.952,341400,443.4,2.072,39.29
2026-09-30T17:13:15.052,341500,443.3,2.071,39.28
2026-09-30T17:13:15.152,341600,443.5,2.072,39.31
2026-09-30T17:13:15.263,341700,443.4,2.072,39.30
2026-09-30T17:13:15.352,341800,443.5,2.072,39.31
2026-09-30T17:13:15.452,341900,443.4,2.072,39.29
2026-09-30T17:13:15.552,342000,443.1,2.071,39.26
2026-09-30T17:13:15.652,342100,443.5,2.072,39.31
2026-09-30T17:13:15.762,342200,443.3,2.071,39.28
2026-09-30T17:13:15.862,342300,443.3,2.071,39.28
2026-09-30T17:13:15.961,342400,443.3,2.071,39.28
2026-09-30T17:13:16.051,342500,443.4,2.072,39.29
2026-09-30T17:13:16.157,342600,443.4,2.072,39.29
2026-09-30T17:13:16.252,342700,443.4,2.072,39.29
2026-09-30T17:13:16.361,342800,443.6,2.073,39.31
2026-09-30T17:13:16.452,342900,443.1,2.071,39.26
2026-09-30T17:13:16.550,343000,443.4,2.072,39.30
2026-09-30T17:13:16.650,343100,443.2,2.071,39.28
2026-09-30T17:13:16.761,343200,443.4,2.072,39.29
2026-09-30T17:13:16.861,343300,443.5,2.072,39.31
2026-09-30T17:13:16.950,343400,442.9,2.070,39.24
2026-09-30T17:13:17.050,343500,443.3,2.071,39.28
2026-09-30T17:13:17.151,343600,443.4,2.072,39.29
2026-09-30T17:13:17.251,343700,443.4,2.072,39.30
2026-09-30T17:13:17.361,343800,443.5,2.072,39.31
2026-09-30T17:13:17.451,343900,443.3,2.071,39.28
2026-09-30T17:13:17.551,344000,443.2,2.071,39.27
2026-09-30T17:13:17.650,344100,443.6,2.073,39.31
2026-09-30T17:13:17.760,344200,443.3,2.071,39.28
2026-09-30T17:13:17.851,344300,443.3,2.071,39.28
2026-09-30T17:13:17.950,344400,443.4,2.072,39.30
2026-09-30T17:13:18.051,344500,443.5,2.072,39.31
2026-09-30T17:13:18.150,344600,443.2,2.071,39.27
2026-09-30T17:13:18.249,344700,443.3,2.071,39.28
2026-09-30T17:13:18.350,344800,443.4,2.072,39.30
2026-09-30T17:13:18.459,344900,443.1,2.071,39.26
2026-09-30T17:13:18.550,345000,443.5,2.072,39.31
2026-09-30T17:13:18.658,345100,443.2,2.071,39.27
2026-09-30T17:13:18.749,345200,443.4,2.072,39.29
2026-09-30T17:13:18.849,345300,443.5,2.072,39.31
2026-09-30T17:13:18.948,345400,443.4,2.072,39.30
2026-09-30T17:13:19.050,345500,443.5,2.072,39.31
2026-09-30T17:13:19.150,345600,443.3,2.071,39.28
2026-09-30T17:13:19.250,345700,443.2,2.071,39.28
2026-09-30T17:13:19.349,345800,443.3,2.071,39.28
2026-09-30T17:13:19.458,345900,443.4,2.072,39.30
2026-09-30T17:13:19.550,346000,443.2,2.071,39.28
2026-09-30T17:13:19.649,346100,443.2,2.071,39.28
2026-09-30T17:13:19.749,346200,443.4,2.072,39.29
2026-09-30T17:13:19.849,346300,443.1,2.070,39.26
2026-09-30T17:13:19.949,346400,443.4,2.072,39.29
2026-09-30T17:13:20.049,346500,443.3,2.071,39.28
2026-09-30T17:13:20.158,346600,443.4,2.072,39.29
2026-09-30T17:13:20.258,346700,443.4,2.072,39.30
2026-09-30T17:13:20.350,346800,443.3,2.071,39.28
2026-09-30T17:13:20.449,346900,443.2,2.071,39.28
2026-09-30T17:13:20.548,347000,443.3,2.071,39.28
2026-09-30T17:13:20.648,347100,443.2,2.071,39.27
2026-09-30T17:13:20.749,347200,443.2,2.071,39.28
2026-09-30T17:13:20.848,347300,443.4,2.072,39.29
2026-09-30T17:13:20.949,347400,443.2,2.071,39.28
2026-09-30T17:13:21.047,347500,443.4,2.072,39.29
2026-09-30T17:13:21.157,347600,443.1,2.071,39.26
2026-09-30T17:13:21.256,347700,443.2,2.071,39.28
2026-09-30T17:13:21.349,347800,443.2,2.071,39.28
2026-09-30T17:13:21.448,347900,443.1,2.071,39.26
2026-09-30T17:13:21.549,348000,443.8,2.074,39.34
2026-09-30T17:13:21.650,348100,443.1,2.071,39.26
2026-09-30T17:13:21.748,348200,443.3,2.071,39.28
2026-09-30T17:13:21.856,348300,443.2,2.071,39.27
2026-09-30T17:13:21.948,348400,443.0,2.070,39.25
2026-09-30T17:13:22.047,348500,443.2,2.071,39.28
2026-09-30T17:13:22.148,348600,443.3,2.071,39.28
2026-09-30T17:13:22.247,348700,443.4,2.072,39.29
2026-09-30T17:13:22.347,348800,443.3,2.071,39.28
2026-09-30T17:13:22.451,348900,443.3,2.071,39.28
2026-09-30T17:13:22.547,349000,443.2,2.071,39.28
2026-09-30T17:13:22.646,349100,443.2,2.071,39.28
2026-09-30T17:13:22.748,349200,443.2,2.071,39.27
2026-09-30T17:13:22.848,349300,443.3,2.071,39.28
2026-09-30T17:13:22.948,349400,443.0,2.070,39.25
2026-09-30T17:13:23.048,349500,443.1,2.070,39.26
2026-09-30T17:13:23.148,349600,443.1,2.070,39.26
2026-09-30T17:13:23.246,349700,443.1,2.070,39.26
2026-09-30T17:13:23.347,349800,442.9,2.070,39.24
2026-09-30T17:13:23.450,349900,443.1,2.070,39.26
2026-09-30T17:13:23.547,350000,443.1,2.070,39.26
2026-09-30T17:13:23.649,350100,442.9,2.070,39.24
2026-09-30T17:13:23.755,350200,443.0,2.070,39.25
2026-09-30T17:13:23.854,350300,442.7,2.068,39.21
2026-09-30T17:13:23.947,350400,443.0,2.070,39.25
2026-09-30T17:13:24.046,350500,442.7,2.069,39.22
2026-09-30T17:13:24.147,350600,442.9,2.069,39.23
2026-09-30T17:13:24.245,350700,442.7,2.068,39.21
2026-09-30T17:13:24.347,350800,442.6,2.068,39.20
2026-09-30T17:13:24.447,350900,442.7,2.069,39.22
2026-09-30T17:13:24.547,351000,442.9,2.069,39.23
2026-09-30T17:13:24.647,351100,442.7,2.069,39.22
2026-09-30T17:13:24.753,351200,442.6,2.068,39.20
2026-09-30T17:13:24.846,351300,442.7,2.068,39.21
2026-09-30T17:13:24.947,351400,442.6,2.068,39.20
2026-09-30T17:13:25.047,351500,442.4,2.067,39.18
2026-09-30T17:13:25.146,351600,442.7,2.068,39.21
2026-09-30T17:13:25.247,351700,442.7,2.069,39.22
2026-09-30T17:13:25.347,351800,442.3,2.067,39.17
2026-09-30T17:13:25.446,351900,442.6,2.068,39.20
2026-09-30T17:13:25.546,352000,442.3,2.067,39.17
2026-09-30T17:13:25.645,352100,442.4,2.067,39.18
2026-09-30T17:13:25.745,352200,442.3,2.067,39.17
2026-09-30T17:13:25.844,352300,442.2,2.066,39.15
2026-09-30T17:13:25.946,352400,442.2,2.066,39.16
2026-09-30T17:13:26.049,352500,442.4,2.067,39.18
2026-09-30T17:13:26.146,352600,442.2,2.066,39.16
2026-09-30T17:13:26.246,352700,442.4,2.067,39.18
2026-09-30T17:13:26.346,352800,442.4,2.067,39.18
2026-09-30T17:13:26.445,352900,442.2,2.066,39.16
2026-09-30T17:13:26.546,353000,442.2,2.066,39.15
2026-09-30T17:13:26.646,353100,442.2,2.066,39.15
2026-09-30T17:13:26.745,353200,442.1,2.066,39.15
2026-09-30T17:13:26.846,353300,442.1,2.066,39.14
2026-09-30T17:13:26.946,353400,442.1,2.066,39.15
2026-09-30T17:13:27.045,353500,442.2,2.066,39.16
2026-09-30T17:13:27.145,353600,442.0,2.065,39.13
2026-09-30T17:13:27.245,353700,442.2,2.066,39.15
2026-09-30T17:13:27.345,353800,442.1,2.066,39.14
2026-09-30T17:13:27.444,353900,441.9,2.065,39.12
2026-09-30T17:13:27.545,354000,442.1,2.066,39.14
2026-09-30T17:13:27.645,354100,442.1,2.066,39.15
2026-09-30T17:13:27.745,354200,442.0,2.065,39.13
2026-09-30T17:13:27.845,354300,442.1,2.066,39.14
2026-09-30T17:13:27.943,354400,441.9,2.065,39.12
2026-09-30T17:13:28.046,354500,441.8,2.064,39.11
2026-09-30T17:13:28.151,354600,441.9,2.065,39.12
2026-09-30T17:13:28.244,354700,442.1,2.066,39.14
2026-09-30T17:13:28.345,354800,441.9,2.065,39.12
2026-09-30T17:13:28.445,354900,441.9,2.065,39.12
2026-09-30T17:13:28.545,355000,442.2,2.066,39.15
2026-09-30T17:13:28.645,355100,441.9,2.065,39.12
2026-09-30T17:13:28.744,355200,442.0,2.065,39.13
2026-09-30T17:13:28.844,355300,441.8,2.064,39.11
2026-09-30T17:13:28.944,355400,442.1,2.066,39.14
2026-09-30T17:13:29.044,355500,441.9,2.065,39.12
2026-09-30T17:13:29.144,355600,442.1,2.066,39.14
2026-09-30T17:13:29.244,355700,442.0,2.065,39.13
2026-09-30T17:13:29.344,355800,442.1,2.066,39.14
2026-09-30T17:13:29.444,355900,441.9,2.065,39.12
2026-09-30T17:13:29.543,356000,441.9,2.065,39.12
2026-09-30T17:13:29.645,356100,441.8,2.064,39.11
2026-09-30T17:13:29.744,356200,441.9,2.065,39.12
2026-09-30T17:13:29.844,356300,441.9,2.065,39.12
2026-09-30T17:13:29.944,356400,441.8,2.064,39.11
2026-09-30T17:13:30.048,356500,442.0,2.065,39.13
2026-09-30T17:13:30.143,356600,441.9,2.065,39.12
2026-09-30T17:13:30.243,356700,441.8,2.064,39.11
2026-09-30T17:13:30.348,356800,442.1,2.066,39.15
2026-09-30T17:13:30.444,356900,441.9,2.065,39.12
2026-09-30T17:13:30.548,357000,441.8,2.064,39.11
2026-09-30T17:13:30.644,357100,441.9,2.065,39.12
2026-09-30T17:13:30.744,357200,441.7,2.064,39.09
2026-09-30T17:13:30.844,357300,441.9,2.065,39.12
2026-09-30T17:13:30.945,357400,442.1,2.066,39.14
2026-09-30T17:13:31.043,357500,441.6,2.063,39.08
2026-09-30T17:13:31.142,357600,441.7,2.064,39.09
2026-09-30T17:13:31.247,357700,441.7,2.064,39.10
2026-09-30T17:13:31.348,357800,441.7,2.064,39.10
2026-09-30T17:13:31.443,357900,441.6,2.064,39.09
2026-09-30T17:13:31.542,358000,441.8,2.064,39.11
2026-09-30T17:13:31.648,358100,441.7,2.064,39.10
2026-09-30T17:13:31.742,358200,441.9,2.065,39.12
2026-09-30T17:13:31.842,358300,441.9,2.065,39.12
2026-09-30T17:13:31.942,358400,441.8,2.064,39.11
2026-09-30T17:13:32.042,358500,441.7,2.064,39.09
2026-09-30T17:13:32.144,358600,441.8,2.064,39.11
2026-09-30T17:13:32.246,358700,441.8,2.064,39.11
2026-09-30T17:13:32.346,358800,441.6,2.063,39.08
2026-09-30T17:13:32.442,358900,441.6,2.063,39.08
2026-09-30T17:13:32.542,359000,441.6,2.064,39.09
2026-09-30T17:13:32.643,359100,441.9,2.065,39.12
2026-09-30T17:13:32.742,359200,441.5,2.063,39.07
2026-09-30T17:13:32.843,359300,441.9,2.065,39.12
2026-09-30T17:13:32.943,359400,441.7,2.064,39.09
2026-09-30T17:13:33.041,359500,441.6,2.064,39.09
2026-09-30T17:13:33.142,359600,441.6,2.063,39.08
2026-09-30T17:13:33.240,359700,441.6,2.063,39.08
2026-09-30T17:13:33.344,359800,441.7,2.064,39.10
2026-09-30T17:13:33.441,359900,441.2,2.062,39.04
2026-09-30T17:13:33.544,360000,441.4,2.062,39.06
2026-09-30T17:13:33.642,360100,441.6,2.064,39.09
2026-09-30T17:13:33.743,360200,441.6,2.064,39.09
2026-09-30T17:13:33.841,360300,441.7,2.064,39.09
2026-09-30T17:13:33.941,360400,441.6,2.064,39.09
2026-09-30T17:13:34.041,360500,441.6,2.063,39.08
2026-09-30T17:13:34.141,360600,441.6,2.064,39.09
2026-09-30T17:13:34.241,360700,441.6,2.063,39.08
2026-09-30T17:13:34.341,360800,441.3,2.062,39.05
2026-09-30T17:13:34.442,360900,441.6,2.063,39.08
2026-09-30T17:13:34.541,361000,441.6,2.064,39.09
2026-09-30T17:13:34.641,361100,441.7,2.064,39.10
2026-09-30T17:13:34.741,361200,441.4,2.063,39.07
2026-09-30T17:13:34.840,361300,441.5,2.063,39.07
2026-09-30T17:13:34.941,361400,441.4,2.062,39.06
2026-09-30T17:13:35.041,361500,441.4,2.063,39.07
2026-09-30T17:13:35.143,361600,441.5,2.063,39.07
2026-09-30T17:13:35.240,361700,441.6,2.064,39.09
2026-09-30T17:13:35.344,361800,441.6,2.063,39.08
2026-09-30T17:13:35.440,361900,441.2,2.062,39.04
2026-09-30T17:13:35.540,362000,441.6,2.064,39.09
2026-09-30T17:13:35.640,362100,441.2,2.062,39.04
2026-09-30T17:13:35.740,362200,441.2,2.061,39.04
2026-09-30T17:13:35.840,362300,441.4,2.063,39.07
2026-09-30T17:13:35.944,362400,441.6,2.064,39.09
2026-09-30T17:13:36.042,362500,441.4,2.063,39.07
2026-09-30T17:13:36.140,362600,441.5,2.063,39.07
2026-09-30T17:13:36.240,362700,441.3,2.062,39.05
2026-09-30T17:13:36.340,362800,441.3,2.062,39.05
2026-09-30T17:13:36.439,362900,441.2,2.061,39.04
2026-09-30T17:13:36.540,363000,441.2,2.062,39.04
2026-09-30T17:13:36.642,363100,441.4,2.062,39.06
2026-09-30T17:13:36.740,363200,441.2,2.062,39.04
2026-09-30T17:13:36.840,363300,441.2,2.062,39.04
2026-09-30T17:13:36.942,363400,441.3,2.062,39.05
2026-09-30T17:13:37.039,363500,441.5,2.063,39.07
2026-09-30T17:13:37.139,363600,441.2,2.061,39.04
2026-09-30T17:13:37.239,363700,441.2,2.062,39.04
2026-09-30T17:13:37.340,363800,441.2,2.062,39.04
2026-09-30T17:13:37.442,363900,441.4,2.063,39.07
2026-09-30T17:13:37.539,364000,441.4,2.063,39.07
2026-09-30T17:13:37.639,364100,441.4,2.063,39.07
2026-09-30T17:13:37.739,364200,441.0,2.061,39.01
2026-09-30T17:13:37.839,364300,441.2,2.062,39.04
2026-09-30T17:13:37.939,364400,441.3,2.062,39.05
2026-09-30T17:13:38.038,364500,441.2,2.062,39.04
2026-09-30T17:13:38.139,364600,441.2,2.061,39.04
2026-09-30T17:13:38.239,364700,441.3,2.062,39.05
2026-09-30T17:13:38.339,364800,441.2,2.062,39.04
2026-09-30T17:13:38.439,364900,441.4,2.063,39.07
2026-09-30T17:13:38.539,365000,441.4,2.062,39.06
2026-09-30T17:13:38.639,365100,441.1,2.061,39.03
2026-09-30T17:13:38.739,365200,441.2,2.062,39.04
2026-09-30T17:13:38.838,365300,441.1,2.061,39.03
2026-09-30T17:13:38.939,365400,441.3,2.062,39.05
2026-09-30T17:13:39.039,365500,441.4,2.062,39.06
2026-09-30T17:13:39.139,365600,441.1,2.061,39.03
2026-09-30T17:13:39.239,365700,441.2,2.061,39.04
2026-09-30T17:13:39.339,365800,441.1,2.061,39.03
2026-09-30T17:13:39.439,365900,441.1,2.061,39.02
2026-09-30T17:13:39.538,366000,441.3,2.062,39.05
2026-09-30T17:13:39.638,366100,441.0,2.061,39.01
2026-09-30T17:13:39.738,366200,441.1,2.061,39.03
2026-09-30T17:13:39.838,366300,441.1,2.061,39.03
2026-09-30T17:13:39.938,366400,441.2,2.061,39.04
2026-09-30T17:13:40.038,366500,441.1,2.061,39.03
2026-09-30T17:13:40.138,366600,441.2,2.061,39.04
2026-09-30T17:13:40.238,366700,441.1,2.061,39.03
2026-09-30T17:13:40.338,366800,441.2,2.061,39.04
2026-09-30T17:13:40.438,366900,441.2,2.062,39.04
2026-09-30T17:13:40.538,367000,441.2,2.061,39.04
2026-09-30T17:13:40.639,367100,441.1,2.061,39.02
2026-09-30T17:13:40.738,367200,441.2,2.061,39.04
2026-09-30T17:13:40.837,367300,441.1,2.061,39.03
2026-09-30T17:13:40.937,367400,441.3,2.062,39.05
2026-09-30T17:13:41.038,367500,441.1,2.061,39.03
2026-09-30T17:13:41.138,367600,441.1,2.061,39.02
2026-09-30T17:13:41.239,367700,441.1,2.061,39.03
2026-09-30T17:13:41.337,367800,441.1,2.061,39.03
2026-09-30T17:13:41.437,367900,441.1,2.061,39.03
2026-09-30T17:13:41.537,368000,441.1,2.061,39.03
2026-09-30T17:13:41.638,368100,441.1,2.061,39.03
2026-09-30T17:13:41.738,368200,441.1,2.061,39.02
2026-09-30T17:13:41.837,368300,441.0,2.061,39.01
2026-09-30T17:13:41.936,368400,441.1,2.061,39.03
2026-09-30T17:13:42.037,368500,441.0,2.061,39.01
2026-09-30T17:13:42.137,368600,441.0,2.061,39.01
2026-09-30T17:13:42.237,368700,441.1,2.061,39.03
2026-09-30T17:13:42.337,368800,441.1,2.061,39.02
2026-09-30T17:13:42.425,368900,441.2,2.061,39.04
2026-09-30T17:13:42.537,369000,441.1,2.061,39.03
2026-09-30T17:13:42.636,369100,440.9,2.060,39.01
2026-09-30T17:13:42.734,369200,441.1,2.061,39.02
2026-09-30T17:13:42.837,369300,441.1,2.061,39.02
2026-09-30T17:13:42.936,369400,440.9,2.060,39.00
2026-09-30T17:13:43.020,369500,441.0,2.061,39.01
2026-09-30T17:13:43.136,369600,441.0,2.061,39.01
2026-09-30T17:13:43.236,369700,441.1,2.061,39.03
2026-09-30T17:13:43.334,369800,441.1,2.061,39.02
2026-09-30T17:13:43.436,369900,440.9,2.060,39.00
2026-09-30T17:13:43.536,370000,440.9,2.060,39.00
2026-09-30T17:13:43.635,370100,440.9,2.060,39.01
2026-09-30T17:13:43.736,370200,441.1,2.061,39.02
2026-09-30T17:13:43.836,370300,440.7,2.059,38.99
2026-09-30T17:13:43.920,370400,441.0,2.061,39.01
2026-09-30T17:13:44.036,370500,440.8,2.060,38.99
2026-09-30T17:13:44.135,370600,441.0,2.061,39.01
2026-09-30T17:13:44.235,370700,440.9,2.060,39.01
2026-09-30T17:13:44.320,370800,441.1,2.061,39.03
2026-09-30T17:13:44.436,370900,441.1,2.061,39.02
2026-09-30T17:13:44.533,371000,440.9,2.060,39.00
2026-09-30T17:13:44.632,371100,440.8,2.060,38.99
2026-09-30T17:13:44.724,371200,440.7,2.059,38.98
2026-09-30T17:13:44.824,371300,441.0,2.061,39.01
2026-09-30T17:13:44.919,371400,440.9,2.060,39.00
2026-09-30T17:13:45.019,371500,440.7,2.059,38.98
2026-09-30T17:13:45.119,371600,440.7,2.059,38.99
2026-09-30T17:13:45.234,371700,441.0,2.061,39.01
2026-09-30T17:13:45.319,371800,440.9,2.060,39.01
2026-09-30T17:13:45.434,371900,440.6,2.059,38.97
2026-09-30T17:13:45.519,372000,440.9,2.060,39.00
2026-09-30T17:13:45.619,372100,440.8,2.060,38.99
2026-09-30T17:13:45.719,372200,440.8,2.060,38.99
2026-09-30T17:13:45.834,372300,440.7,2.059,38.98
2026-09-30T17:13:45.919,372400,440.6,2.059,38.97
2026-09-30T17:13:46.025,372500,440.6,2.059,38.97
2026-09-30T17:13:46.119,372600,440.8,2.060,38.99
2026-09-30T17:13:46.219,372700,440.9,2.060,39.00
2026-09-30T17:13:46.333,372800,440.8,2.060,38.99
2026-09-30T17:13:46.424,372900,440.8,2.060,38.99
2026-09-30T17:13:46.532,373000,440.7,2.059,38.98
2026-09-30T17:13:46.619,373100,440.8,2.060,38.99
2026-09-30T17:13:46.719,373200,440.7,2.059,38.99
2026-09-30T17:13:46.832,373300,440.6,2.059,38.97
2026-09-30T17:13:46.932,373400,440.7,2.059,38.98
2026-09-30T17:13:47.033,373500,440.9,2.060,39.00
2026-09-30T17:13:47.119,373600,440.9,2.060,39.00
2026-09-30T17:13:47.224,373700,440.6,2.059,38.97
2026-09-30T17:13:47.333,373800,440.7,2.059,38.98
2026-09-30T17:13:47.431,373900,440.5,2.058,38.96
2026-09-30T17:13:47.531,374000,440.7,2.059,38.99
2026-09-30T17:13:47.631,374100,440.5,2.058,38.96
2026-09-30T17:13:47.718,374200,440.6,2.059,38.97
2026-09-30T17:13:47.818,374300,440.7,2.059,38.99
2026-09-30T17:13:47.918,374400,440.5,2.058,38.96
2026-09-30T17:13:48.031,374500,440.6,2.059,38.96
2026-09-30T17:13:48.132,374600,440.7,2.059,38.98
2026-09-30T17:13:48.220,374700,440.6,2.059,38.97
2026-09-30T17:13:48.318,374800,440.5,2.058,38.96
2026-09-30T17:13:48.428,374900,440.7,2.059,38.98
2026-09-30T17:13:48.531,375000,440.6,2.059,38.97
2026-09-30T17:13:48.617,375100,440.6,2.059,38.97
2026-09-30T17:13:48.731,375200,440.5,2.058,38.96
2026-09-30T17:13:48.828,375300,440.5,2.058,38.96
2026-09-30T17:13:48.917,375400,440.7,2.059,38.98
2026-09-30T17:13:49.018,375500,440.7,2.059,38.99
2026-09-30T17:13:49.117,375600,440.6,2.059,38.96
2026-09-30T17:13:49.217,375700,440.8,2.060,38.99
2026-09-30T17:13:49.317,375800,440.4,2.058,38.95
2026-09-30T17:13:49.418,375900,440.1,2.056,38.91
2026-09-30T17:13:49.517,376000,440.7,2.059,38.98
2026-09-30T17:13:49.618,376100,440.6,2.059,38.96
2026-09-30T17:13:49.717,376200,440.4,2.058,38.95
2026-09-30T17:13:49.817,376300,440.2,2.057,38.93
2026-09-30T17:13:49.917,376400,440.4,2.058,38.95
2026-09-30T17:13:50.017,376500,440.6,2.059,38.96
2026-09-30T17:13:50.117,376600,440.5,2.058,38.96
2026-09-30T17:13:50.216,376700,440.6,2.059,38.96
2026-09-30T17:13:50.329,376800,440.5,2.058,38.96
2026-09-30T17:13:50.417,376900,440.4,2.058,38.95
2026-09-30T17:13:50.517,377000,440.4,2.058,38.94
2026-09-30T17:13:50.625,377100,440.4,2.058,38.94
2026-09-30T17:13:50.718,377200,440.4,2.058,38.95
2026-09-30T17:13:50.817,377300,440.5,2.058,38.96
2026-09-30T17:13:50.917,377400,440.3,2.057,38.93
2026-09-30T17:13:51.029,377500,440.3,2.057,38.93
2026-09-30T17:13:51.115,377600,440.2,2.057,38.93
2026-09-30T17:13:51.228,377700,440.5,2.058,38.96
2026-09-30T17:13:51.317,377800,440.4,2.058,38.95
2026-09-30T17:13:51.417,377900,440.6,2.059,38.97
2026-09-30T17:13:51.517,378000,440.4,2.058,38.95
2026-09-30T17:13:51.616,378100,440.4,2.058,38.95
2026-09-30T17:13:51.716,378200,440.1,2.056,38.91
2026-09-30T17:13:51.816,378300,440.4,2.058,38.95
2026-09-30T17:13:51.923,378400,440.3,2.057,38.93
2026-09-30T17:13:52.016,378500,440.3,2.057,38.93
2026-09-30T17:13:52.115,378600,440.4,2.058,38.95
2026-09-30T17:13:52.216,378700,440.3,2.057,38.93
2026-09-30T17:13:52.315,378800,440.2,2.057,38.92
2026-09-30T17:13:52.416,378900,440.3,2.057,38.93
2026-09-30T17:13:52.526,379000,440.4,2.058,38.94
2026-09-30T17:13:52.619,379100,440.5,2.058,38.96
2026-09-30T17:13:52.727,379200,440.4,2.058,38.95
2026-09-30T17:13:52.816,379300,440.2,2.057,38.93
2026-09-30T17:13:52.925,379400,440.4,2.058,38.94
2026-09-30T17:13:53.026,379500,440.2,2.057,38.92
2026-09-30T17:13:53.127,379600,440.2,2.057,38.92
2026-09-30T17:13:53.216,379700,440.1,2.056,38.91
2026-09-30T17:13:53.315,379800,440.2,2.057,38.92
2026-09-30T17:13:53.427,379900,440.1,2.056,38.91
2026-09-30T17:13:53.524,380000,440.3,2.057,38.93
2026-09-30T17:13:53.614,380100,440.3,2.057,38.93
2026-09-30T17:13:53.727,380200,440.3,2.057,38.93
2026-09-30T17:13:53.816,380300,440.0,2.056,38.90
2026-09-30T17:13:53.913,380400,440.1,2.056,38.91
2026-09-30T17:13:54.015,380500,440.6,2.059,38.96
2026-09-30T17:13:54.114,380600,440.0,2.056,38.90
2026-09-30T17:13:54.225,380700,440.2,2.057,38.93
2026-09-30T17:13:54.315,380800,440.2,2.057,38.92
2026-09-30T17:13:54.414,380900,440.2,2.057,38.93
2026-09-30T17:13:54.515,381000,440.2,2.057,38.93
2026-09-30T17:13:54.614,381100,440.0,2.056,38.90
2026-09-30T17:13:54.723,381200,440.1,2.056,38.91
2026-09-30T17:13:54.825,381300,440.3,2.057,38.93
2026-09-30T17:13:54.921,381400,440.2,2.057,38.93
2026-09-30T17:13:55.015,381500,440.1,2.056,38.91
2026-09-30T17:13:55.113,381600,440.2,2.057,38.93
2026-09-30T17:13:55.215,381700,440.1,2.056,38.91
2026-09-30T17:13:55.316,381800,440.1,2.056,38.91
2026-09-30T17:13:55.425,381900,440.1,2.056,38.91
2026-09-30T17:13:55.513,382000,440.2,2.057,38.92
2026-09-30T17:13:55.623,382100,439.9,2.056,38.89
2026-09-30T17:13:55.714,382200,440.1,2.056,38.91
2026-09-30T17:13:55.823,382300,440.2,2.057,38.93
2026-09-30T17:13:55.923,382400,439.9,2.056,38.89
2026-09-30T17:13:56.014,382500,440.2,2.057,38.92
2026-09-30T17:13:56.114,382600,440.2,2.057,38.92
2026-09-30T17:13:56.222,382700,440.0,2.056,38.90
2026-09-30T17:13:56.321,382800,440.2,2.057,38.92
2026-09-30T17:13:56.423,382900,440.1,2.056,38.91
2026-09-30T17:13:56.514,383000,440.0,2.056,38.90
2026-09-30T17:13:56.614,383100,440.1,2.056,38.91
2026-09-30T17:13:56.713,383200,440.2,2.057,38.92
2026-09-30T17:13:56.812,383300,440.2,2.057,38.92
2026-09-30T17:13:56.924,383400,440.0,2.056,38.90
2026-09-30T17:13:57.020,383500,440.0,2.056,38.90
2026-09-30T17:13:57.122,383600,439.9,2.055,38.88
2026-09-30T17:13:57.223,383700,440.1,2.056,38.91
2026-09-30T17:13:57.318,383800,440.1,2.056,38.91
2026-09-30T17:13:57.418,383900,440.0,2.056,38.90
2026-09-30T17:13:57.522,384000,440.0,2.056,38.90
2026-09-30T17:13:57.622,384100,440.1,2.056,38.91
2026-09-30T17:13:57.713,384200,440.0,2.056,38.90
2026-09-30T17:13:57.821,384300,439.9,2.056,38.89
2026-09-30T17:13:57.912,384400,440.1,2.056,38.91
2026-09-30T17:13:58.014,384500,439.7,2.055,38.87
2026-09-30T17:13:58.113,384600,440.0,2.056,38.90
2026-09-30T17:13:58.212,384700,440.1,2.056,38.91
2026-09-30T17:13:58.311,384800,439.7,2.055,38.87
2026-09-30T17:13:58.412,384900,439.8,2.055,38.88
2026-09-30T17:13:58.512,385000,440.1,2.056,38.91
2026-09-30T17:13:58.611,385100,440.0,2.056,38.90
2026-09-30T17:13:58.713,385200,439.9,2.055,38.88
2026-09-30T17:13:58.820,385300,439.9,2.055,38.88
2026-09-30T17:13:58.911,385400,439.9,2.055,38.88
2026-09-30T17:13:59.011,385500,439.7,2.054,38.86
2026-09-30T17:13:59.111,385600,439.9,2.055,38.88
2026-09-30T17:13:59.211,385700,439.9,2.056,38.89
2026-09-30T17:13:59.314,385800,439.8,2.055,38.88
2026-09-30T17:13:59.411,385900,440.1,2.056,38.91
2026-09-30T17:13:59.511,386000,439.9,2.056,38.89
2026-09-30T17:13:59.611,386100,439.8,2.055,38.88
2026-09-30T17:13:59.711,386200,439.9,2.055,38.88
2026-09-30T17:13:59.811,386300,439.8,2.055,38.88
2026-09-30T17:13:59.911,386400,439.9,2.055,38.88
2026-09-30T17:14:00.020,386500,439.9,2.055,38.88
2026-09-30T17:14:00.119,386600,439.7,2.055,38.87
2026-09-30T17:14:00.211,386700,439.8,2.055,38.88
2026-09-30T17:14:00.310,386800,439.8,2.055,38.88
2026-09-30T17:14:00.411,386900,439.8,2.055,38.88
2026-09-30T17:14:00.519,387000,439.9,2.056,38.89
2026-09-30T17:14:00.612,387100,439.9,2.056,38.89
2026-09-30T17:14:00.711,387200,439.9,2.055,38.88
2026-09-30T17:14:00.809,387300,439.7,2.055,38.87
2026-09-30T17:14:00.911,387400,439.9,2.056,38.89
2026-09-30T17:14:01.010,387500,439.5,2.054,38.84
2026-09-30T17:14:01.110,387600,439.9,2.056,38.89
2026-09-30T17:14:01.210,387700,439.6,2.054,38.85
2026-09-30T17:14:01.310,387800,439.6,2.054,38.85
2026-09-30T17:14:01.410,387900,439.7,2.054,38.86
2026-09-30T17:14:01.510,388000,439.4,2.053,38.83
2026-09-30T17:14:01.610,388100,439.7,2.054,38.86
2026-09-30T17:14:01.710,388200,439.6,2.054,38.85
2026-09-30T17:14:01.810,388300,439.8,2.055,38.88
2026-09-30T17:14:01.918,388400,439.9,2.055,38.88
2026-09-30T17:14:02.011,388500,439.8,2.055,38.88
2026-09-30T17:14:02.117,388600,439.9,2.055,38.88
2026-09-30T17:14:02.211,388700,439.7,2.055,38.87
2026-09-30T17:14:02.311,388800,439.5,2.054,38.84
2026-09-30T17:14:02.411,388900,439.7,2.055,38.87
2026-09-30T17:14:02.512,389000,439.8,2.055,38.88
2026-09-30T17:14:02.611,389100,439.6,2.054,38.85
2026-09-30T17:14:02.711,389200,439.6,2.054,38.85
2026-09-30T17:14:02.816,389300,439.6,2.054,38.85
2026-09-30T17:14:02.917,389400,439.8,2.055,38.88
2026-09-30T17:14:03.012,389500,439.6,2.054,38.85
2026-09-30T17:14:03.112,389600,439.7,2.054,38.86
2026-09-30T17:14:03.212,389700,439.5,2.054,38.84
2026-09-30T17:14:03.312,389800,439.7,2.055,38.87
2026-09-30T17:14:03.416,389900,439.6,2.054,38.85
2026-09-30T17:14:03.512,390000,439.8,2.055,38.88
2026-09-30T17:14:03.612,390100,439.7,2.055,38.87
2026-09-30T17:14:03.713,390200,439.6,2.054,38.85
2026-09-30T17:14:03.813,390300,439.6,2.054,38.85
2026-09-30T17:14:03.913,390400,439.5,2.054,38.84
2026-09-30T17:14:04.013,390500,439.5,2.054,38.84
2026-09-30T17:14:04.116,390600,439.7,2.054,38.86
2026-09-30T17:14:04.213,390700,439.7,2.054,38.86
2026-09-30T17:14:04.314,390800,439.6,2.054,38.85
2026-09-30T17:14:04.414,390900,439.5,2.054,38.84
2026-09-30T17:14:04.516,391000,439.5,2.054,38.84
2026-09-30T17:14:04.613,391100,439.6,2.054,38.85
2026-09-30T17:14:04.716,391200,439.6,2.054,38.85
2026-09-30T17:14:04.814,391300,439.6,2.054,38.85
2026-09-30T17:14:04.914,391400,439.7,2.055,38.87
2026-09-30T17:14:05.014,391500,439.6,2.054,38.85
2026-09-30T17:14:05.114,391600,439.4,2.053,38.83
2026-09-30T17:14:05.214,391700,439.4,2.053,38.82
2026-09-30T17:14:05.314,391800,439.7,2.054,38.86
2026-09-30T17:14:05.414,391900,439.6,2.054,38.85
2026-09-30T17:14:05.515,392000,439.4,2.053,38.82
2026-09-30T17:14:05.615,392100,439.4,2.053,38.83
2026-09-30T17:14:05.708,392200,439.4,2.053,38.83
2026-09-30T17:14:05.812,392300,439.4,2.053,38.82
2026-09-30T17:14:05.915,392400,439.4,2.053,38.82
2026-09-30T17:14:06.007,392500,439.5,2.054,38.84
2026-09-30T17:14:06.106,392600,439.6,2.054,38.85
2026-09-30T17:14:06.208,392700,439.5,2.054,38.84
2026-09-30T17:14:06.307,392800,439.4,2.053,38.83
2026-09-30T17:14:06.407,392900,439.5,2.054,38.84
2026-09-30T17:14:06.506,393000,439.4,2.053,38.83
2026-09-30T17:14:06.608,393100,439.3,2.053,38.82
2026-09-30T17:14:06.708,393200,439.4,2.053,38.83
2026-09-30T17:14:06.807,393300,439.5,2.054,38.84
2026-09-30T17:14:06.907,393400,439.4,2.053,38.83
2026-09-30T17:14:07.007,393500,439.4,2.053,38.83
2026-09-30T17:14:07.107,393600,439.3,2.053,38.82
2026-09-30T17:14:07.212,393700,439.2,2.052,38.81
2026-09-30T17:14:07.307,393800,439.4,2.053,38.82
2026-09-30T17:14:07.406,393900,439.3,2.053,38.82
2026-09-30T17:14:07.508,394000,439.5,2.054,38.84
2026-09-30T17:14:07.613,394100,439.3,2.053,38.82
2026-09-30T17:14:07.706,394200,439.4,2.053,38.82
2026-09-30T17:14:07.807,394300,439.7,2.055,38.87
2026-09-30T17:14:07.906,394400,439.4,2.053,38.82
2026-09-30T17:14:08.006,394500,439.6,2.054,38.85
2026-09-30T17:14:08.107,394600,439.2,2.052,38.81
2026-09-30T17:14:08.213,394700,439.5,2.054,38.84
2026-09-30T17:14:08.311,394800,439.4,2.053,38.82
2026-09-30T17:14:08.406,394900,439.4,2.053,38.82
2026-09-30T17:14:08.507,395000,439.3,2.053,38.82
2026-09-30T17:14:08.607,395100,439.4,2.053,38.83
2026-09-30T17:14:08.710,395200,439.4,2.053,38.83
2026-09-30T17:14:08.807,395300,439.4,2.053,38.82
2026-09-30T17:14:08.906,395400,439.4,2.053,38.82
2026-09-30T17:14:09.006,395500,439.2,2.052,38.81
2026-09-30T17:14:09.106,395600,439.2,2.052,38.80
2026-09-30T17:14:09.206,395700,439.2,2.052,38.81
2026-09-30T17:14:09.305,395800,439.4,2.053,38.82
2026-09-30T17:14:09.411,395900,439.6,2.054,38.85
2026-09-30T17:14:09.505,396000,439.4,2.053,38.82
2026-09-30T17:14:09.607,396100,439.2,2.052,38.80
2026-09-30T17:14:09.706,396200,439.4,2.053,38.83
2026-09-30T17:14:09.810,396300,439.2,2.052,38.81
2026-09-30T17:14:09.909,396400,439.1,2.052,38.79
2026-09-30T17:14:10.005,396500,439.4,2.053,38.82
2026-09-30T17:14:10.107,396600,439.4,2.053,38.82
2026-09-30T17:14:10.205,396700,439.2,2.052,38.81
2026-09-30T17:14:10.310,396800,439.2,2.052,38.80
2026-09-30T17:14:10.405,396900,439.3,2.053,38.82
2026-09-30T17:14:10.505,397000,439.2,2.052,38.81
2026-09-30T17:14:10.605,397100,439.1,2.052,38.80
2026-09-30T17:14:10.705,397200,439.2,2.052,38.80
2026-09-30T17:14:10.805,397300,439.4,2.053,38.83
2026-09-30T17:14:10.904,397400,439.2,2.052,38.81
2026-09-30T17:14:11.006,397500,439.1,2.052,38.80
2026-09-30T17:14:11.105,397600,439.2,2.052,38.81
2026-09-30T17:14:11.205,397700,439.3,2.053,38.82
2026-09-30T17:14:11.305,397800,439.2,2.052,38.81
2026-09-30T17:14:11.403,397900,439.1,2.052,38.80
2026-09-30T17:14:11.506,398000,439.2,2.052,38.81
2026-09-30T17:14:11.604,398100,439.2,2.052,38.81
2026-09-30T17:14:11.704,398200,439.2,2.052,38.80
2026-09-30T17:14:11.804,398300,439.2,2.052,38.81
2026-09-30T17:14:11.905,398400,439.2,2.052,38.81
2026-09-30T17:14:12.005,398500,439.4,2.053,38.82
2026-09-30T17:14:12.104,398600,439.2,2.052,38.80
2026-09-30T17:14:12.204,398700,439.2,2.052,38.81
2026-09-30T17:14:12.305,398800,439.1,2.052,38.79
2026-09-30T17:14:12.404,398900,439.2,2.052,38.80
2026-09-30T17:14:12.505,399000,439.2,2.052,38.81
2026-09-30T17:14:12.604,399100,439.2,2.052,38.81
2026-09-30T17:14:12.705,399200,439.1,2.052,38.79
2026-09-30T17:14:12.804,399300,439.2,2.052,38.80
2026-09-30T17:14:12.904,399400,439.1,2.052,38.79
2026-09-30T17:14:13.003,399500,439.2,2.052,38.80
2026-09-30T17:14:13.105,399600,439.1,2.052,38.79
2026-09-30T17:14:13.204,399700,439.1,2.052,38.80
2026-09-30T17:14:13.303,399800,439.1,2.052,38.80
2026-09-30T17:14:13.404,399900,439.1,2.052,38.80
2026-09-30T17:14:13.507,400000,439.1,2.052,38.80
2026-09-30T17:14:13.604,400100,439.0,2.051,38.78
2026-09-30T17:14:13.703,400200,439.2,2.052,38.81
2026-09-30T17:14:13.803,400300,439.1,2.052,38.79
2026-09-30T17:14:13.903,400400,438.9,2.051,38.77
2026-09-30T17:14:14.003,400500,438.9,2.051,38.77
2026-09-30T17:14:14.106,400600,439.0,2.051,38.78
2026-09-30T17:14:14.203,400700,439.1,2.052,38.79
2026-09-30T17:14:14.303,400800,439.0,2.051,38.78
2026-09-30T17:14:14.403,400900,439.0,2.051,38.78
2026-09-30T17:14:14.503,401000,439.1,2.052,38.79
2026-09-30T17:14:14.602,401100,439.2,2.052,38.81
2026-09-30T17:14:14.703,401200,438.9,2.051,38.77
2026-09-30T17:14:14.803,401300,439.1,2.052,38.80
2026-09-30T17:14:14.903,401400,439.2,2.052,38.80
2026-09-30T17:14:15.003,401500,438.9,2.051,38.77
2026-09-30T17:14:15.105,401600,439.2,2.052,38.80
2026-09-30T17:14:15.203,401700,439.2,2.052,38.80
2026-09-30T17:14:15.303,401800,439.3,2.053,38.82
2026-09-30T17:14:15.405,401900,438.9,2.051,38.77
2026-09-30T17:14:15.503,402000,438.9,2.051,38.77
2026-09-30T17:14:15.603,402100,438.8,2.050,38.76
2026-09-30T17:14:15.702,402200,438.7,2.050,38.75
2026-09-30T17:14:15.802,402300,439.1,2.052,38.80
2026-09-30T17:14:15.902,402400,438.9,2.051,38.77
2026-09-30T17:14:16.002,402500,438.8,2.050,38.76
2026-09-30T17:14:16.102,402600,438.8,2.050,38.76
2026-09-30T17:14:16.201,402700,438.9,2.051,38.77
2026-09-30T17:14:16.303,402800,438.9,2.051,38.77
2026-09-30T17:14:16.402,402900,438.9,2.051,38.77
2026-09-30T17:14:16.502,403000,438.9,2.051,38.77
2026-09-30T17:14:16.602,403100,439.1,2.052,38.79
2026-09-30T17:14:16.703,403200,438.6,2.049,38.73
2026-09-30T17:14:16.803,403300,438.9,2.051,38.77
2026-09-30T17:14:16.902,403400,438.7,2.050,38.75
2026-09-30T17:14:17.002,403500,439.0,2.051,38.78
2026-09-30T17:14:17.102,403600,438.9,2.051,38.77
2026-09-30T17:14:17.203,403700,438.9,2.051,38.77
2026-09-30T17:14:17.302,403800,438.9,2.051,38.77
2026-09-30T17:14:17.402,403900,439.0,2.051,38.78
2026-09-30T17:14:17.502,404000,439.1,2.052,38.79
2026-09-30T17:14:17.602,404100,438.7,2.050,38.75
2026-09-30T17:14:17.701,404200,438.9,2.051,38.77
2026-09-30T17:14:17.801,404300,438.9,2.051,38.77
2026-09-30T17:14:17.901,404400,438.6,2.049,38.74
2026-09-30T17:14:18.001,404500,438.7,2.050,38.75
2026-09-30T17:14:18.101,404600,438.8,2.050,38.76
2026-09-30T17:14:18.201,404700,438.6,2.049,38.74
2026-09-30T17:14:18.300,404800,438.9,2.051,38.77
2026-09-30T17:14:18.402,404900,438.9,2.051,38.77
2026-09-30T17:14:18.502,405000,439.0,2.051,38.78
2026-09-30T17:14:18.601,405100,438.6,2.049,38.74
2026-09-30T17:14:18.702,405200,438.7,2.050,38.75
2026-09-30T17:14:18.801,405300,438.8,2.050,38.76
2026-09-30T17:14:18.900,405400,438.9,2.051,38.77
2026-09-30T17:14:19.000,405500,438.9,2.051,38.77
2026-09-30T17:14:19.101,405600,438.9,2.051,38.77
2026-09-30T17:14:19.201,405700,438.7,2.050,38.74
2026-09-30T17:14:19.302,405800,438.9,2.051,38.77
2026-09-30T17:14:19.401,405900,438.9,2.051,38.77
2026-09-30T17:14:19.500,406000,438.7,2.050,38.75
2026-09-30T17:14:19.600,406100,438.7,2.050,38.75
2026-09-30T17:14:19.700,406200,438.7,2.050,38.74
2026-09-30T17:14:19.800,406300,438.7,2.050,38.74
2026-09-30T17:14:19.899,406400,438.8,2.050,38.76
2026-09-30T17:14:20.001,406500,438.6,2.049,38.74
2026-09-30T17:14:20.101,406600,438.7,2.050,38.74
2026-09-30T17:14:20.200,406700,438.7,2.050,38.74
2026-09-30T17:14:20.301,406800,438.7,2.050,38.75
2026-09-30T17:14:20.400,406900,438.6,2.049,38.74
2026-09-30T17:14:20.484,407000,438.5,2.049,38.72
2026-09-30T17:14:20.600,407100,438.6,2.049,38.73
2026-09-30T17:14:20.700,407200,438.6,2.049,38.73
2026-09-30T17:14:20.784,407300,438.7,2.050,38.74
2026-09-30T17:14:20.900,407400,438.6,2.049,38.74
2026-09-30T17:14:21.000,407500,438.6,2.049,38.73
2026-09-30T17:14:21.099,407600,438.7,2.050,38.75
2026-09-30T17:14:21.199,407700,438.5,2.049,38.72
2026-09-30T17:14:21.300,407800,438.6,2.049,38.74
2026-09-30T17:14:21.384,407900,438.5,2.049,38.72
2026-09-30T17:14:21.499,408000,438.4,2.049,38.72
2026-09-30T17:14:21.600,408100,438.7,2.050,38.75
2026-09-30T17:14:21.697,408200,438.5,2.049,38.72
2026-09-30T17:14:21.799,408300,438.6,2.049,38.74
2026-09-30T17:14:21.899,408400,438.7,2.050,38.74
2026-09-30T17:14:21.998,408500,438.5,2.049,38.72
2026-09-30T17:14:22.093,408600,438.6,2.049,38.73
2026-09-30T17:14:22.199,408700,438.6,2.049,38.74
2026-09-30T17:14:22.283,408800,438.6,2.049,38.73
2026-09-30T17:14:22.398,408900,438.6,2.049,38.73
2026-09-30T17:14:22.498,409000,438.6,2.049,38.73
2026-09-30T17:14:22.598,409100,438.6,2.049,38.74
2026-09-30T17:14:22.691,409200,438.6,2.049,38.73
2026-09-30T17:14:22.799,409300,438.5,2.049,38.72
2026-09-30T17:14:22.896,409400,438.5,2.049,38.72
2026-09-30T17:14:22.989,409500,438.7,2.050,38.75
2026-09-30T17:14:23.083,409600,438.4,2.049,38.72
2026-09-30T17:14:23.190,409700,438.7,2.050,38.75
2026-09-30T17:14:23.283,409800,438.6,2.049,38.74
2026-09-30T17:14:23.397,409900,438.4,2.048,38.71
2026-09-30T17:14:23.483,410000,438.5,2.049,38.72
2026-09-30T17:14:23.597,410100,438.5,2.049,38.72
2026-09-30T17:14:23.683,410200,438.5,2.049,38.72
2026-09-30T17:14:23.788,410300,438.5,2.049,38.72
2026-09-30T17:14:23.882,410400,438.4,2.049,38.72
2026-09-30T17:14:23.983,410500,438.4,2.049,38.72
2026-09-30T17:14:24.082,410600,438.5,2.049,38.72
2026-09-30T17:14:24.182,410700,438.6,2.049,38.73
2026-09-30T17:14:24.282,410800,438.6,2.049,38.73
2026-09-30T17:14:24.382,410900,438.4,2.048,38.71
2026-09-30T17:14:24.492,411000,438.5,2.049,38.72
2026-09-30T17:14:24.583,411100,438.1,2.047,38.67
2026-09-30T17:14:24.697,411200,438.4,2.049,38.72
2026-09-30T17:14:24.782,411300,438.3,2.048,38.70
2026-09-30T17:14:24.882,411400,438.3,2.048,38.70
2026-09-30T17:14:24.982,411500,438.4,2.049,38.72
2026-09-30T17:14:25.082,411600,438.7,2.050,38.75
2026-09-30T17:14:25.196,411700,438.2,2.048,38.69
2026-09-30T17:14:25.296,411800,438.4,2.049,38.72
2026-09-30T17:14:25.381,411900,438.6,2.049,38.73
2026-09-30T17:14:25.485,412000,438.5,2.049,38.72
2026-09-30T17:14:25.581,412100,438.7,2.050,38.74
2026-09-30T17:14:25.696,412200,438.6,2.049,38.73
2026-09-30T17:14:25.781,412300,438.4,2.048,38.71
2026-09-30T17:14:25.894,412400,438.6,2.049,38.73
2026-09-30T17:14:25.981,412500,438.7,2.050,38.74
2026-09-30T17:14:26.081,412600,438.4,2.049,38.72
2026-09-30T17:14:26.182,412700,438.4,2.048,38.71
2026-09-30T17:14:26.294,412800,438.0,2.047,38.66
2026-09-30T17:14:26.392,412900,438.3,2.048,38.70
2026-09-30T17:14:26.494,413000,438.4,2.048,38.71
2026-09-30T17:14:26.581,413100,438.3,2.048,38.70
2026-09-30T17:14:26.681,413200,438.3,2.048,38.70
2026-09-30T17:14:26.792,413300,438.4,2.049,38.72
2026-09-30T17:14:26.894,413400,438.3,2.048,38.70
2026-09-30T17:14:26.981,413500,438.2,2.048,38.69
2026-09-30T17:14:27.081,413600,438.4,2.048,38.71
2026-09-30T17:14:27.181,413700,438.2,2.048,38.69
2026-09-30T17:14:27.291,413800,438.5,2.049,38.72
2026-09-30T17:14:27.394,413900,438.3,2.048,38.70
2026-09-30T17:14:27.481,414000,438.1,2.047,38.68
2026-09-30T17:14:27.580,414100,438.3,2.048,38.70
2026-09-30T17:14:27.681,414200,438.5,2.049,38.72
2026-09-30T17:14:27.781,414300,438.3,2.048,38.70
2026-09-30T17:14:27.881,414400,438.4,2.049,38.72
2026-09-30T17:14:27.980,414500,438.1,2.047,38.67
2026-09-30T17:14:28.080,414600,438.1,2.047,38.68
2026-09-30T17:14:28.192,414700,438.4,2.048,38.71
2026-09-30T17:14:28.281,414800,438.4,2.048,38.71
2026-09-30T17:14:28.391,414900,438.2,2.048,38.69
2026-09-30T17:14:28.491,415000,438.5,2.049,38.72
2026-09-30T17:14:28.594,415100,438.2,2.048,38.69
2026-09-30T17:14:28.692,415200,438.2,2.048,38.69
2026-09-30T17:14:28.780,415300,438.3,2.048,38.70
2026-09-30T17:14:28.883,415400,438.2,2.047,38.69
2026-09-30T17:14:28.992,415500,438.4,2.049,38.72
2026-09-30T17:14:29.092,415600,438.2,2.047,38.69
2026-09-30T17:14:29.179,415700,438.2,2.047,38.69
2026-09-30T17:14:29.279,415800,438.2,2.048,38.69
2026-09-30T17:14:29.379,415900,438.2,2.048,38.69
2026-09-30T17:14:29.480,416000,438.2,2.047,38.69
2026-09-30T17:14:29.579,416100,438.2,2.047,38.69
2026-09-30T17:14:29.679,416200,438.0,2.047,38.66
2026-09-30T17:14:29.779,416300,438.2,2.047,38.69
2026-09-30T17:14:29.879,416400,438.3,2.048,38.70
2026-09-30T17:14:29.980,416500,438.2,2.047,38.69
2026-09-30T17:14:30.079,416600,438.2,2.048,38.69
2026-09-30T17:14:30.191,416700,438.4,2.049,38.72
2026-09-30T17:14:30.279,416800,438.2,2.048,38.69
2026-09-30T17:14:30.379,416900,438.1,2.047,38.67
2026-09-30T17:14:30.478,417000,438.1,2.047,38.68
2026-09-30T17:14:30.590,417100,438.4,2.048,38.71
2026-09-30T17:14:30.687,417200,438.2,2.048,38.69
2026-09-30T17:14:30.779,417300,438.2,2.047,38.69
2026-09-30T17:14:30.879,417400,438.2,2.048,38.69
2026-09-30T17:14:30.980,417500,438.2,2.048,38.69
2026-09-30T17:14:31.079,417600,438.1,2.047,38.67
2026-09-30T17:14:31.189,417700,438.3,2.048,38.70
2026-09-30T17:14:31.289,417800,438.0,2.047,38.66
2026-09-30T17:14:31.378,417900,438.3,2.048,38.70
2026-09-30T17:14:31.478,418000,438.2,2.047,38.69
2026-09-30T17:14:31.590,418100,438.2,2.047,38.69
2026-09-30T17:14:31.678,418200,438.1,2.047,38.67
2026-09-30T17:14:31.778,418300,438.0,2.047,38.66
2026-09-30T17:14:31.878,418400,438.1,2.047,38.67
2026-09-30T17:14:31.977,418500,438.0,2.047,38.66
2026-09-30T17:14:32.077,418600,438.2,2.047,38.69
2026-09-30T17:14:32.189,418700,438.2,2.047,38.69
2026-09-30T17:14:32.278,418800,438.0,2.047,38.66
2026-09-30T17:14:32.378,418900,437.8,2.046,38.64
2026-09-30T17:14:32.487,419000,437.9,2.046,38.66
2026-09-30T17:14:32.577,419100,438.1,2.047,38.67
2026-09-30T17:14:32.678,419200,437.9,2.046,38.66
2026-09-30T17:14:32.788,419300,438.0,2.047,38.66
2026-09-30T17:14:32.887,419400,437.9,2.046,38.66
2026-09-30T17:14:32.977,419500,438.1,2.047,38.68
2026-09-30T17:14:33.077,419600,437.9,2.046,38.66
2026-09-30T17:14:33.185,419700,437.8,2.046,38.64
2026-09-30T17:14:33.279,419800,437.8,2.046,38.64
2026-09-30T17:14:33.376,419900,438.1,2.047,38.67
2026-09-30T17:14:33.487,420000,438.0,2.047,38.66
2026-09-30T17:14:33.586,420100,438.1,2.047,38.67
2026-09-30T17:14:33.688,420200,437.9,2.046,38.66
2026-09-30T17:14:33.788,420300,437.9,2.046,38.65
2026-09-30T17:14:33.887,420400,438.0,2.047,38.66
2026-09-30T17:14:33.986,420500,438.1,2.047,38.68
2026-09-30T17:14:34.085,420600,438.1,2.047,38.67
2026-09-30T17:14:34.176,420700,437.8,2.046,38.64
2026-09-30T17:14:34.287,420800,438.0,2.047,38.66
2026-09-30T17:14:34.386,420900,438.1,2.047,38.68
2026-09-30T17:14:34.486,421000,437.9,2.046,38.65
2026-09-30T17:14:34.586,421100,437.9,2.046,38.65
2026-09-30T17:14:34.676,421200,437.9,2.046,38.66
2026-09-30T17:14:34.777,421300,437.9,2.046,38.65
2026-09-30T17:14:34.876,421400,438.0,2.047,38.66
2026-09-30T17:14:34.987,421500,437.9,2.046,38.65
2026-09-30T17:14:35.076,421600,437.8,2.046,38.64
2026-09-30T17:14:35.185,421700,437.9,2.046,38.65
2026-09-30T17:14:35.274,421800,437.9,2.046,38.66
2026-09-30T17:14:35.376,421900,437.8,2.046,38.64
2026-09-30T17:14:35.476,422000,438.0,2.047,38.66
2026-09-30T17:14:35.576,422100,438.0,2.047,38.66
2026-09-30T17:14:35.676,422200,438.0,2.047,38.66
2026-09-30T17:14:35.786,422300,437.9,2.046,38.66
2026-09-30T17:14:35.885,422400,437.9,2.046,38.66
2026-09-30T17:14:35.976,422500,438.1,2.047,38.67
2026-09-30T17:14:36.082,422600,438.0,2.047,38.66
2026-09-30T17:14:36.185,422700,437.8,2.046,38.64
2026-09-30T17:14:36.275,422800,438.0,2.047,38.66
2026-09-30T17:14:36.385,422900,437.8,2.046,38.64
2026-09-30T17:14:36.484,423000,437.7,2.045,38.64
2026-09-30T17:14:36.583,423100,437.8,2.046,38.64
2026-09-30T17:14:36.679,423200,437.8,2.046,38.64
2026-09-30T17:14:36.783,423300,437.9,2.046,38.66
2026-09-30T17:14:36.874,423400,437.7,2.045,38.64
2026-09-30T17:14:36.985,423500,437.8,2.046,38.64
2026-09-30T17:14:37.083,423600,437.9,2.046,38.66
2026-09-30T17:14:37.174,423700,437.9,2.046,38.65
2026-09-30T17:14:37.284,423800,437.9,2.046,38.65
2026-09-30T17:14:37.373,423900,438.0,2.047,38.66
2026-09-30T17:14:37.484,424000,437.9,2.046,38.66
2026-09-30T17:14:37.583,424100,437.8,2.046,38.64
2026-09-30T17:14:37.683,424200,437.6,2.045,38.62
2026-09-30T17:14:37.774,424300,437.9,2.046,38.65
2026-09-30T17:14:37.875,424400,437.7,2.045,38.64
2026-09-30T17:14:37.977,424500,437.9,2.046,38.65
2026-09-30T17:14:38.081,424600,437.7,2.045,38.63
2026-09-30T17:14:38.179,424700,438.1,2.047,38.67
2026-09-30T17:14:38.282,424800,437.7,2.045,38.64
2026-09-30T17:14:38.382,424900,437.8,2.046,38.64
2026-09-30T17:14:38.474,425000,437.7,2.045,38.64
2026-09-30T17:14:38.574,425100,437.9,2.046,38.65
2026-09-30T17:14:38.674,425200,437.7,2.045,38.63
2026-09-30T17:14:38.774,425300,437.8,2.046,38.64
2026-09-30T17:14:38.874,425400,437.8,2.046,38.64
2026-09-30T17:14:38.982,425500,437.8,2.046,38.64
2026-09-30T17:14:39.074,425600,437.8,2.046,38.64
2026-09-30T17:14:39.177,425700,437.9,2.046,38.65
2026-09-30T17:14:39.274,425800,437.9,2.046,38.66
2026-09-30T17:14:39.381,425900,437.7,2.045,38.64
2026-09-30T17:14:39.482,426000,437.6,2.045,38.62
2026-09-30T17:14:39.574,426100,437.7,2.045,38.63
2026-09-30T17:14:39.674,426200,437.9,2.046,38.65
2026-09-30T17:14:39.782,426300,437.9,2.046,38.65
2026-09-30T17:14:39.873,426400,437.7,2.045,38.63
2026-09-30T17:14:39.976,426500,437.9,2.046,38.65
2026-09-30T17:14:40.074,426600,437.7,2.045,38.63
2026-09-30T17:14:40.182,426700,437.7,2.045,38.63
2026-09-30T17:14:40.273,426800,437.6,2.045,38.61
2026-09-30T17:14:40.373,426900,437.9,2.046,38.65
2026-09-30T17:14:40.477,427000,437.6,2.045,38.62
2026-09-30T17:14:40.573,427100,437.7,2.045,38.63
2026-09-30T17:14:40.673,427200,437.9,2.046,38.66
2026-09-30T17:14:40.773,427300,437.7,2.045,38.64
2026-09-30T17:14:40.873,427400,437.7,2.045,38.64
2026-09-30T17:14:40.973,427500,437.6,2.045,38.61
2026-09-30T17:14:41.081,427600,437.7,2.045,38.64
2026-09-30T17:14:41.173,427700,437.9,2.046,38.65
2026-09-30T17:14:41.272,427800,437.6,2.045,38.62
2026-09-30T17:14:41.373,427900,437.6,2.045,38.61
2026-09-30T17:14:41.472,428000,437.7,2.045,38.63
2026-09-30T17:14:41.573,428100,437.9,2.046,38.65
2026-09-30T17:14:41.672,428200,437.8,2.046,38.64
2026-09-30T17:14:41.772,428300,437.4,2.044,38.60
2026-09-30T17:14:41.879,428400,437.4,2.044,38.60
2026-09-30T17:14:41.979,428500,437.5,2.044,38.61
2026-09-30T17:14:42.076,428600,437.6,2.045,38.61
2026-09-30T17:14:42.171,428700,437.7,2.045,38.64
2026-09-30T17:14:42.272,428800,437.6,2.045,38.62
2026-09-30T17:14:42.374,428900,437.6,2.045,38.61
2026-09-30T17:14:42.472,429000,437.4,2.044,38.59
2026-09-30T17:14:42.572,429100,437.4,2.044,38.60
2026-09-30T17:14:42.672,429200,437.8,2.046,38.64
2026-09-30T17:14:42.773,429300,437.7,2.045,38.63
2026-09-30T17:14:42.872,429400,437.6,2.045,38.62
2026-09-30T17:14:42.971,429500,437.6,2.045,38.61
2026-09-30T17:14:43.079,429600,437.7,2.045,38.63
2026-09-30T17:14:43.178,429700,437.5,2.044,38.61
2026-09-30T17:14:43.271,429800,437.6,2.045,38.62
2026-09-30T17:14:43.377,429900,437.6,2.045,38.61
2026-09-30T17:14:43.471,430000,437.4,2.044,38.60
2026-09-30T17:14:43.571,430100,437.4,2.044,38.60
2026-09-30T17:14:43.676,430200,437.2,2.043,38.58
2026-09-30T17:14:43.771,430300,437.4,2.044,38.59
2026-09-30T17:14:43.871,430400,437.4,2.044,38.59
2026-09-30T17:14:43.973,430500,437.4,2.044,38.60
2026-09-30T17:14:44.071,430600,437.5,2.044,38.61
2026-09-30T17:14:44.172,430700,437.3,2.043,38.58
2026-09-30T17:14:44.270,430800,437.7,2.045,38.63
2026-09-30T17:14:44.371,430900,437.4,2.044,38.60
2026-09-30T17:14:44.471,431000,437.5,2.044,38.61
2026-09-30T17:14:44.571,431100,437.5,2.044,38.61
2026-09-30T17:14:44.676,431200,437.6,2.045,38.61
2026-09-30T17:14:44.777,431300,437.4,2.044,38.60
2026-09-30T17:14:44.878,431400,437.4,2.044,38.59
2026-09-30T17:14:44.971,431500,437.5,2.044,38.61
2026-09-30T17:14:45.071,431600,437.6,2.045,38.62
2026-09-30T17:14:45.177,431700,437.1,2.042,38.56
2026-09-30T17:14:45.271,431800,437.2,2.043,38.57
2026-09-30T17:14:45.371,431900,437.4,2.044,38.59
2026-09-30T17:14:45.475,432000,437.6,2.045,38.61
2026-09-30T17:14:45.577,432100,437.6,2.045,38.61
2026-09-30T17:14:45.677,432200,437.4,2.044,38.60
2026-09-30T17:14:45.770,432300,437.3,2.043,38.58
2026-09-30T17:14:45.869,432400,437.6,2.045,38.62
2026-09-30T17:14:45.969,432500,437.3,2.043,38.58
2026-09-30T17:14:46.070,432600,437.4,2.044,38.59
2026-09-30T17:14:46.171,432700,437.3,2.043,38.58
2026-09-30T17:14:46.270,432800,437.2,2.043,38.58
2026-09-30T17:14:46.376,432900,437.1,2.042,38.55
2026-09-30T17:14:46.470,433000,437.4,2.044,38.60
2026-09-30T17:14:46.570,433100,437.3,2.043,38.58
2026-09-30T17:14:46.674,433200,437.1,2.042,38.56
2026-09-30T17:14:46.775,433300,437.2,2.043,38.58
2026-09-30T17:14:46.870,433400,437.4,2.044,38.59
2026-09-30T17:14:46.975,433500,437.4,2.044,38.60
2026-09-30T17:14:47.069,433600,437.1,2.042,38.55
2026-09-30T17:14:47.170,433700,437.2,2.043,38.58
2026-09-30T17:14:47.273,433800,437.4,2.044,38.59
2026-09-30T17:14:47.370,433900,437.5,2.044,38.61
2026-09-30T17:14:47.468,434000,437.4,2.044,38.60
2026-09-30T17:14:47.570,434100,437.2,2.043,38.57
2026-09-30T17:14:47.669,434200,437.4,2.044,38.59
2026-09-30T17:14:47.769,434300,437.2,2.043,38.57
2026-09-30T17:14:47.869,434400,437.2,2.043,38.57
2026-09-30T17:14:47.968,434500,437.4,2.044,38.59
2026-09-30T17:14:48.075,434600,437.3,2.043,38.58
2026-09-30T17:14:48.169,434700,437.2,2.043,38.57
2026-09-30T17:14:48.269,434800,437.5,2.044,38.61
2026-09-30T17:14:48.369,434900,437.6,2.045,38.61
2026-09-30T17:14:48.470,435000,437.1,2.042,38.55
2026-09-30T17:14:48.569,435100,437.4,2.044,38.60
2026-09-30T17:14:48.669,435200,437.2,2.043,38.58
2026-09-30T17:14:48.768,435300,437.3,2.043,38.58
2026-09-30T17:14:48.868,435400,437.1,2.042,38.56
2026-09-30T17:14:48.969,435500,437.4,2.044,38.60
2026-09-30T17:14:49.069,435600,437.2,2.043,38.57
2026-09-30T17:14:49.168,435700,437.2,2.043,38.57
2026-09-30T17:14:49.269,435800,437.4,2.044,38.60
2026-09-30T17:14:49.368,435900,437.2,2.043,38.57
2026-09-30T17:14:49.469,436000,437.2,2.043,38.57
2026-09-30T17:14:49.572,436100,437.5,2.044,38.61
2026-09-30T17:14:49.668,436200,437.1,2.042,38.56
2026-09-30T17:14:49.768,436300,437.1,2.042,38.56
2026-09-30T17:14:49.868,436400,437.2,2.043,38.57
2026-09-30T17:14:49.968,436500,437.0,2.042,38.55
2026-09-30T17:14:50.073,436600,437.1,2.042,38.56
2026-09-30T17:14:50.167,436700,437.2,2.043,38.57
